solid JSCAD
facet normal 1 0 0
outer loop
vertex 28.00013000000001 -0.03403000000000001 0.8798600000000003
vertex 28.00013000000001 -18.999810000000007 10.999890000000004
vertex 28.00013000000001 -18.999810000000007 0
endloop
endfacet
facet normal 0.9999999999999999 0 0
outer loop
vertex 28.00013000000001 -0.03403000000000001 0.8798600000000003
vertex 28.00013000000001 -18.999810000000007 0
vertex 28.00013000000001 -2.999970000000001 0
endloop
endfacet
facet normal 1 0 0
outer loop
vertex 28.00013000000001 -0.03403000000000001 0.8798600000000003
vertex 28.00013000000001 -2.999970000000001 0
vertex 28.00013000000001 -2.939700000000001 0
endloop
endfacet
facet normal 1 0 0
outer loop
vertex 28.00013000000001 -0.03403000000000001 0.8798600000000003
vertex 28.00013000000001 -2.939700000000001 0
vertex 28.00013000000001 -2.774880000000001 0
endloop
endfacet
facet normal 1 0 0
outer loop
vertex 28.00013000000001 -0.03403000000000001 0.8798600000000003
vertex 28.00013000000001 -2.774880000000001 0
vertex 28.00013000000001 -2.550200000000001 0
endloop
endfacet
facet normal 0.9999999999999999 0 0
outer loop
vertex 28.00013000000001 -0.03403000000000001 0.8798600000000003
vertex 28.00013000000001 -2.550200000000001 0
vertex 28.00013000000001 -2.325110000000001 0
endloop
endfacet
facet normal 1 0 0
outer loop
vertex 28.00013000000001 -0.03403000000000001 0.8798600000000003
vertex 28.00013000000001 -2.325110000000001 0
vertex 28.00013000000001 -2.1602900000000007 0
endloop
endfacet
facet normal 1 0 0
outer loop
vertex 28.00013000000001 -0.03403000000000001 0.8798600000000003
vertex 28.00013000000001 -2.1602900000000007 0
vertex 28.00013000000001 -2.1000200000000007 0
endloop
endfacet
facet normal 1 0 0
outer loop
vertex 28.00013000000001 -0.03403000000000001 0.8798600000000003
vertex 28.00013000000001 -2.1000200000000007 0
vertex 28.00013000000001 -0.5715400000000002 0
endloop
endfacet
facet normal 1 0 0
outer loop
vertex 28.00013000000001 -0.03403000000000001 0.8798600000000003
vertex 28.00013000000001 -0.5715400000000002 0
vertex 28.00013000000001 -0.5112700000000002 0
endloop
endfacet
facet normal 1 0 0
outer loop
vertex 28.00013000000001 -0.03403000000000001 0.8798600000000003
vertex 28.00013000000001 -0.5112700000000002 0
vertex 28.00013000000001 -0.34645000000000015 0
endloop
endfacet
facet normal 1 0 0
outer loop
vertex 28.00013000000001 -0.03403000000000001 0.8798600000000003
vertex 28.00013000000001 -0.34645000000000015 0
vertex 28.00013000000001 -0.12136000000000005 0
endloop
endfacet
facet normal 1 0 0
outer loop
vertex 28.00013000000001 -0.03403000000000001 0.8798600000000003
vertex 28.00013000000001 -0.12136000000000005 0
vertex 28.00013000000001 0.10373000000000004 0
endloop
endfacet
facet normal 1 0 0
outer loop
vertex 28.00013000000001 -0.03403000000000001 0.8798600000000003
vertex 28.00013000000001 0.10373000000000004 0
vertex 28.00013000000001 0.2681400000000001 0
endloop
endfacet
facet normal 1 0 0
outer loop
vertex 28.00013000000001 -0.03403000000000001 0.8798600000000003
vertex 28.00013000000001 0.2681400000000001 0
vertex 28.00013000000001 0.32841000000000015 0
endloop
endfacet
facet normal 1 0 0
outer loop
vertex 28.00013000000001 -0.03403000000000001 0.8798600000000003
vertex 28.00013000000001 0.32841000000000015 0
vertex 28.00013000000001 2.1000200000000007 0
endloop
endfacet
facet normal 1 0 0
outer loop
vertex 28.00013000000001 -0.03403000000000001 0.8798600000000003
vertex 28.00013000000001 2.1000200000000007 0
vertex 28.00013000000001 2.1602900000000007 0
endloop
endfacet
facet normal 1 0 0
outer loop
vertex 28.00013000000001 -0.03403000000000001 0.8798600000000003
vertex 28.00013000000001 2.1602900000000007 0
vertex 28.00013000000001 2.325110000000001 0
endloop
endfacet
facet normal 0.9999999999999999 0 0
outer loop
vertex 28.00013000000001 -0.03403000000000001 0.8798600000000003
vertex 28.00013000000001 2.325110000000001 0
vertex 28.00013000000001 2.550200000000001 0
endloop
endfacet
facet normal 1 0 0
outer loop
vertex 28.00013000000001 -0.03403000000000001 0.8798600000000003
vertex 28.00013000000001 2.550200000000001 0
vertex 28.00013000000001 2.774880000000001 0
endloop
endfacet
facet normal 1 0 0
outer loop
vertex 28.00013000000001 -0.03403000000000001 0.8798600000000003
vertex 28.00013000000001 2.774880000000001 0
vertex 28.00013000000001 2.939700000000001 0
endloop
endfacet
facet normal 1 0 0
outer loop
vertex 28.00013000000001 -0.03403000000000001 0.8798600000000003
vertex 28.00013000000001 2.939700000000001 0
vertex 28.00013000000001 2.999970000000001 0
endloop
endfacet
facet normal 1 0 0
outer loop
vertex 28.00013000000001 -0.03403000000000001 0.8798600000000003
vertex 28.00013000000001 2.999970000000001 0
vertex 28.00013000000001 18.999810000000007 0
endloop
endfacet
facet normal 0.9999999999999999 0 0
outer loop
vertex 28.00013000000001 -0.03403000000000001 0.8798600000000003
vertex 28.00013000000001 18.999810000000007 0
vertex 28.00013000000001 18.999810000000007 10.999890000000004
endloop
endfacet
facet normal 1 0 0
outer loop
vertex 28.00013000000001 -0.03403000000000001 0.8798600000000003
vertex 28.00013000000001 18.999810000000007 10.999890000000004
vertex 28.00013000000001 -18.999810000000007 10.999890000000004
endloop
endfacet
facet normal 0.9978554580979352 0.06545597561842581 0
outer loop
vertex 28.00013000000001 18.999810000000007 10.999890000000004
vertex 28.00013000000001 18.999810000000007 0
vertex 27.92305000000001 20.17487000000001 0
endloop
endfacet
facet normal 0.9978554580979352 0.06545597561842581 0
outer loop
vertex 28.00013000000001 18.999810000000007 10.999890000000004
vertex 27.92305000000001 20.17487000000001 0
vertex 27.92305000000001 20.17487000000001 10.999890000000004
endloop
endfacet
facet normal 0.9807944245237732 0.1950443457859788 0
outer loop
vertex 27.92305000000001 20.17487000000001 10.999890000000004
vertex 27.92305000000001 20.17487000000001 0
vertex 27.69345000000001 21.32943000000001 0
endloop
endfacet
facet normal 0.9807944245237732 0.1950443457859788 0
outer loop
vertex 27.92305000000001 20.17487000000001 10.999890000000004
vertex 27.69345000000001 21.32943000000001 0
vertex 27.69345000000001 21.32943000000001 10.999890000000004
endloop
endfacet
facet normal 0.9469275991200852 0.32144691945120807 0
outer loop
vertex 27.69345000000001 21.32943000000001 10.999890000000004
vertex 27.69345000000001 21.32943000000001 0
vertex 27.31502000000001 22.44422000000001 0
endloop
endfacet
facet normal 0.9469275991200852 0.32144691945120807 0
outer loop
vertex 27.69345000000001 21.32943000000001 10.999890000000004
vertex 27.31502000000001 22.44422000000001 0
vertex 27.31502000000001 22.44422000000001 10.999890000000004
endloop
endfacet
facet normal 0.8968519436996875 0.44233086155285695 0
outer loop
vertex 27.31502000000001 22.44422000000001 10.999890000000004
vertex 27.31502000000001 22.44422000000001 0
vertex 26.79432000000001 23.49997000000001 0
endloop
endfacet
facet normal 0.8968519436996875 0.44233086155285695 0
outer loop
vertex 27.31502000000001 22.44422000000001 10.999890000000004
vertex 26.79432000000001 23.49997000000001 0
vertex 26.79432000000001 23.49997000000001 10.999890000000004
endloop
endfacet
facet normal 0.831567818534352 0.5554232288786801 0
outer loop
vertex 26.79432000000001 23.49997000000001 10.999890000000004
vertex 26.79432000000001 23.49997000000001 0
vertex 26.14037000000001 24.479050000000008 0
endloop
endfacet
facet normal 0.831567818534352 0.5554232288786801 0
outer loop
vertex 26.79432000000001 23.49997000000001 10.999890000000004
vertex 26.14037000000001 24.479050000000008 0
vertex 26.14037000000001 24.479050000000008 10.999890000000004
endloop
endfacet
facet normal 0.7515834025086441 0.6596380743055462 0
outer loop
vertex 26.14037000000001 24.479050000000008 10.999890000000004
vertex 26.14037000000001 24.479050000000008 0
vertex 25.36383000000001 25.36383000000001 0
endloop
endfacet
facet normal 0.7515834025086441 0.6596380743055462 0
outer loop
vertex 26.14037000000001 24.479050000000008 10.999890000000004
vertex 25.36383000000001 25.36383000000001 0
vertex 25.36383000000001 25.36383000000001 10.999890000000004
endloop
endfacet
facet normal 0.6596380743055462 0.7515834025086441 0
outer loop
vertex 25.36383000000001 25.36383000000001 10.999890000000004
vertex 25.36383000000001 25.36383000000001 0
vertex 24.479050000000008 26.14037000000001 0
endloop
endfacet
facet normal 0.6596380743055462 0.7515834025086441 0
outer loop
vertex 25.36383000000001 25.36383000000001 10.999890000000004
vertex 24.479050000000008 26.14037000000001 0
vertex 24.479050000000008 26.14037000000001 10.999890000000004
endloop
endfacet
facet normal 0.5554232288786801 0.831567818534352 0
outer loop
vertex 24.479050000000008 26.14037000000001 10.999890000000004
vertex 24.479050000000008 26.14037000000001 0
vertex 23.49997000000001 26.79432000000001 0
endloop
endfacet
facet normal 0.5554232288786801 0.831567818534352 0
outer loop
vertex 24.479050000000008 26.14037000000001 10.999890000000004
vertex 23.49997000000001 26.79432000000001 0
vertex 23.49997000000001 26.79432000000001 10.999890000000004
endloop
endfacet
facet normal 0.44233086155285695 0.8968519436996875 0
outer loop
vertex 23.49997000000001 26.79432000000001 10.999890000000004
vertex 23.49997000000001 26.79432000000001 0
vertex 22.44422000000001 27.31502000000001 0
endloop
endfacet
facet normal 0.44233086155285695 0.8968519436996875 0
outer loop
vertex 23.49997000000001 26.79432000000001 10.999890000000004
vertex 22.44422000000001 27.31502000000001 0
vertex 22.44422000000001 27.31502000000001 10.999890000000004
endloop
endfacet
facet normal 0.32144691945120807 0.9469275991200852 0
outer loop
vertex 22.44422000000001 27.31502000000001 10.999890000000004
vertex 22.44422000000001 27.31502000000001 0
vertex 21.32943000000001 27.69345000000001 0
endloop
endfacet
facet normal 0.32144691945120807 0.9469275991200852 0
outer loop
vertex 22.44422000000001 27.31502000000001 10.999890000000004
vertex 21.32943000000001 27.69345000000001 0
vertex 21.32943000000001 27.69345000000001 10.999890000000004
endloop
endfacet
facet normal 0.1950443457859788 0.9807944245237732 0
outer loop
vertex 21.32943000000001 27.69345000000001 10.999890000000004
vertex 21.32943000000001 27.69345000000001 0
vertex 20.17487000000001 27.92305000000001 0
endloop
endfacet
facet normal 0.1950443457859788 0.9807944245237732 0
outer loop
vertex 21.32943000000001 27.69345000000001 10.999890000000004
vertex 20.17487000000001 27.92305000000001 0
vertex 20.17487000000001 27.92305000000001 10.999890000000004
endloop
endfacet
facet normal 0.06545597561842581 0.9978554580979352 0
outer loop
vertex 20.17487000000001 27.92305000000001 10.999890000000004
vertex 20.17487000000001 27.92305000000001 0
vertex 18.999810000000007 28.00013000000001 0
endloop
endfacet
facet normal 0.06545597561842581 0.9978554580979352 0
outer loop
vertex 20.17487000000001 27.92305000000001 10.999890000000004
vertex 18.999810000000007 28.00013000000001 0
vertex 18.999810000000007 28.00013000000001 10.999890000000004
endloop
endfacet
facet normal 0 1 0
outer loop
vertex 18.999810000000007 28.00013000000001 10.999890000000004
vertex 18.999810000000007 28.00013000000001 0
vertex -18.999810000000007 28.00013000000001 0
endloop
endfacet
facet normal 0 1 0
outer loop
vertex 18.999810000000007 28.00013000000001 10.999890000000004
vertex -18.999810000000007 28.00013000000001 0
vertex -18.999810000000007 28.00013000000001 10.999890000000004
endloop
endfacet
facet normal -0.06545597561842581 0.9978554580979352 0
outer loop
vertex -18.999810000000007 28.00013000000001 10.999890000000004
vertex -18.999810000000007 28.00013000000001 0
vertex -20.17487000000001 27.92305000000001 0
endloop
endfacet
facet normal -0.06545597561842581 0.9978554580979352 0
outer loop
vertex -18.999810000000007 28.00013000000001 10.999890000000004
vertex -20.17487000000001 27.92305000000001 0
vertex -20.17487000000001 27.92305000000001 10.999890000000004
endloop
endfacet
facet normal -0.1950443457859788 0.9807944245237732 0
outer loop
vertex -20.17487000000001 27.92305000000001 10.999890000000004
vertex -20.17487000000001 27.92305000000001 0
vertex -21.32943000000001 27.69345000000001 0
endloop
endfacet
facet normal -0.1950443457859788 0.9807944245237732 0
outer loop
vertex -20.17487000000001 27.92305000000001 10.999890000000004
vertex -21.32943000000001 27.69345000000001 0
vertex -21.32943000000001 27.69345000000001 10.999890000000004
endloop
endfacet
facet normal -0.32144691945120807 0.9469275991200852 0
outer loop
vertex -21.32943000000001 27.69345000000001 10.999890000000004
vertex -21.32943000000001 27.69345000000001 0
vertex -22.44422000000001 27.31502000000001 0
endloop
endfacet
facet normal -0.32144691945120807 0.9469275991200852 0
outer loop
vertex -21.32943000000001 27.69345000000001 10.999890000000004
vertex -22.44422000000001 27.31502000000001 0
vertex -22.44422000000001 27.31502000000001 10.999890000000004
endloop
endfacet
facet normal -0.44233086155285695 0.8968519436996875 0
outer loop
vertex -22.44422000000001 27.31502000000001 10.999890000000004
vertex -22.44422000000001 27.31502000000001 0
vertex -23.49997000000001 26.79432000000001 0
endloop
endfacet
facet normal -0.44233086155285695 0.8968519436996875 0
outer loop
vertex -22.44422000000001 27.31502000000001 10.999890000000004
vertex -23.49997000000001 26.79432000000001 0
vertex -23.49997000000001 26.79432000000001 10.999890000000004
endloop
endfacet
facet normal -0.5554232288786801 0.831567818534352 0
outer loop
vertex -23.49997000000001 26.79432000000001 10.999890000000004
vertex -23.49997000000001 26.79432000000001 0
vertex -24.479050000000008 26.14037000000001 0
endloop
endfacet
facet normal -0.5554232288786801 0.831567818534352 0
outer loop
vertex -23.49997000000001 26.79432000000001 10.999890000000004
vertex -24.479050000000008 26.14037000000001 0
vertex -24.479050000000008 26.14037000000001 10.999890000000004
endloop
endfacet
facet normal -0.6596380743055462 0.7515834025086441 0
outer loop
vertex -24.479050000000008 26.14037000000001 10.999890000000004
vertex -24.479050000000008 26.14037000000001 0
vertex -25.36383000000001 25.36383000000001 0
endloop
endfacet
facet normal -0.6596380743055462 0.7515834025086441 0
outer loop
vertex -24.479050000000008 26.14037000000001 10.999890000000004
vertex -25.36383000000001 25.36383000000001 0
vertex -25.36383000000001 25.36383000000001 10.999890000000004
endloop
endfacet
facet normal -0.7515834025086441 0.6596380743055462 0
outer loop
vertex -25.36383000000001 25.36383000000001 10.999890000000004
vertex -25.36383000000001 25.36383000000001 0
vertex -26.14037000000001 24.479050000000008 0
endloop
endfacet
facet normal -0.7515834025086441 0.6596380743055462 0
outer loop
vertex -25.36383000000001 25.36383000000001 10.999890000000004
vertex -26.14037000000001 24.479050000000008 0
vertex -26.14037000000001 24.479050000000008 10.999890000000004
endloop
endfacet
facet normal -0.831567818534352 0.5554232288786801 0
outer loop
vertex -26.14037000000001 24.479050000000008 10.999890000000004
vertex -26.14037000000001 24.479050000000008 0
vertex -26.79432000000001 23.49997000000001 0
endloop
endfacet
facet normal -0.831567818534352 0.5554232288786801 0
outer loop
vertex -26.14037000000001 24.479050000000008 10.999890000000004
vertex -26.79432000000001 23.49997000000001 0
vertex -26.79432000000001 23.49997000000001 10.999890000000004
endloop
endfacet
facet normal -0.8968519436996875 0.44233086155285695 0
outer loop
vertex -26.79432000000001 23.49997000000001 10.999890000000004
vertex -26.79432000000001 23.49997000000001 0
vertex -27.31502000000001 22.44422000000001 0
endloop
endfacet
facet normal -0.8968519436996875 0.44233086155285695 0
outer loop
vertex -26.79432000000001 23.49997000000001 10.999890000000004
vertex -27.31502000000001 22.44422000000001 0
vertex -27.31502000000001 22.44422000000001 10.999890000000004
endloop
endfacet
facet normal -0.9469275991200852 0.32144691945120807 0
outer loop
vertex -27.31502000000001 22.44422000000001 10.999890000000004
vertex -27.31502000000001 22.44422000000001 0
vertex -27.69345000000001 21.32943000000001 0
endloop
endfacet
facet normal -0.9469275991200852 0.32144691945120807 0
outer loop
vertex -27.31502000000001 22.44422000000001 10.999890000000004
vertex -27.69345000000001 21.32943000000001 0
vertex -27.69345000000001 21.32943000000001 10.999890000000004
endloop
endfacet
facet normal -0.9807944245237732 0.1950443457859788 0
outer loop
vertex -27.69345000000001 21.32943000000001 10.999890000000004
vertex -27.69345000000001 21.32943000000001 0
vertex -27.92305000000001 20.17487000000001 0
endloop
endfacet
facet normal -0.9807944245237732 0.1950443457859788 0
outer loop
vertex -27.69345000000001 21.32943000000001 10.999890000000004
vertex -27.92305000000001 20.17487000000001 0
vertex -27.92305000000001 20.17487000000001 10.999890000000004
endloop
endfacet
facet normal -0.9978554580979352 0.06545597561842581 0
outer loop
vertex -27.92305000000001 20.17487000000001 10.999890000000004
vertex -27.92305000000001 20.17487000000001 0
vertex -28.00013000000001 18.999810000000007 0
endloop
endfacet
facet normal -0.9978554580979352 0.06545597561842581 0
outer loop
vertex -27.92305000000001 20.17487000000001 10.999890000000004
vertex -28.00013000000001 18.999810000000007 0
vertex -28.00013000000001 18.999810000000007 10.999890000000004
endloop
endfacet
facet normal -1 0 0
outer loop
vertex -28.00013000000001 -0.43911000000000017 1.4665700000000006
vertex -28.00013000000001 18.999810000000007 10.999890000000004
vertex -28.00013000000001 18.999810000000007 0
endloop
endfacet
facet normal -1 0 0
outer loop
vertex -28.00013000000001 -0.43911000000000017 1.4665700000000006
vertex -28.00013000000001 18.999810000000007 0
vertex -28.00013000000001 2.999970000000001 0
endloop
endfacet
facet normal -1 0 0
outer loop
vertex -28.00013000000001 -0.43911000000000017 1.4665700000000006
vertex -28.00013000000001 2.999970000000001 0
vertex -28.00013000000001 2.939700000000001 0
endloop
endfacet
facet normal -1 0 0
outer loop
vertex -28.00013000000001 -0.43911000000000017 1.4665700000000006
vertex -28.00013000000001 2.939700000000001 0
vertex -28.00013000000001 2.774880000000001 0
endloop
endfacet
facet normal -1 0 0
outer loop
vertex -28.00013000000001 -0.43911000000000017 1.4665700000000006
vertex -28.00013000000001 2.774880000000001 0
vertex -28.00013000000001 2.550200000000001 0
endloop
endfacet
facet normal -1 0 0
outer loop
vertex -28.00013000000001 -0.43911000000000017 1.4665700000000006
vertex -28.00013000000001 2.550200000000001 0
vertex -28.00013000000001 -2.1000200000000007 0
endloop
endfacet
facet normal -1 0 0
outer loop
vertex -28.00013000000001 -0.43911000000000017 1.4665700000000006
vertex -28.00013000000001 -2.1000200000000007 0
vertex -28.00013000000001 -2.1602900000000007 0
endloop
endfacet
facet normal -0.9999999999999999 0 0
outer loop
vertex -28.00013000000001 -0.43911000000000017 1.4665700000000006
vertex -28.00013000000001 -2.1602900000000007 0
vertex -28.00013000000001 -2.325110000000001 0
endloop
endfacet
facet normal -1 0 0
outer loop
vertex -28.00013000000001 -0.43911000000000017 1.4665700000000006
vertex -28.00013000000001 -2.325110000000001 0
vertex -28.00013000000001 -2.550200000000001 0
endloop
endfacet
facet normal -1 0 0
outer loop
vertex -28.00013000000001 -0.43911000000000017 1.4665700000000006
vertex -28.00013000000001 -2.550200000000001 0
vertex -28.00013000000001 -2.774880000000001 0
endloop
endfacet
facet normal -0.9999999999999999 0 0
outer loop
vertex -28.00013000000001 -0.43911000000000017 1.4665700000000006
vertex -28.00013000000001 -2.774880000000001 0
vertex -28.00013000000001 -2.939700000000001 0
endloop
endfacet
facet normal -1 0 0
outer loop
vertex -28.00013000000001 -0.43911000000000017 1.4665700000000006
vertex -28.00013000000001 -2.939700000000001 0
vertex -28.00013000000001 -2.999970000000001 0
endloop
endfacet
facet normal -0.9999999999999999 0 0
outer loop
vertex -28.00013000000001 -0.43911000000000017 1.4665700000000006
vertex -28.00013000000001 -2.999970000000001 0
vertex -28.00013000000001 -18.999810000000007 0
endloop
endfacet
facet normal -1 0 0
outer loop
vertex -28.00013000000001 -0.43911000000000017 1.4665700000000006
vertex -28.00013000000001 -18.999810000000007 0
vertex -28.00013000000001 -18.999810000000007 10.999890000000004
endloop
endfacet
facet normal -0.9999999999999999 0 0
outer loop
vertex -28.00013000000001 -0.43911000000000017 1.4665700000000006
vertex -28.00013000000001 -18.999810000000007 10.999890000000004
vertex -28.00013000000001 18.999810000000007 10.999890000000004
endloop
endfacet
facet normal -0.9978554580979352 -0.06545597561842581 0
outer loop
vertex -28.00013000000001 -18.999810000000007 10.999890000000004
vertex -28.00013000000001 -18.999810000000007 0
vertex -27.92305000000001 -20.17487000000001 0
endloop
endfacet
facet normal -0.9978554580979352 -0.06545597561842581 0
outer loop
vertex -28.00013000000001 -18.999810000000007 10.999890000000004
vertex -27.92305000000001 -20.17487000000001 0
vertex -27.92305000000001 -20.17487000000001 10.999890000000004
endloop
endfacet
facet normal -0.9807944245237732 -0.1950443457859788 0
outer loop
vertex -27.92305000000001 -20.17487000000001 10.999890000000004
vertex -27.92305000000001 -20.17487000000001 0
vertex -27.69345000000001 -21.32943000000001 0
endloop
endfacet
facet normal -0.9807944245237732 -0.1950443457859788 0
outer loop
vertex -27.92305000000001 -20.17487000000001 10.999890000000004
vertex -27.69345000000001 -21.32943000000001 0
vertex -27.69345000000001 -21.32943000000001 10.999890000000004
endloop
endfacet
facet normal -0.9469275991200852 -0.32144691945120807 0
outer loop
vertex -27.69345000000001 -21.32943000000001 10.999890000000004
vertex -27.69345000000001 -21.32943000000001 0
vertex -27.31502000000001 -22.44422000000001 0
endloop
endfacet
facet normal -0.9469275991200852 -0.32144691945120807 0
outer loop
vertex -27.69345000000001 -21.32943000000001 10.999890000000004
vertex -27.31502000000001 -22.44422000000001 0
vertex -27.31502000000001 -22.44422000000001 10.999890000000004
endloop
endfacet
facet normal -0.8968519436996875 -0.44233086155285695 0
outer loop
vertex -27.31502000000001 -22.44422000000001 10.999890000000004
vertex -27.31502000000001 -22.44422000000001 0
vertex -26.79432000000001 -23.49997000000001 0
endloop
endfacet
facet normal -0.8968519436996875 -0.44233086155285695 0
outer loop
vertex -27.31502000000001 -22.44422000000001 10.999890000000004
vertex -26.79432000000001 -23.49997000000001 0
vertex -26.79432000000001 -23.49997000000001 10.999890000000004
endloop
endfacet
facet normal -0.831567818534352 -0.5554232288786801 0
outer loop
vertex -26.79432000000001 -23.49997000000001 10.999890000000004
vertex -26.79432000000001 -23.49997000000001 0
vertex -26.14037000000001 -24.479050000000008 0
endloop
endfacet
facet normal -0.831567818534352 -0.5554232288786801 0
outer loop
vertex -26.79432000000001 -23.49997000000001 10.999890000000004
vertex -26.14037000000001 -24.479050000000008 0
vertex -26.14037000000001 -24.479050000000008 10.999890000000004
endloop
endfacet
facet normal -0.7515834025086441 -0.6596380743055462 0
outer loop
vertex -26.14037000000001 -24.479050000000008 10.999890000000004
vertex -26.14037000000001 -24.479050000000008 0
vertex -25.36383000000001 -25.36383000000001 0
endloop
endfacet
facet normal -0.7515834025086441 -0.6596380743055462 0
outer loop
vertex -26.14037000000001 -24.479050000000008 10.999890000000004
vertex -25.36383000000001 -25.36383000000001 0
vertex -25.36383000000001 -25.36383000000001 10.999890000000004
endloop
endfacet
facet normal -0.6596380743055462 -0.7515834025086441 0
outer loop
vertex -25.36383000000001 -25.36383000000001 10.999890000000004
vertex -25.36383000000001 -25.36383000000001 0
vertex -24.479050000000008 -26.14037000000001 0
endloop
endfacet
facet normal -0.6596380743055462 -0.7515834025086441 0
outer loop
vertex -25.36383000000001 -25.36383000000001 10.999890000000004
vertex -24.479050000000008 -26.14037000000001 0
vertex -24.479050000000008 -26.14037000000001 10.999890000000004
endloop
endfacet
facet normal -0.5554232288786801 -0.831567818534352 0
outer loop
vertex -24.479050000000008 -26.14037000000001 10.999890000000004
vertex -24.479050000000008 -26.14037000000001 0
vertex -23.49997000000001 -26.79432000000001 0
endloop
endfacet
facet normal -0.5554232288786801 -0.831567818534352 0
outer loop
vertex -24.479050000000008 -26.14037000000001 10.999890000000004
vertex -23.49997000000001 -26.79432000000001 0
vertex -23.49997000000001 -26.79432000000001 10.999890000000004
endloop
endfacet
facet normal -0.44233086155285695 -0.8968519436996875 0
outer loop
vertex -23.49997000000001 -26.79432000000001 10.999890000000004
vertex -23.49997000000001 -26.79432000000001 0
vertex -22.44422000000001 -27.31502000000001 0
endloop
endfacet
facet normal -0.44233086155285695 -0.8968519436996875 0
outer loop
vertex -23.49997000000001 -26.79432000000001 10.999890000000004
vertex -22.44422000000001 -27.31502000000001 0
vertex -22.44422000000001 -27.31502000000001 10.999890000000004
endloop
endfacet
facet normal -0.32144691945120807 -0.9469275991200852 0
outer loop
vertex -22.44422000000001 -27.31502000000001 10.999890000000004
vertex -22.44422000000001 -27.31502000000001 0
vertex -21.32943000000001 -27.69345000000001 0
endloop
endfacet
facet normal -0.32144691945120807 -0.9469275991200852 0
outer loop
vertex -22.44422000000001 -27.31502000000001 10.999890000000004
vertex -21.32943000000001 -27.69345000000001 0
vertex -21.32943000000001 -27.69345000000001 10.999890000000004
endloop
endfacet
facet normal -0.1950443457859788 -0.9807944245237732 0
outer loop
vertex -21.32943000000001 -27.69345000000001 10.999890000000004
vertex -21.32943000000001 -27.69345000000001 0
vertex -20.17487000000001 -27.92305000000001 0
endloop
endfacet
facet normal -0.1950443457859788 -0.9807944245237732 0
outer loop
vertex -21.32943000000001 -27.69345000000001 10.999890000000004
vertex -20.17487000000001 -27.92305000000001 0
vertex -20.17487000000001 -27.92305000000001 10.999890000000004
endloop
endfacet
facet normal -0.06545597561842581 -0.9978554580979352 0
outer loop
vertex -20.17487000000001 -27.92305000000001 10.999890000000004
vertex -20.17487000000001 -27.92305000000001 0
vertex -18.999810000000007 -28.00013000000001 0
endloop
endfacet
facet normal -0.06545597561842581 -0.9978554580979352 0
outer loop
vertex -20.17487000000001 -27.92305000000001 10.999890000000004
vertex -18.999810000000007 -28.00013000000001 0
vertex -18.999810000000007 -28.00013000000001 10.999890000000004
endloop
endfacet
facet normal 0 -1 0
outer loop
vertex -18.999810000000007 -28.00013000000001 10.999890000000004
vertex -18.999810000000007 -28.00013000000001 0
vertex 18.999810000000007 -28.00013000000001 0
endloop
endfacet
facet normal 0 -1 0
outer loop
vertex -18.999810000000007 -28.00013000000001 10.999890000000004
vertex 18.999810000000007 -28.00013000000001 0
vertex 18.999810000000007 -28.00013000000001 10.999890000000004
endloop
endfacet
facet normal 0.06545597561842581 -0.9978554580979352 0
outer loop
vertex 18.999810000000007 -28.00013000000001 10.999890000000004
vertex 18.999810000000007 -28.00013000000001 0
vertex 20.17487000000001 -27.92305000000001 0
endloop
endfacet
facet normal 0.06545597561842581 -0.9978554580979352 0
outer loop
vertex 18.999810000000007 -28.00013000000001 10.999890000000004
vertex 20.17487000000001 -27.92305000000001 0
vertex 20.17487000000001 -27.92305000000001 10.999890000000004
endloop
endfacet
facet normal 0.1950443457859788 -0.9807944245237732 0
outer loop
vertex 20.17487000000001 -27.92305000000001 10.999890000000004
vertex 20.17487000000001 -27.92305000000001 0
vertex 21.32943000000001 -27.69345000000001 0
endloop
endfacet
facet normal 0.1950443457859788 -0.9807944245237732 0
outer loop
vertex 20.17487000000001 -27.92305000000001 10.999890000000004
vertex 21.32943000000001 -27.69345000000001 0
vertex 21.32943000000001 -27.69345000000001 10.999890000000004
endloop
endfacet
facet normal 0.32144691945120807 -0.9469275991200852 0
outer loop
vertex 21.32943000000001 -27.69345000000001 10.999890000000004
vertex 21.32943000000001 -27.69345000000001 0
vertex 22.44422000000001 -27.31502000000001 0
endloop
endfacet
facet normal 0.32144691945120807 -0.9469275991200852 0
outer loop
vertex 21.32943000000001 -27.69345000000001 10.999890000000004
vertex 22.44422000000001 -27.31502000000001 0
vertex 22.44422000000001 -27.31502000000001 10.999890000000004
endloop
endfacet
facet normal 0.44233086155285695 -0.8968519436996875 0
outer loop
vertex 22.44422000000001 -27.31502000000001 10.999890000000004
vertex 22.44422000000001 -27.31502000000001 0
vertex 23.49997000000001 -26.79432000000001 0
endloop
endfacet
facet normal 0.44233086155285695 -0.8968519436996875 0
outer loop
vertex 22.44422000000001 -27.31502000000001 10.999890000000004
vertex 23.49997000000001 -26.79432000000001 0
vertex 23.49997000000001 -26.79432000000001 10.999890000000004
endloop
endfacet
facet normal 0.5554232288786801 -0.831567818534352 0
outer loop
vertex 23.49997000000001 -26.79432000000001 10.999890000000004
vertex 23.49997000000001 -26.79432000000001 0
vertex 24.479050000000008 -26.14037000000001 0
endloop
endfacet
facet normal 0.5554232288786801 -0.831567818534352 0
outer loop
vertex 23.49997000000001 -26.79432000000001 10.999890000000004
vertex 24.479050000000008 -26.14037000000001 0
vertex 24.479050000000008 -26.14037000000001 10.999890000000004
endloop
endfacet
facet normal 0.6596380743055462 -0.7515834025086441 0
outer loop
vertex 24.479050000000008 -26.14037000000001 10.999890000000004
vertex 24.479050000000008 -26.14037000000001 0
vertex 25.36383000000001 -25.36383000000001 0
endloop
endfacet
facet normal 0.6596380743055462 -0.7515834025086441 0
outer loop
vertex 24.479050000000008 -26.14037000000001 10.999890000000004
vertex 25.36383000000001 -25.36383000000001 0
vertex 25.36383000000001 -25.36383000000001 10.999890000000004
endloop
endfacet
facet normal 0.7515834025086441 -0.6596380743055462 0
outer loop
vertex 25.36383000000001 -25.36383000000001 10.999890000000004
vertex 25.36383000000001 -25.36383000000001 0
vertex 26.14037000000001 -24.479050000000008 0
endloop
endfacet
facet normal 0.7515834025086441 -0.6596380743055462 0
outer loop
vertex 25.36383000000001 -25.36383000000001 10.999890000000004
vertex 26.14037000000001 -24.479050000000008 0
vertex 26.14037000000001 -24.479050000000008 10.999890000000004
endloop
endfacet
facet normal 0.831567818534352 -0.5554232288786801 0
outer loop
vertex 26.14037000000001 -24.479050000000008 10.999890000000004
vertex 26.14037000000001 -24.479050000000008 0
vertex 26.79432000000001 -23.49997000000001 0
endloop
endfacet
facet normal 0.831567818534352 -0.5554232288786801 0
outer loop
vertex 26.14037000000001 -24.479050000000008 10.999890000000004
vertex 26.79432000000001 -23.49997000000001 0
vertex 26.79432000000001 -23.49997000000001 10.999890000000004
endloop
endfacet
facet normal 0.8968519436996875 -0.44233086155285695 0
outer loop
vertex 26.79432000000001 -23.49997000000001 10.999890000000004
vertex 26.79432000000001 -23.49997000000001 0
vertex 27.31502000000001 -22.44422000000001 0
endloop
endfacet
facet normal 0.8968519436996875 -0.44233086155285695 0
outer loop
vertex 26.79432000000001 -23.49997000000001 10.999890000000004
vertex 27.31502000000001 -22.44422000000001 0
vertex 27.31502000000001 -22.44422000000001 10.999890000000004
endloop
endfacet
facet normal 0.9469275991200852 -0.32144691945120807 0
outer loop
vertex 27.31502000000001 -22.44422000000001 10.999890000000004
vertex 27.31502000000001 -22.44422000000001 0
vertex 27.69345000000001 -21.32943000000001 0
endloop
endfacet
facet normal 0.9469275991200852 -0.32144691945120807 0
outer loop
vertex 27.31502000000001 -22.44422000000001 10.999890000000004
vertex 27.69345000000001 -21.32943000000001 0
vertex 27.69345000000001 -21.32943000000001 10.999890000000004
endloop
endfacet
facet normal 0.9807944245237732 -0.1950443457859788 0
outer loop
vertex 27.69345000000001 -21.32943000000001 10.999890000000004
vertex 27.69345000000001 -21.32943000000001 0
vertex 27.92305000000001 -20.17487000000001 0
endloop
endfacet
facet normal 0.9807944245237732 -0.1950443457859788 0
outer loop
vertex 27.69345000000001 -21.32943000000001 10.999890000000004
vertex 27.92305000000001 -20.17487000000001 0
vertex 27.92305000000001 -20.17487000000001 10.999890000000004
endloop
endfacet
facet normal 0.9978554580979352 -0.06545597561842581 0
outer loop
vertex 27.92305000000001 -20.17487000000001 10.999890000000004
vertex 27.92305000000001 -20.17487000000001 0
vertex 28.00013000000001 -18.999810000000007 0
endloop
endfacet
facet normal 0.9978554580979352 -0.06545597561842581 0
outer loop
vertex 27.92305000000001 -20.17487000000001 10.999890000000004
vertex 28.00013000000001 -18.999810000000007 0
vertex 28.00013000000001 -18.999810000000007 10.999890000000004
endloop
endfacet
facet normal 0 0 0.9999999999999999
outer loop
vertex 0 26.58112000000001 10.999890000000004
vertex -18.999810000000007 28.00013000000001 10.999890000000004
vertex -20.17487000000001 27.92305000000001 10.999890000000004
endloop
endfacet
facet normal 0 0 1
outer loop
vertex 0 26.58112000000001 10.999890000000004
vertex -20.17487000000001 27.92305000000001 10.999890000000004
vertex -21.32943000000001 27.69345000000001 10.999890000000004
endloop
endfacet
facet normal 0 0 0.9999999999999999
outer loop
vertex 0 26.58112000000001 10.999890000000004
vertex -21.32943000000001 27.69345000000001 10.999890000000004
vertex -22.44422000000001 27.31502000000001 10.999890000000004
endloop
endfacet
facet normal 0 0 1
outer loop
vertex 0 26.58112000000001 10.999890000000004
vertex -22.44422000000001 27.31502000000001 10.999890000000004
vertex -23.49997000000001 26.79432000000001 10.999890000000004
endloop
endfacet
facet normal 0 0 0.9999999999999999
outer loop
vertex 0 26.58112000000001 10.999890000000004
vertex -23.49997000000001 26.79432000000001 10.999890000000004
vertex -24.479050000000008 26.14037000000001 10.999890000000004
endloop
endfacet
facet normal 0 0 1
outer loop
vertex 0 26.58112000000001 10.999890000000004
vertex -24.479050000000008 26.14037000000001 10.999890000000004
vertex -25.36383000000001 25.36383000000001 10.999890000000004
endloop
endfacet
facet normal 0 0 1
outer loop
vertex 0 26.58112000000001 10.999890000000004
vertex -25.36383000000001 25.36383000000001 10.999890000000004
vertex -25.68322000000001 25.000160000000008 10.999890000000004
endloop
endfacet
facet normal 0 0 1
outer loop
vertex 0 26.58112000000001 10.999890000000004
vertex -25.68322000000001 25.000160000000008 10.999890000000004
vertex -18.999810000000007 25.000160000000008 10.999890000000004
endloop
endfacet
facet normal 0 0 1
outer loop
vertex 0 26.58112000000001 10.999890000000004
vertex -18.999810000000007 25.000160000000008 10.999890000000004
vertex 18.999810000000007 25.000160000000008 10.999890000000004
endloop
endfacet
facet normal 0 0 1
outer loop
vertex 0 26.58112000000001 10.999890000000004
vertex 18.999810000000007 25.000160000000008 10.999890000000004
vertex 25.68322000000001 25.000160000000008 10.999890000000004
endloop
endfacet
facet normal 0 0 1
outer loop
vertex 0 26.58112000000001 10.999890000000004
vertex 25.68322000000001 25.000160000000008 10.999890000000004
vertex 25.36383000000001 25.36383000000001 10.999890000000004
endloop
endfacet
facet normal 0 0 1
outer loop
vertex 0 26.58112000000001 10.999890000000004
vertex 25.36383000000001 25.36383000000001 10.999890000000004
vertex 24.479050000000008 26.14037000000001 10.999890000000004
endloop
endfacet
facet normal 0 0 0.9999999999999999
outer loop
vertex 0 26.58112000000001 10.999890000000004
vertex 24.479050000000008 26.14037000000001 10.999890000000004
vertex 23.49997000000001 26.79432000000001 10.999890000000004
endloop
endfacet
facet normal 0 0 1
outer loop
vertex 0 26.58112000000001 10.999890000000004
vertex 23.49997000000001 26.79432000000001 10.999890000000004
vertex 22.44422000000001 27.31502000000001 10.999890000000004
endloop
endfacet
facet normal 0 0 0.9999999999999999
outer loop
vertex 0 26.58112000000001 10.999890000000004
vertex 22.44422000000001 27.31502000000001 10.999890000000004
vertex 21.32943000000001 27.69345000000001 10.999890000000004
endloop
endfacet
facet normal 0 0 1
outer loop
vertex 0 26.58112000000001 10.999890000000004
vertex 21.32943000000001 27.69345000000001 10.999890000000004
vertex 20.17487000000001 27.92305000000001 10.999890000000004
endloop
endfacet
facet normal 0 0 0.9999999999999999
outer loop
vertex 0 26.58112000000001 10.999890000000004
vertex 20.17487000000001 27.92305000000001 10.999890000000004
vertex 18.999810000000007 28.00013000000001 10.999890000000004
endloop
endfacet
facet normal 0 0 0.9999999999999999
outer loop
vertex 0 26.58112000000001 10.999890000000004
vertex 18.999810000000007 28.00013000000001 10.999890000000004
vertex -18.999810000000007 28.00013000000001 10.999890000000004
endloop
endfacet
facet normal 0 0 1
outer loop
vertex 18.999810000000007 25.000160000000008 10.999890000000004
vertex 19.783320000000007 24.94850000000001 10.999890000000004
vertex 25.72832000000001 24.94850000000001 10.999890000000004
endloop
endfacet
facet normal 0 0 1
outer loop
vertex 18.999810000000007 25.000160000000008 10.999890000000004
vertex 25.72832000000001 24.94850000000001 10.999890000000004
vertex 25.68322000000001 25.000160000000008 10.999890000000004
endloop
endfacet
facet normal 0 0 1
outer loop
vertex -25.68322000000001 25.000160000000008 10.999890000000004
vertex -25.72832000000001 24.94850000000001 10.999890000000004
vertex -19.783320000000007 24.94850000000001 10.999890000000004
endloop
endfacet
facet normal 0 0 1
outer loop
vertex -25.68322000000001 25.000160000000008 10.999890000000004
vertex -19.783320000000007 24.94850000000001 10.999890000000004
vertex -18.999810000000007 25.000160000000008 10.999890000000004
endloop
endfacet
facet normal 0 0 1
outer loop
vertex 19.783320000000007 24.94850000000001 10.999890000000004
vertex 20.55289000000001 24.79557000000001 10.999890000000004
vertex 25.86239000000001 24.79557000000001 10.999890000000004
endloop
endfacet
facet normal 0 0 1
outer loop
vertex 19.783320000000007 24.94850000000001 10.999890000000004
vertex 25.86239000000001 24.79557000000001 10.999890000000004
vertex 25.72832000000001 24.94850000000001 10.999890000000004
endloop
endfacet
facet normal 0 0 1
outer loop
vertex -25.72832000000001 24.94850000000001 10.999890000000004
vertex -25.86239000000001 24.79557000000001 10.999890000000004
vertex -20.55289000000001 24.79557000000001 10.999890000000004
endloop
endfacet
facet normal 0 0 1
outer loop
vertex -25.72832000000001 24.94850000000001 10.999890000000004
vertex -20.55289000000001 24.79557000000001 10.999890000000004
vertex -19.783320000000007 24.94850000000001 10.999890000000004
endloop
endfacet
facet normal 0 0 1
outer loop
vertex 20.55289000000001 24.79557000000001 10.999890000000004
vertex 21.29622000000001 24.54342000000001 10.999890000000004
vertex 26.08379000000001 24.54342000000001 10.999890000000004
endloop
endfacet
facet normal 0 0 1
outer loop
vertex 20.55289000000001 24.79557000000001 10.999890000000004
vertex 26.08379000000001 24.54342000000001 10.999890000000004
vertex 25.86239000000001 24.79557000000001 10.999890000000004
endloop
endfacet
facet normal 0 0 0.9999999999999999
outer loop
vertex -25.86239000000001 24.79557000000001 10.999890000000004
vertex -26.08379000000001 24.54342000000001 10.999890000000004
vertex -21.29622000000001 24.54342000000001 10.999890000000004
endloop
endfacet
facet normal 0 0 1
outer loop
vertex -25.86239000000001 24.79557000000001 10.999890000000004
vertex -21.29622000000001 24.54342000000001 10.999890000000004
vertex -20.55289000000001 24.79557000000001 10.999890000000004
endloop
endfacet
facet normal 0 0 1
outer loop
vertex 24.36999000000001 24.39172000000001 10.999890000000004
vertex 21.29622000000001 24.54342000000001 10.999890000000004
vertex 22.000190000000007 24.19615000000001 10.999890000000004
endloop
endfacet
facet normal 0 0 1
outer loop
vertex 24.36999000000001 24.39172000000001 10.999890000000004
vertex 22.000190000000007 24.19615000000001 10.999890000000004
vertex 26.32897000000001 24.19615000000001 10.999890000000004
endloop
endfacet
facet normal 0 0 1
outer loop
vertex 24.36999000000001 24.39172000000001 10.999890000000004
vertex 26.32897000000001 24.19615000000001 10.999890000000004
vertex 26.14037000000001 24.479050000000008 10.999890000000004
endloop
endfacet
facet normal 0 0 1
outer loop
vertex 24.36999000000001 24.39172000000001 10.999890000000004
vertex 26.14037000000001 24.479050000000008 10.999890000000004
vertex 26.08379000000001 24.54342000000001 10.999890000000004
endloop
endfacet
facet normal 0 0 1
outer loop
vertex 24.36999000000001 24.39172000000001 10.999890000000004
vertex 26.08379000000001 24.54342000000001 10.999890000000004
vertex 21.29622000000001 24.54342000000001 10.999890000000004
endloop
endfacet
facet normal 0 0 1
outer loop
vertex -24.36999000000001 24.39172000000001 10.999890000000004
vertex -26.08379000000001 24.54342000000001 10.999890000000004
vertex -26.14037000000001 24.479050000000008 10.999890000000004
endloop
endfacet
facet normal 0 0 1
outer loop
vertex -24.36999000000001 24.39172000000001 10.999890000000004
vertex -26.14037000000001 24.479050000000008 10.999890000000004
vertex -26.32897000000001 24.19615000000001 10.999890000000004
endloop
endfacet
facet normal 0 0 1
outer loop
vertex -24.36999000000001 24.39172000000001 10.999890000000004
vertex -26.32897000000001 24.19615000000001 10.999890000000004
vertex -22.000190000000007 24.19615000000001 10.999890000000004
endloop
endfacet
facet normal 0 0 1
outer loop
vertex -24.36999000000001 24.39172000000001 10.999890000000004
vertex -22.000190000000007 24.19615000000001 10.999890000000004
vertex -21.29622000000001 24.54342000000001 10.999890000000004
endloop
endfacet
facet normal 0 0 1
outer loop
vertex -24.36999000000001 24.39172000000001 10.999890000000004
vertex -21.29622000000001 24.54342000000001 10.999890000000004
vertex -26.08379000000001 24.54342000000001 10.999890000000004
endloop
endfacet
facet normal 0 0 1
outer loop
vertex 22.000190000000007 24.19615000000001 10.999890000000004
vertex 22.652500000000007 23.760320000000007 10.999890000000004
vertex 26.62048000000001 23.760320000000007 10.999890000000004
endloop
endfacet
facet normal 0 0 1
outer loop
vertex 22.000190000000007 24.19615000000001 10.999890000000004
vertex 26.62048000000001 23.760320000000007 10.999890000000004
vertex 26.32897000000001 24.19615000000001 10.999890000000004
endloop
endfacet
facet normal 0 0 1
outer loop
vertex -26.32897000000001 24.19615000000001 10.999890000000004
vertex -26.62048000000001 23.760320000000007 10.999890000000004
vertex -22.652500000000007 23.760320000000007 10.999890000000004
endloop
endfacet
facet normal 0 0 1
outer loop
vertex -26.32897000000001 24.19615000000001 10.999890000000004
vertex -22.652500000000007 23.760320000000007 10.999890000000004
vertex -22.000190000000007 24.19615000000001 10.999890000000004
endloop
endfacet
facet normal 0 0 1
outer loop
vertex 25.24616000000001 23.501200000000008 10.999890000000004
vertex 22.652500000000007 23.760320000000007 10.999890000000004
vertex 23.242490000000007 23.242490000000007 10.999890000000004
endloop
endfacet
facet normal 0 0 1
outer loop
vertex 25.24616000000001 23.501200000000008 10.999890000000004
vertex 23.242490000000007 23.242490000000007 10.999890000000004
vertex 26.92101000000001 23.242490000000007 10.999890000000004
endloop
endfacet
facet normal 0 0 1
outer loop
vertex 25.24616000000001 23.501200000000008 10.999890000000004
vertex 26.92101000000001 23.242490000000007 10.999890000000004
vertex 26.79432000000001 23.49997000000001 10.999890000000004
endloop
endfacet
facet normal 0 0 1
outer loop
vertex 25.24616000000001 23.501200000000008 10.999890000000004
vertex 26.79432000000001 23.49997000000001 10.999890000000004
vertex 26.62048000000001 23.760320000000007 10.999890000000004
endloop
endfacet
facet normal 0 0 1
outer loop
vertex 25.24616000000001 23.501200000000008 10.999890000000004
vertex 26.62048000000001 23.760320000000007 10.999890000000004
vertex 22.652500000000007 23.760320000000007 10.999890000000004
endloop
endfacet
facet normal 0 0 1
outer loop
vertex -25.24616000000001 23.501200000000008 10.999890000000004
vertex -26.62048000000001 23.760320000000007 10.999890000000004
vertex -26.79432000000001 23.49997000000001 10.999890000000004
endloop
endfacet
facet normal 0 0 1
outer loop
vertex -25.24616000000001 23.501200000000008 10.999890000000004
vertex -26.79432000000001 23.49997000000001 10.999890000000004
vertex -26.92101000000001 23.242490000000007 10.999890000000004
endloop
endfacet
facet normal 0 0 1
outer loop
vertex -25.24616000000001 23.501200000000008 10.999890000000004
vertex -26.92101000000001 23.242490000000007 10.999890000000004
vertex -23.242490000000007 23.242490000000007 10.999890000000004
endloop
endfacet
facet normal 0 0 1
outer loop
vertex -25.24616000000001 23.501200000000008 10.999890000000004
vertex -23.242490000000007 23.242490000000007 10.999890000000004
vertex -22.652500000000007 23.760320000000007 10.999890000000004
endloop
endfacet
facet normal 0 0 1
outer loop
vertex -25.24616000000001 23.501200000000008 10.999890000000004
vertex -22.652500000000007 23.760320000000007 10.999890000000004
vertex -26.62048000000001 23.760320000000007 10.999890000000004
endloop
endfacet
facet normal 0 0 1
outer loop
vertex 23.242490000000007 23.242490000000007 10.999890000000004
vertex 23.760320000000007 22.652500000000007 10.999890000000004
vertex 27.21211000000001 22.652500000000007 10.999890000000004
endloop
endfacet
facet normal 0 0 1
outer loop
vertex 23.242490000000007 23.242490000000007 10.999890000000004
vertex 27.21211000000001 22.652500000000007 10.999890000000004
vertex 26.92101000000001 23.242490000000007 10.999890000000004
endloop
endfacet
facet normal 0 0 1
outer loop
vertex -26.92101000000001 23.242490000000007 10.999890000000004
vertex -27.21211000000001 22.652500000000007 10.999890000000004
vertex -23.760320000000007 22.652500000000007 10.999890000000004
endloop
endfacet
facet normal 0 0 1
outer loop
vertex -26.92101000000001 23.242490000000007 10.999890000000004
vertex -23.760320000000007 22.652500000000007 10.999890000000004
vertex -23.242490000000007 23.242490000000007 10.999890000000004
endloop
endfacet
facet normal 0 0 1
outer loop
vertex 25.98990000000001 22.349920000000008 10.999890000000004
vertex 23.760320000000007 22.652500000000007 10.999890000000004
vertex 24.19615000000001 22.000190000000007 10.999890000000004
endloop
endfacet
facet normal 0 0 1
outer loop
vertex 25.98990000000001 22.349920000000008 10.999890000000004
vertex 24.19615000000001 22.000190000000007 10.999890000000004
vertex 27.46549000000001 22.000190000000007 10.999890000000004
endloop
endfacet
facet normal 0 0 1
outer loop
vertex 25.98990000000001 22.349920000000008 10.999890000000004
vertex 27.46549000000001 22.000190000000007 10.999890000000004
vertex 27.31502000000001 22.44422000000001 10.999890000000004
endloop
endfacet
facet normal 0 0 1
outer loop
vertex 25.98990000000001 22.349920000000008 10.999890000000004
vertex 27.31502000000001 22.44422000000001 10.999890000000004
vertex 27.21211000000001 22.652500000000007 10.999890000000004
endloop
endfacet
facet normal 0 0 1
outer loop
vertex 25.98990000000001 22.349920000000008 10.999890000000004
vertex 27.21211000000001 22.652500000000007 10.999890000000004
vertex 23.760320000000007 22.652500000000007 10.999890000000004
endloop
endfacet
facet normal 0 0 1
outer loop
vertex -25.98990000000001 22.349920000000008 10.999890000000004
vertex -27.21211000000001 22.652500000000007 10.999890000000004
vertex -27.31502000000001 22.44422000000001 10.999890000000004
endloop
endfacet
facet normal 0 0 1
outer loop
vertex -25.98990000000001 22.349920000000008 10.999890000000004
vertex -27.31502000000001 22.44422000000001 10.999890000000004
vertex -27.46549000000001 22.000190000000007 10.999890000000004
endloop
endfacet
facet normal 0 0 1
outer loop
vertex -25.98990000000001 22.349920000000008 10.999890000000004
vertex -27.46549000000001 22.000190000000007 10.999890000000004
vertex -24.19615000000001 22.000190000000007 10.999890000000004
endloop
endfacet
facet normal 0 0 1
outer loop
vertex -25.98990000000001 22.349920000000008 10.999890000000004
vertex -24.19615000000001 22.000190000000007 10.999890000000004
vertex -23.760320000000007 22.652500000000007 10.999890000000004
endloop
endfacet
facet normal 0 0 1
outer loop
vertex -25.98990000000001 22.349920000000008 10.999890000000004
vertex -23.760320000000007 22.652500000000007 10.999890000000004
vertex -27.21211000000001 22.652500000000007 10.999890000000004
endloop
endfacet
facet normal 0 0 1
outer loop
vertex 26.31954000000001 21.584450000000007 10.999890000000004
vertex 24.19615000000001 22.000190000000007 10.999890000000004
vertex 24.54342000000001 21.29622000000001 10.999890000000004
endloop
endfacet
facet normal 0 0 1
outer loop
vertex 26.31954000000001 21.584450000000007 10.999890000000004
vertex 24.54342000000001 21.29622000000001 10.999890000000004
vertex 27.70001000000001 21.29622000000001 10.999890000000004
endloop
endfacet
facet normal 0 0 1
outer loop
vertex 26.31954000000001 21.584450000000007 10.999890000000004
vertex 27.70001000000001 21.29622000000001 10.999890000000004
vertex 27.69345000000001 21.32943000000001 10.999890000000004
endloop
endfacet
facet normal 0 0 1
outer loop
vertex 26.31954000000001 21.584450000000007 10.999890000000004
vertex 27.69345000000001 21.32943000000001 10.999890000000004
vertex 27.46549000000001 22.000190000000007 10.999890000000004
endloop
endfacet
facet normal 0 0 1
outer loop
vertex 26.31954000000001 21.584450000000007 10.999890000000004
vertex 27.46549000000001 22.000190000000007 10.999890000000004
vertex 24.19615000000001 22.000190000000007 10.999890000000004
endloop
endfacet
facet normal 0 0 1
outer loop
vertex -26.31954000000001 21.584450000000007 10.999890000000004
vertex -27.46549000000001 22.000190000000007 10.999890000000004
vertex -27.69345000000001 21.32943000000001 10.999890000000004
endloop
endfacet
facet normal 0 0 1
outer loop
vertex -26.31954000000001 21.584450000000007 10.999890000000004
vertex -27.69345000000001 21.32943000000001 10.999890000000004
vertex -27.70001000000001 21.29622000000001 10.999890000000004
endloop
endfacet
facet normal 0 0 1
outer loop
vertex -26.31954000000001 21.584450000000007 10.999890000000004
vertex -27.70001000000001 21.29622000000001 10.999890000000004
vertex -24.54342000000001 21.29622000000001 10.999890000000004
endloop
endfacet
facet normal 0 0 1
outer loop
vertex -26.31954000000001 21.584450000000007 10.999890000000004
vertex -24.54342000000001 21.29622000000001 10.999890000000004
vertex -24.19615000000001 22.000190000000007 10.999890000000004
endloop
endfacet
facet normal 0 0 1
outer loop
vertex -26.31954000000001 21.584450000000007 10.999890000000004
vertex -24.19615000000001 22.000190000000007 10.999890000000004
vertex -27.46549000000001 22.000190000000007 10.999890000000004
endloop
endfacet
facet normal 0 0 1
outer loop
vertex 24.54342000000001 21.29622000000001 10.999890000000004
vertex 24.79557000000001 20.55289000000001 10.999890000000004
vertex 27.84761000000001 20.55289000000001 10.999890000000004
endloop
endfacet
facet normal 0 0 1
outer loop
vertex 24.54342000000001 21.29622000000001 10.999890000000004
vertex 27.84761000000001 20.55289000000001 10.999890000000004
vertex 27.70001000000001 21.29622000000001 10.999890000000004
endloop
endfacet
facet normal 0 0 1
outer loop
vertex -27.70001000000001 21.29622000000001 10.999890000000004
vertex -27.84761000000001 20.55289000000001 10.999890000000004
vertex -24.79557000000001 20.55289000000001 10.999890000000004
endloop
endfacet
facet normal 0 0 1
outer loop
vertex -27.70001000000001 21.29622000000001 10.999890000000004
vertex -24.79557000000001 20.55289000000001 10.999890000000004
vertex -24.54342000000001 21.29622000000001 10.999890000000004
endloop
endfacet
facet normal 0 0 1
outer loop
vertex 26.69264000000001 20.16954000000001 10.999890000000004
vertex 24.79557000000001 20.55289000000001 10.999890000000004
vertex 24.94850000000001 19.783320000000007 10.999890000000004
endloop
endfacet
facet normal 0 0 1
outer loop
vertex 26.69264000000001 20.16954000000001 10.999890000000004
vertex 24.94850000000001 19.783320000000007 10.999890000000004
vertex 27.94847000000001 19.783320000000007 10.999890000000004
endloop
endfacet
facet normal 0 0 1
outer loop
vertex 26.69264000000001 20.16954000000001 10.999890000000004
vertex 27.94847000000001 19.783320000000007 10.999890000000004
vertex 27.92305000000001 20.17487000000001 10.999890000000004
endloop
endfacet
facet normal 0 0 0.9999999999999999
outer loop
vertex 26.69264000000001 20.16954000000001 10.999890000000004
vertex 27.92305000000001 20.17487000000001 10.999890000000004
vertex 27.84761000000001 20.55289000000001 10.999890000000004
endloop
endfacet
facet normal 0 0 1
outer loop
vertex 26.69264000000001 20.16954000000001 10.999890000000004
vertex 27.84761000000001 20.55289000000001 10.999890000000004
vertex 24.79557000000001 20.55289000000001 10.999890000000004
endloop
endfacet
facet normal 0 0 0.9999999999999999
outer loop
vertex -26.69264000000001 20.16954000000001 10.999890000000004
vertex -27.84761000000001 20.55289000000001 10.999890000000004
vertex -27.92305000000001 20.17487000000001 10.999890000000004
endloop
endfacet
facet normal 0 0 1
outer loop
vertex -26.69264000000001 20.16954000000001 10.999890000000004
vertex -27.92305000000001 20.17487000000001 10.999890000000004
vertex -27.94847000000001 19.783320000000007 10.999890000000004
endloop
endfacet
facet normal 0 0 1
outer loop
vertex -26.69264000000001 20.16954000000001 10.999890000000004
vertex -27.94847000000001 19.783320000000007 10.999890000000004
vertex -24.94850000000001 19.783320000000007 10.999890000000004
endloop
endfacet
facet normal 0 0 1
outer loop
vertex -26.69264000000001 20.16954000000001 10.999890000000004
vertex -24.94850000000001 19.783320000000007 10.999890000000004
vertex -24.79557000000001 20.55289000000001 10.999890000000004
endloop
endfacet
facet normal 0 0 1
outer loop
vertex -26.69264000000001 20.16954000000001 10.999890000000004
vertex -24.79557000000001 20.55289000000001 10.999890000000004
vertex -27.84761000000001 20.55289000000001 10.999890000000004
endloop
endfacet
facet normal 0 0 1
outer loop
vertex 24.94850000000001 19.783320000000007 10.999890000000004
vertex 25.000160000000008 18.999810000000007 10.999890000000004
vertex 28.00013000000001 18.999810000000007 10.999890000000004
endloop
endfacet
facet normal 0 0 1
outer loop
vertex 24.94850000000001 19.783320000000007 10.999890000000004
vertex 28.00013000000001 18.999810000000007 10.999890000000004
vertex 27.94847000000001 19.783320000000007 10.999890000000004
endloop
endfacet
facet normal 0 0 1
outer loop
vertex -27.94847000000001 19.783320000000007 10.999890000000004
vertex -28.00013000000001 18.999810000000007 10.999890000000004
vertex -25.000160000000008 18.999810000000007 10.999890000000004
endloop
endfacet
facet normal 0 0 1
outer loop
vertex -27.94847000000001 19.783320000000007 10.999890000000004
vertex -25.000160000000008 18.999810000000007 10.999890000000004
vertex -24.94850000000001 19.783320000000007 10.999890000000004
endloop
endfacet
facet normal 0 0 1
outer loop
vertex 25.000160000000008 18.999810000000007 10.999890000000004
vertex 25.000160000000008 -18.999810000000007 10.999890000000004
vertex 28.00013000000001 -18.999810000000007 10.999890000000004
endloop
endfacet
facet normal 0 0 1
outer loop
vertex 25.000160000000008 18.999810000000007 10.999890000000004
vertex 28.00013000000001 -18.999810000000007 10.999890000000004
vertex 28.00013000000001 18.999810000000007 10.999890000000004
endloop
endfacet
facet normal 0 0 1
outer loop
vertex -28.00013000000001 18.999810000000007 10.999890000000004
vertex -28.00013000000001 -18.999810000000007 10.999890000000004
vertex -25.000160000000008 -18.999810000000007 10.999890000000004
endloop
endfacet
facet normal 0 0 1
outer loop
vertex -28.00013000000001 18.999810000000007 10.999890000000004
vertex -25.000160000000008 -18.999810000000007 10.999890000000004
vertex -25.000160000000008 18.999810000000007 10.999890000000004
endloop
endfacet
facet normal 0 0 1
outer loop
vertex 25.000160000000008 -18.999810000000007 10.999890000000004
vertex 24.94850000000001 -19.783320000000007 10.999890000000004
vertex 27.94847000000001 -19.783320000000007 10.999890000000004
endloop
endfacet
facet normal 0 0 1
outer loop
vertex 25.000160000000008 -18.999810000000007 10.999890000000004
vertex 27.94847000000001 -19.783320000000007 10.999890000000004
vertex 28.00013000000001 -18.999810000000007 10.999890000000004
endloop
endfacet
facet normal 0 0 1
outer loop
vertex -28.00013000000001 -18.999810000000007 10.999890000000004
vertex -27.94847000000001 -19.783320000000007 10.999890000000004
vertex -24.94850000000001 -19.783320000000007 10.999890000000004
endloop
endfacet
facet normal 0 0 1
outer loop
vertex -28.00013000000001 -18.999810000000007 10.999890000000004
vertex -24.94850000000001 -19.783320000000007 10.999890000000004
vertex -25.000160000000008 -18.999810000000007 10.999890000000004
endloop
endfacet
facet normal 0 0 1
outer loop
vertex 26.69264000000001 -20.16954000000001 10.999890000000004
vertex 24.94850000000001 -19.783320000000007 10.999890000000004
vertex 24.79557000000001 -20.55289000000001 10.999890000000004
endloop
endfacet
facet normal 0 0 1
outer loop
vertex 26.69264000000001 -20.16954000000001 10.999890000000004
vertex 24.79557000000001 -20.55289000000001 10.999890000000004
vertex 27.84761000000001 -20.55289000000001 10.999890000000004
endloop
endfacet
facet normal 0 0 0.9999999999999999
outer loop
vertex 26.69264000000001 -20.16954000000001 10.999890000000004
vertex 27.84761000000001 -20.55289000000001 10.999890000000004
vertex 27.92305000000001 -20.17487000000001 10.999890000000004
endloop
endfacet
facet normal 0 0 1
outer loop
vertex 26.69264000000001 -20.16954000000001 10.999890000000004
vertex 27.92305000000001 -20.17487000000001 10.999890000000004
vertex 27.94847000000001 -19.783320000000007 10.999890000000004
endloop
endfacet
facet normal 0 0 1
outer loop
vertex 26.69264000000001 -20.16954000000001 10.999890000000004
vertex 27.94847000000001 -19.783320000000007 10.999890000000004
vertex 24.94850000000001 -19.783320000000007 10.999890000000004
endloop
endfacet
facet normal 0 0 1
outer loop
vertex -26.69264000000001 -20.16954000000001 10.999890000000004
vertex -27.94847000000001 -19.783320000000007 10.999890000000004
vertex -27.92305000000001 -20.17487000000001 10.999890000000004
endloop
endfacet
facet normal 0 0 0.9999999999999999
outer loop
vertex -26.69264000000001 -20.16954000000001 10.999890000000004
vertex -27.92305000000001 -20.17487000000001 10.999890000000004
vertex -27.84761000000001 -20.55289000000001 10.999890000000004
endloop
endfacet
facet normal 0 0 1
outer loop
vertex -26.69264000000001 -20.16954000000001 10.999890000000004
vertex -27.84761000000001 -20.55289000000001 10.999890000000004
vertex -24.79557000000001 -20.55289000000001 10.999890000000004
endloop
endfacet
facet normal 0 0 1
outer loop
vertex -26.69264000000001 -20.16954000000001 10.999890000000004
vertex -24.79557000000001 -20.55289000000001 10.999890000000004
vertex -24.94850000000001 -19.783320000000007 10.999890000000004
endloop
endfacet
facet normal 0 0 1
outer loop
vertex -26.69264000000001 -20.16954000000001 10.999890000000004
vertex -24.94850000000001 -19.783320000000007 10.999890000000004
vertex -27.94847000000001 -19.783320000000007 10.999890000000004
endloop
endfacet
facet normal 0 0 1
outer loop
vertex 24.79557000000001 -20.55289000000001 10.999890000000004
vertex 24.54342000000001 -21.29622000000001 10.999890000000004
vertex 27.70001000000001 -21.29622000000001 10.999890000000004
endloop
endfacet
facet normal 0 0 1
outer loop
vertex 24.79557000000001 -20.55289000000001 10.999890000000004
vertex 27.70001000000001 -21.29622000000001 10.999890000000004
vertex 27.84761000000001 -20.55289000000001 10.999890000000004
endloop
endfacet
facet normal 0 0 1
outer loop
vertex -27.84761000000001 -20.55289000000001 10.999890000000004
vertex -27.70001000000001 -21.29622000000001 10.999890000000004
vertex -24.54342000000001 -21.29622000000001 10.999890000000004
endloop
endfacet
facet normal 0 0 1
outer loop
vertex -27.84761000000001 -20.55289000000001 10.999890000000004
vertex -24.54342000000001 -21.29622000000001 10.999890000000004
vertex -24.79557000000001 -20.55289000000001 10.999890000000004
endloop
endfacet
facet normal 0 0 1
outer loop
vertex 26.31954000000001 -21.584450000000007 10.999890000000004
vertex 24.54342000000001 -21.29622000000001 10.999890000000004
vertex 24.19615000000001 -22.000190000000007 10.999890000000004
endloop
endfacet
facet normal 0 0 1
outer loop
vertex 26.31954000000001 -21.584450000000007 10.999890000000004
vertex 24.19615000000001 -22.000190000000007 10.999890000000004
vertex 27.46549000000001 -22.000190000000007 10.999890000000004
endloop
endfacet
facet normal 0 0 1
outer loop
vertex 26.31954000000001 -21.584450000000007 10.999890000000004
vertex 27.46549000000001 -22.000190000000007 10.999890000000004
vertex 27.69345000000001 -21.32943000000001 10.999890000000004
endloop
endfacet
facet normal 0 0 1
outer loop
vertex 26.31954000000001 -21.584450000000007 10.999890000000004
vertex 27.69345000000001 -21.32943000000001 10.999890000000004
vertex 27.70001000000001 -21.29622000000001 10.999890000000004
endloop
endfacet
facet normal 0 0 1
outer loop
vertex 26.31954000000001 -21.584450000000007 10.999890000000004
vertex 27.70001000000001 -21.29622000000001 10.999890000000004
vertex 24.54342000000001 -21.29622000000001 10.999890000000004
endloop
endfacet
facet normal 0 0 1
outer loop
vertex -26.31954000000001 -21.584450000000007 10.999890000000004
vertex -27.70001000000001 -21.29622000000001 10.999890000000004
vertex -27.69345000000001 -21.32943000000001 10.999890000000004
endloop
endfacet
facet normal 0 0 1
outer loop
vertex -26.31954000000001 -21.584450000000007 10.999890000000004
vertex -27.69345000000001 -21.32943000000001 10.999890000000004
vertex -27.46549000000001 -22.000190000000007 10.999890000000004
endloop
endfacet
facet normal 0 0 1
outer loop
vertex -26.31954000000001 -21.584450000000007 10.999890000000004
vertex -27.46549000000001 -22.000190000000007 10.999890000000004
vertex -24.19615000000001 -22.000190000000007 10.999890000000004
endloop
endfacet
facet normal 0 0 1
outer loop
vertex -26.31954000000001 -21.584450000000007 10.999890000000004
vertex -24.19615000000001 -22.000190000000007 10.999890000000004
vertex -24.54342000000001 -21.29622000000001 10.999890000000004
endloop
endfacet
facet normal 0 0 1
outer loop
vertex -26.31954000000001 -21.584450000000007 10.999890000000004
vertex -24.54342000000001 -21.29622000000001 10.999890000000004
vertex -27.70001000000001 -21.29622000000001 10.999890000000004
endloop
endfacet
facet normal 0 0 1
outer loop
vertex 25.98990000000001 -22.349920000000008 10.999890000000004
vertex 24.19615000000001 -22.000190000000007 10.999890000000004
vertex 23.760320000000007 -22.652500000000007 10.999890000000004
endloop
endfacet
facet normal 0 0 1
outer loop
vertex 25.98990000000001 -22.349920000000008 10.999890000000004
vertex 23.760320000000007 -22.652500000000007 10.999890000000004
vertex 27.21211000000001 -22.652500000000007 10.999890000000004
endloop
endfacet
facet normal 0 0 1
outer loop
vertex 25.98990000000001 -22.349920000000008 10.999890000000004
vertex 27.21211000000001 -22.652500000000007 10.999890000000004
vertex 27.31502000000001 -22.44422000000001 10.999890000000004
endloop
endfacet
facet normal 0 0 1
outer loop
vertex 25.98990000000001 -22.349920000000008 10.999890000000004
vertex 27.31502000000001 -22.44422000000001 10.999890000000004
vertex 27.46549000000001 -22.000190000000007 10.999890000000004
endloop
endfacet
facet normal 0 0 1
outer loop
vertex 25.98990000000001 -22.349920000000008 10.999890000000004
vertex 27.46549000000001 -22.000190000000007 10.999890000000004
vertex 24.19615000000001 -22.000190000000007 10.999890000000004
endloop
endfacet
facet normal 0 0 1
outer loop
vertex -25.98990000000001 -22.349920000000008 10.999890000000004
vertex -27.46549000000001 -22.000190000000007 10.999890000000004
vertex -27.31502000000001 -22.44422000000001 10.999890000000004
endloop
endfacet
facet normal 0 0 1
outer loop
vertex -25.98990000000001 -22.349920000000008 10.999890000000004
vertex -27.31502000000001 -22.44422000000001 10.999890000000004
vertex -27.21211000000001 -22.652500000000007 10.999890000000004
endloop
endfacet
facet normal 0 0 1
outer loop
vertex -25.98990000000001 -22.349920000000008 10.999890000000004
vertex -27.21211000000001 -22.652500000000007 10.999890000000004
vertex -23.760320000000007 -22.652500000000007 10.999890000000004
endloop
endfacet
facet normal 0 0 1
outer loop
vertex -25.98990000000001 -22.349920000000008 10.999890000000004
vertex -23.760320000000007 -22.652500000000007 10.999890000000004
vertex -24.19615000000001 -22.000190000000007 10.999890000000004
endloop
endfacet
facet normal 0 0 1
outer loop
vertex -25.98990000000001 -22.349920000000008 10.999890000000004
vertex -24.19615000000001 -22.000190000000007 10.999890000000004
vertex -27.46549000000001 -22.000190000000007 10.999890000000004
endloop
endfacet
facet normal 0 0 1
outer loop
vertex 23.760320000000007 -22.652500000000007 10.999890000000004
vertex 23.242490000000007 -23.242490000000007 10.999890000000004
vertex 26.92101000000001 -23.242490000000007 10.999890000000004
endloop
endfacet
facet normal 0 0 1
outer loop
vertex 23.760320000000007 -22.652500000000007 10.999890000000004
vertex 26.92101000000001 -23.242490000000007 10.999890000000004
vertex 27.21211000000001 -22.652500000000007 10.999890000000004
endloop
endfacet
facet normal 0 0 1
outer loop
vertex -27.21211000000001 -22.652500000000007 10.999890000000004
vertex -26.92101000000001 -23.242490000000007 10.999890000000004
vertex -23.242490000000007 -23.242490000000007 10.999890000000004
endloop
endfacet
facet normal 0 0 1
outer loop
vertex -27.21211000000001 -22.652500000000007 10.999890000000004
vertex -23.242490000000007 -23.242490000000007 10.999890000000004
vertex -23.760320000000007 -22.652500000000007 10.999890000000004
endloop
endfacet
facet normal 0 0 1
outer loop
vertex 25.24616000000001 -23.501200000000008 10.999890000000004
vertex 23.242490000000007 -23.242490000000007 10.999890000000004
vertex 22.652500000000007 -23.760320000000007 10.999890000000004
endloop
endfacet
facet normal 0 0 1
outer loop
vertex 25.24616000000001 -23.501200000000008 10.999890000000004
vertex 22.652500000000007 -23.760320000000007 10.999890000000004
vertex 26.62048000000001 -23.760320000000007 10.999890000000004
endloop
endfacet
facet normal 0 0 1
outer loop
vertex 25.24616000000001 -23.501200000000008 10.999890000000004
vertex 26.62048000000001 -23.760320000000007 10.999890000000004
vertex 26.79432000000001 -23.49997000000001 10.999890000000004
endloop
endfacet
facet normal 0 0 1
outer loop
vertex 25.24616000000001 -23.501200000000008 10.999890000000004
vertex 26.79432000000001 -23.49997000000001 10.999890000000004
vertex 26.92101000000001 -23.242490000000007 10.999890000000004
endloop
endfacet
facet normal 0 0 1
outer loop
vertex 25.24616000000001 -23.501200000000008 10.999890000000004
vertex 26.92101000000001 -23.242490000000007 10.999890000000004
vertex 23.242490000000007 -23.242490000000007 10.999890000000004
endloop
endfacet
facet normal 0 0 1
outer loop
vertex -25.24616000000001 -23.501200000000008 10.999890000000004
vertex -26.92101000000001 -23.242490000000007 10.999890000000004
vertex -26.79432000000001 -23.49997000000001 10.999890000000004
endloop
endfacet
facet normal 0 0 1
outer loop
vertex -25.24616000000001 -23.501200000000008 10.999890000000004
vertex -26.79432000000001 -23.49997000000001 10.999890000000004
vertex -26.62048000000001 -23.760320000000007 10.999890000000004
endloop
endfacet
facet normal 0 0 1
outer loop
vertex -25.24616000000001 -23.501200000000008 10.999890000000004
vertex -26.62048000000001 -23.760320000000007 10.999890000000004
vertex -22.652500000000007 -23.760320000000007 10.999890000000004
endloop
endfacet
facet normal 0 0 1
outer loop
vertex -25.24616000000001 -23.501200000000008 10.999890000000004
vertex -22.652500000000007 -23.760320000000007 10.999890000000004
vertex -23.242490000000007 -23.242490000000007 10.999890000000004
endloop
endfacet
facet normal 0 0 1
outer loop
vertex -25.24616000000001 -23.501200000000008 10.999890000000004
vertex -23.242490000000007 -23.242490000000007 10.999890000000004
vertex -26.92101000000001 -23.242490000000007 10.999890000000004
endloop
endfacet
facet normal 0 0 1
outer loop
vertex 22.652500000000007 -23.760320000000007 10.999890000000004
vertex 22.000190000000007 -24.19615000000001 10.999890000000004
vertex 26.32897000000001 -24.19615000000001 10.999890000000004
endloop
endfacet
facet normal 0 0 1
outer loop
vertex 22.652500000000007 -23.760320000000007 10.999890000000004
vertex 26.32897000000001 -24.19615000000001 10.999890000000004
vertex 26.62048000000001 -23.760320000000007 10.999890000000004
endloop
endfacet
facet normal 0 0 1
outer loop
vertex -26.62048000000001 -23.760320000000007 10.999890000000004
vertex -26.32897000000001 -24.19615000000001 10.999890000000004
vertex -22.000190000000007 -24.19615000000001 10.999890000000004
endloop
endfacet
facet normal 0 0 1
outer loop
vertex -26.62048000000001 -23.760320000000007 10.999890000000004
vertex -22.000190000000007 -24.19615000000001 10.999890000000004
vertex -22.652500000000007 -23.760320000000007 10.999890000000004
endloop
endfacet
facet normal 0 0 1
outer loop
vertex 24.36999000000001 -24.39172000000001 10.999890000000004
vertex 22.000190000000007 -24.19615000000001 10.999890000000004
vertex 21.29622000000001 -24.54342000000001 10.999890000000004
endloop
endfacet
facet normal 0 0 1
outer loop
vertex 24.36999000000001 -24.39172000000001 10.999890000000004
vertex 21.29622000000001 -24.54342000000001 10.999890000000004
vertex 26.08379000000001 -24.54342000000001 10.999890000000004
endloop
endfacet
facet normal 0 0 1
outer loop
vertex 24.36999000000001 -24.39172000000001 10.999890000000004
vertex 26.08379000000001 -24.54342000000001 10.999890000000004
vertex 26.14037000000001 -24.479050000000008 10.999890000000004
endloop
endfacet
facet normal 0 0 1
outer loop
vertex 24.36999000000001 -24.39172000000001 10.999890000000004
vertex 26.14037000000001 -24.479050000000008 10.999890000000004
vertex 26.32897000000001 -24.19615000000001 10.999890000000004
endloop
endfacet
facet normal 0 0 1
outer loop
vertex 24.36999000000001 -24.39172000000001 10.999890000000004
vertex 26.32897000000001 -24.19615000000001 10.999890000000004
vertex 22.000190000000007 -24.19615000000001 10.999890000000004
endloop
endfacet
facet normal 0 0 1
outer loop
vertex -24.36999000000001 -24.39172000000001 10.999890000000004
vertex -26.32897000000001 -24.19615000000001 10.999890000000004
vertex -26.14037000000001 -24.479050000000008 10.999890000000004
endloop
endfacet
facet normal 0 0 1
outer loop
vertex -24.36999000000001 -24.39172000000001 10.999890000000004
vertex -26.14037000000001 -24.479050000000008 10.999890000000004
vertex -26.08379000000001 -24.54342000000001 10.999890000000004
endloop
endfacet
facet normal 0 0 1
outer loop
vertex -24.36999000000001 -24.39172000000001 10.999890000000004
vertex -26.08379000000001 -24.54342000000001 10.999890000000004
vertex -21.29622000000001 -24.54342000000001 10.999890000000004
endloop
endfacet
facet normal 0 0 1
outer loop
vertex -24.36999000000001 -24.39172000000001 10.999890000000004
vertex -21.29622000000001 -24.54342000000001 10.999890000000004
vertex -22.000190000000007 -24.19615000000001 10.999890000000004
endloop
endfacet
facet normal 0 0 1
outer loop
vertex -24.36999000000001 -24.39172000000001 10.999890000000004
vertex -22.000190000000007 -24.19615000000001 10.999890000000004
vertex -26.32897000000001 -24.19615000000001 10.999890000000004
endloop
endfacet
facet normal 0 0 1
outer loop
vertex 21.29622000000001 -24.54342000000001 10.999890000000004
vertex 20.55289000000001 -24.79557000000001 10.999890000000004
vertex 25.86239000000001 -24.79557000000001 10.999890000000004
endloop
endfacet
facet normal 0 0 0.9999999999999999
outer loop
vertex 21.29622000000001 -24.54342000000001 10.999890000000004
vertex 25.86239000000001 -24.79557000000001 10.999890000000004
vertex 26.08379000000001 -24.54342000000001 10.999890000000004
endloop
endfacet
facet normal 0 0 1
outer loop
vertex -26.08379000000001 -24.54342000000001 10.999890000000004
vertex -25.86239000000001 -24.79557000000001 10.999890000000004
vertex -20.55289000000001 -24.79557000000001 10.999890000000004
endloop
endfacet
facet normal 0 0 0.9999999999999999
outer loop
vertex -26.08379000000001 -24.54342000000001 10.999890000000004
vertex -20.55289000000001 -24.79557000000001 10.999890000000004
vertex -21.29622000000001 -24.54342000000001 10.999890000000004
endloop
endfacet
facet normal 0 0 1
outer loop
vertex 20.55289000000001 -24.79557000000001 10.999890000000004
vertex 19.783320000000007 -24.94850000000001 10.999890000000004
vertex 25.72832000000001 -24.94850000000001 10.999890000000004
endloop
endfacet
facet normal 0 0 1
outer loop
vertex 20.55289000000001 -24.79557000000001 10.999890000000004
vertex 25.72832000000001 -24.94850000000001 10.999890000000004
vertex 25.86239000000001 -24.79557000000001 10.999890000000004
endloop
endfacet
facet normal 0 0 1
outer loop
vertex -25.86239000000001 -24.79557000000001 10.999890000000004
vertex -25.72832000000001 -24.94850000000001 10.999890000000004
vertex -19.783320000000007 -24.94850000000001 10.999890000000004
endloop
endfacet
facet normal 0 0 1
outer loop
vertex -25.86239000000001 -24.79557000000001 10.999890000000004
vertex -19.783320000000007 -24.94850000000001 10.999890000000004
vertex -20.55289000000001 -24.79557000000001 10.999890000000004
endloop
endfacet
facet normal 0 0 1
outer loop
vertex 19.783320000000007 -24.94850000000001 10.999890000000004
vertex 18.999810000000007 -25.000160000000008 10.999890000000004
vertex 25.68322000000001 -25.000160000000008 10.999890000000004
endloop
endfacet
facet normal 0 0 1
outer loop
vertex 19.783320000000007 -24.94850000000001 10.999890000000004
vertex 25.68322000000001 -25.000160000000008 10.999890000000004
vertex 25.72832000000001 -24.94850000000001 10.999890000000004
endloop
endfacet
facet normal 0 0 1
outer loop
vertex -25.72832000000001 -24.94850000000001 10.999890000000004
vertex -25.68322000000001 -25.000160000000008 10.999890000000004
vertex -18.999810000000007 -25.000160000000008 10.999890000000004
endloop
endfacet
facet normal 0 0 1
outer loop
vertex -25.72832000000001 -24.94850000000001 10.999890000000004
vertex -18.999810000000007 -25.000160000000008 10.999890000000004
vertex -19.783320000000007 -24.94850000000001 10.999890000000004
endloop
endfacet
facet normal 0 0 1
outer loop
vertex 0 -26.58112000000001 10.999890000000004
vertex 18.999810000000007 -25.000160000000008 10.999890000000004
vertex -18.999810000000007 -25.000160000000008 10.999890000000004
endloop
endfacet
facet normal 0 0 1
outer loop
vertex 0 -26.58112000000001 10.999890000000004
vertex -18.999810000000007 -25.000160000000008 10.999890000000004
vertex -25.68322000000001 -25.000160000000008 10.999890000000004
endloop
endfacet
facet normal 0 0 1
outer loop
vertex 0 -26.58112000000001 10.999890000000004
vertex -25.68322000000001 -25.000160000000008 10.999890000000004
vertex -25.36383000000001 -25.36383000000001 10.999890000000004
endloop
endfacet
facet normal 0 0 1
outer loop
vertex 0 -26.58112000000001 10.999890000000004
vertex -25.36383000000001 -25.36383000000001 10.999890000000004
vertex -24.479050000000008 -26.14037000000001 10.999890000000004
endloop
endfacet
facet normal 0 0 0.9999999999999999
outer loop
vertex 0 -26.58112000000001 10.999890000000004
vertex -24.479050000000008 -26.14037000000001 10.999890000000004
vertex -23.49997000000001 -26.79432000000001 10.999890000000004
endloop
endfacet
facet normal 0 0 1
outer loop
vertex 0 -26.58112000000001 10.999890000000004
vertex -23.49997000000001 -26.79432000000001 10.999890000000004
vertex -22.44422000000001 -27.31502000000001 10.999890000000004
endloop
endfacet
facet normal 0 0 0.9999999999999999
outer loop
vertex 0 -26.58112000000001 10.999890000000004
vertex -22.44422000000001 -27.31502000000001 10.999890000000004
vertex -21.32943000000001 -27.69345000000001 10.999890000000004
endloop
endfacet
facet normal 0 0 1
outer loop
vertex 0 -26.58112000000001 10.999890000000004
vertex -21.32943000000001 -27.69345000000001 10.999890000000004
vertex -20.17487000000001 -27.92305000000001 10.999890000000004
endloop
endfacet
facet normal 0 0 0.9999999999999999
outer loop
vertex 0 -26.58112000000001 10.999890000000004
vertex -20.17487000000001 -27.92305000000001 10.999890000000004
vertex -18.999810000000007 -28.00013000000001 10.999890000000004
endloop
endfacet
facet normal 0 0 0.9999999999999999
outer loop
vertex 0 -26.58112000000001 10.999890000000004
vertex -18.999810000000007 -28.00013000000001 10.999890000000004
vertex 18.999810000000007 -28.00013000000001 10.999890000000004
endloop
endfacet
facet normal 0 0 0.9999999999999999
outer loop
vertex 0 -26.58112000000001 10.999890000000004
vertex 18.999810000000007 -28.00013000000001 10.999890000000004
vertex 20.17487000000001 -27.92305000000001 10.999890000000004
endloop
endfacet
facet normal 0 0 1
outer loop
vertex 0 -26.58112000000001 10.999890000000004
vertex 20.17487000000001 -27.92305000000001 10.999890000000004
vertex 21.32943000000001 -27.69345000000001 10.999890000000004
endloop
endfacet
facet normal 0 0 0.9999999999999999
outer loop
vertex 0 -26.58112000000001 10.999890000000004
vertex 21.32943000000001 -27.69345000000001 10.999890000000004
vertex 22.44422000000001 -27.31502000000001 10.999890000000004
endloop
endfacet
facet normal 0 0 1
outer loop
vertex 0 -26.58112000000001 10.999890000000004
vertex 22.44422000000001 -27.31502000000001 10.999890000000004
vertex 23.49997000000001 -26.79432000000001 10.999890000000004
endloop
endfacet
facet normal 0 0 0.9999999999999999
outer loop
vertex 0 -26.58112000000001 10.999890000000004
vertex 23.49997000000001 -26.79432000000001 10.999890000000004
vertex 24.479050000000008 -26.14037000000001 10.999890000000004
endloop
endfacet
facet normal 0 0 1
outer loop
vertex 0 -26.58112000000001 10.999890000000004
vertex 24.479050000000008 -26.14037000000001 10.999890000000004
vertex 25.36383000000001 -25.36383000000001 10.999890000000004
endloop
endfacet
facet normal 0 0 1
outer loop
vertex 0 -26.58112000000001 10.999890000000004
vertex 25.36383000000001 -25.36383000000001 10.999890000000004
vertex 25.68322000000001 -25.000160000000008 10.999890000000004
endloop
endfacet
facet normal 0 0 1
outer loop
vertex 0 -26.58112000000001 10.999890000000004
vertex 25.68322000000001 -25.000160000000008 10.999890000000004
vertex 18.999810000000007 -25.000160000000008 10.999890000000004
endloop
endfacet
facet normal 0 0 -0.9999999999999999
outer loop
vertex 0.7806400000000003 18.619740000000007 0
vertex 18.999810000000007 28.00013000000001 0
vertex 20.17487000000001 27.92305000000001 0
endloop
endfacet
facet normal 0 0 -1
outer loop
vertex 0.7806400000000003 18.619740000000007 0
vertex 20.17487000000001 27.92305000000001 0
vertex 21.32943000000001 27.69345000000001 0
endloop
endfacet
facet normal 0 0 -1
outer loop
vertex 0.7806400000000003 18.619740000000007 0
vertex 21.32943000000001 27.69345000000001 0
vertex 22.44422000000001 27.31502000000001 0
endloop
endfacet
facet normal 0 0 -1
outer loop
vertex 0.7806400000000003 18.619740000000007 0
vertex 22.44422000000001 27.31502000000001 0
vertex 23.49997000000001 26.79432000000001 0
endloop
endfacet
facet normal 0 0 -1
outer loop
vertex 0.7806400000000003 18.619740000000007 0
vertex 23.49997000000001 26.79432000000001 0
vertex 24.479050000000008 26.14037000000001 0
endloop
endfacet
facet normal 0 0 -0.9999999999999999
outer loop
vertex 0.7806400000000003 18.619740000000007 0
vertex 24.479050000000008 26.14037000000001 0
vertex 25.36383000000001 25.36383000000001 0
endloop
endfacet
facet normal 0 0 -1
outer loop
vertex 0.7806400000000003 18.619740000000007 0
vertex 25.36383000000001 25.36383000000001 0
vertex 26.14037000000001 24.479050000000008 0
endloop
endfacet
facet normal 0 0 -1
outer loop
vertex 0.7806400000000003 18.619740000000007 0
vertex 26.14037000000001 24.479050000000008 0
vertex 26.79432000000001 23.49997000000001 0
endloop
endfacet
facet normal 0 0 -1
outer loop
vertex 0.7806400000000003 18.619740000000007 0
vertex 26.79432000000001 23.49997000000001 0
vertex 27.31502000000001 22.44422000000001 0
endloop
endfacet
facet normal 0 0 -1
outer loop
vertex 0.7806400000000003 18.619740000000007 0
vertex 27.31502000000001 22.44422000000001 0
vertex 27.69345000000001 21.32943000000001 0
endloop
endfacet
facet normal 0 0 -1
outer loop
vertex 0.7806400000000003 18.619740000000007 0
vertex 27.69345000000001 21.32943000000001 0
vertex 27.92305000000001 20.17487000000001 0
endloop
endfacet
facet normal 0 0 -1
outer loop
vertex 0.7806400000000003 18.619740000000007 0
vertex 27.92305000000001 20.17487000000001 0
vertex 28.00013000000001 18.999810000000007 0
endloop
endfacet
facet normal 0 0 -0.9999999999999999
outer loop
vertex 0.7806400000000003 18.619740000000007 0
vertex 28.00013000000001 18.999810000000007 0
vertex 28.00013000000001 2.999970000000001 0
endloop
endfacet
facet normal 0 0 -1
outer loop
vertex 0.7806400000000003 18.619740000000007 0
vertex 28.00013000000001 2.999970000000001 0
vertex 15.200340000000006 2.999970000000001 0
endloop
endfacet
facet normal 0 0 -1
outer loop
vertex 0.7806400000000003 18.619740000000007 0
vertex 15.200340000000006 2.999970000000001 0
vertex 12.043340000000004 2.999970000000001 0
endloop
endfacet
facet normal 0 0 -1
outer loop
vertex 0.7806400000000003 18.619740000000007 0
vertex 12.043340000000004 2.999970000000001 0
vertex 9.750620000000003 2.999970000000001 0
endloop
endfacet
facet normal 0 0 -1
outer loop
vertex 0.7806400000000003 18.619740000000007 0
vertex 9.750620000000003 2.999970000000001 0
vertex 5.865050000000002 2.999970000000001 0
endloop
endfacet
facet normal 0 0 -1
outer loop
vertex 0.7806400000000003 18.619740000000007 0
vertex 5.865050000000002 2.999970000000001 0
vertex 3.8056200000000016 2.999970000000001 0
endloop
endfacet
facet normal 0 0 -1
outer loop
vertex 0.7806400000000003 18.619740000000007 0
vertex 3.8056200000000016 2.999970000000001 0
vertex 0.6580500000000002 2.999970000000001 0
endloop
endfacet
facet normal 0 0 -1
outer loop
vertex 0.7806400000000003 18.619740000000007 0
vertex 0.6580500000000002 2.999970000000001 0
vertex -5.719090000000002 2.999970000000001 0
endloop
endfacet
facet normal 0 0 -0.9999999999999999
outer loop
vertex 0.7806400000000003 18.619740000000007 0
vertex -5.719090000000002 2.999970000000001 0
vertex -13.500480000000005 2.999970000000001 0
endloop
endfacet
facet normal 0 0 -1
outer loop
vertex 0.7806400000000003 18.619740000000007 0
vertex -13.500480000000005 2.999970000000001 0
vertex -28.00013000000001 2.999970000000001 0
endloop
endfacet
facet normal 0 0 -1
outer loop
vertex 0.7806400000000003 18.619740000000007 0
vertex -28.00013000000001 2.999970000000001 0
vertex -28.00013000000001 18.999810000000007 0
endloop
endfacet
facet normal 0 0 -1
outer loop
vertex 0.7806400000000003 18.619740000000007 0
vertex -28.00013000000001 18.999810000000007 0
vertex -27.92305000000001 20.17487000000001 0
endloop
endfacet
facet normal 0 0 -1
outer loop
vertex 0.7806400000000003 18.619740000000007 0
vertex -27.92305000000001 20.17487000000001 0
vertex -27.69345000000001 21.32943000000001 0
endloop
endfacet
facet normal 0 0 -1
outer loop
vertex 0.7806400000000003 18.619740000000007 0
vertex -27.69345000000001 21.32943000000001 0
vertex -27.31502000000001 22.44422000000001 0
endloop
endfacet
facet normal 0 0 -1
outer loop
vertex 0.7806400000000003 18.619740000000007 0
vertex -27.31502000000001 22.44422000000001 0
vertex -26.79432000000001 23.49997000000001 0
endloop
endfacet
facet normal 0 0 -0.9999999999999999
outer loop
vertex 0.7806400000000003 18.619740000000007 0
vertex -26.79432000000001 23.49997000000001 0
vertex -26.14037000000001 24.479050000000008 0
endloop
endfacet
facet normal 0 0 -1
outer loop
vertex 0.7806400000000003 18.619740000000007 0
vertex -26.14037000000001 24.479050000000008 0
vertex -25.36383000000001 25.36383000000001 0
endloop
endfacet
facet normal 0 0 -1
outer loop
vertex 0.7806400000000003 18.619740000000007 0
vertex -25.36383000000001 25.36383000000001 0
vertex -24.479050000000008 26.14037000000001 0
endloop
endfacet
facet normal 0 0 -1
outer loop
vertex 0.7806400000000003 18.619740000000007 0
vertex -24.479050000000008 26.14037000000001 0
vertex -23.49997000000001 26.79432000000001 0
endloop
endfacet
facet normal 0 0 -1
outer loop
vertex 0.7806400000000003 18.619740000000007 0
vertex -23.49997000000001 26.79432000000001 0
vertex -22.44422000000001 27.31502000000001 0
endloop
endfacet
facet normal 0 0 -1
outer loop
vertex 0.7806400000000003 18.619740000000007 0
vertex -22.44422000000001 27.31502000000001 0
vertex -21.32943000000001 27.69345000000001 0
endloop
endfacet
facet normal 0 0 -1
outer loop
vertex 0.7806400000000003 18.619740000000007 0
vertex -21.32943000000001 27.69345000000001 0
vertex -20.17487000000001 27.92305000000001 0
endloop
endfacet
facet normal 0 0 -1
outer loop
vertex 0.7806400000000003 18.619740000000007 0
vertex -20.17487000000001 27.92305000000001 0
vertex -18.999810000000007 28.00013000000001 0
endloop
endfacet
facet normal 0 0 -1
outer loop
vertex 0.7806400000000003 18.619740000000007 0
vertex -18.999810000000007 28.00013000000001 0
vertex 18.999810000000007 28.00013000000001 0
endloop
endfacet
facet normal 0 0 -1
outer loop
vertex -9.452960000000003 2.996280000000001 0
vertex -5.719090000000002 2.999970000000001 0
vertex -5.740820000000002 2.9942300000000013 0
endloop
endfacet
facet normal 0 0 -1
outer loop
vertex -9.452960000000003 2.996280000000001 0
vertex -5.740820000000002 2.9942300000000013 0
vertex -7.267250000000002 2.9942300000000013 0
endloop
endfacet
facet normal 0 0 -0.9999999999999999
outer loop
vertex -9.452960000000003 2.996280000000001 0
vertex -7.267250000000002 2.9942300000000013 0
vertex -11.010140000000003 2.9942300000000013 0
endloop
endfacet
facet normal 0 0 -1
outer loop
vertex -9.452960000000003 2.996280000000001 0
vertex -11.010140000000003 2.9942300000000013 0
vertex -13.479160000000006 2.9942300000000013 0
endloop
endfacet
facet normal 0 0 -1
outer loop
vertex -9.452960000000003 2.996280000000001 0
vertex -13.479160000000006 2.9942300000000013 0
vertex -13.500480000000005 2.999970000000001 0
endloop
endfacet
facet normal 0 0 -1
outer loop
vertex -9.452960000000003 2.996280000000001 0
vertex -13.500480000000005 2.999970000000001 0
vertex -5.719090000000002 2.999970000000001 0
endloop
endfacet
facet normal 0 0 -1
outer loop
vertex 7.808040000000003 2.996280000000001 0
vertex 9.750620000000003 2.999970000000001 0
vertex 9.729300000000004 2.9942300000000013 0
endloop
endfacet
facet normal 0 0 -0.9999999999999999
outer loop
vertex 7.808040000000003 2.996280000000001 0
vertex 9.729300000000004 2.9942300000000013 0
vertex 7.879380000000003 2.9942300000000013 0
endloop
endfacet
facet normal 0 0 -1
outer loop
vertex 7.808040000000003 2.996280000000001 0
vertex 7.879380000000003 2.9942300000000013 0
vertex 7.736290000000003 2.9942300000000013 0
endloop
endfacet
facet normal 0 0 -1
outer loop
vertex 7.808040000000003 2.996280000000001 0
vertex 7.736290000000003 2.9942300000000013 0
vertex 5.886370000000002 2.9942300000000013 0
endloop
endfacet
facet normal 0 0 -1
outer loop
vertex 7.808040000000003 2.996280000000001 0
vertex 5.886370000000002 2.9942300000000013 0
vertex 5.865050000000002 2.999970000000001 0
endloop
endfacet
facet normal 0 0 -1
outer loop
vertex 7.808040000000003 2.996280000000001 0
vertex 5.865050000000002 2.999970000000001 0
vertex 9.750620000000003 2.999970000000001 0
endloop
endfacet
facet normal 0 0 -1
outer loop
vertex 7.879380000000003 2.9942300000000013 0
vertex 7.808040000000003 2.9868500000000013 0
vertex 7.736290000000003 2.9942300000000013 0
endloop
endfacet
facet normal 0 0 -1
outer loop
vertex -11.010140000000003 2.9942300000000013 0
vertex -11.241790000000004 2.970450000000001 0
vertex -13.390600000000004 2.970450000000001 0
endloop
endfacet
facet normal 0 0 -1
outer loop
vertex -11.010140000000003 2.9942300000000013 0
vertex -13.390600000000004 2.970450000000001 0
vertex -13.479160000000006 2.9942300000000013 0
endloop
endfacet
facet normal 0 0 -1
outer loop
vertex -5.740820000000002 2.9942300000000013 0
vertex -5.829380000000002 2.970450000000001 0
vertex -7.035600000000002 2.970450000000001 0
endloop
endfacet
facet normal 0 0 -1
outer loop
vertex -5.740820000000002 2.9942300000000013 0
vertex -7.035600000000002 2.970450000000001 0
vertex -7.267250000000002 2.9942300000000013 0
endloop
endfacet
facet normal 0 0 -1
outer loop
vertex 6.9880400000000025 2.981110000000001 0
vertex 7.736290000000003 2.9942300000000013 0
vertex 7.694060000000003 2.975370000000001 0
endloop
endfacet
facet normal 0 0 -1
outer loop
vertex 6.9880400000000025 2.981110000000001 0
vertex 7.694060000000003 2.975370000000001 0
vertex 7.647730000000003 2.970450000000001 0
endloop
endfacet
facet normal 0 0 -1
outer loop
vertex 6.9880400000000025 2.981110000000001 0
vertex 7.647730000000003 2.970450000000001 0
vertex 5.974930000000002 2.970450000000001 0
endloop
endfacet
facet normal 0 0 -0.9999999999999999
outer loop
vertex 6.9880400000000025 2.981110000000001 0
vertex 5.974930000000002 2.970450000000001 0
vertex 5.886370000000002 2.9942300000000013 0
endloop
endfacet
facet normal 0 0 -1
outer loop
vertex 6.9880400000000025 2.981110000000001 0
vertex 5.886370000000002 2.9942300000000013 0
vertex 7.736290000000003 2.9942300000000013 0
endloop
endfacet
facet normal 0 0 -1
outer loop
vertex 8.627630000000003 2.981110000000001 0
vertex 9.729300000000004 2.9942300000000013 0
vertex 9.640740000000003 2.970450000000001 0
endloop
endfacet
facet normal 0 0 -1
outer loop
vertex 8.627630000000003 2.981110000000001 0
vertex 9.640740000000003 2.970450000000001 0
vertex 7.967940000000003 2.970450000000001 0
endloop
endfacet
facet normal 0 0 -1
outer loop
vertex 8.627630000000003 2.981110000000001 0
vertex 7.967940000000003 2.970450000000001 0
vertex 7.921610000000003 2.975370000000001 0
endloop
endfacet
facet normal 0 0 -1
outer loop
vertex 8.627630000000003 2.981110000000001 0
vertex 7.921610000000003 2.975370000000001 0
vertex 7.879380000000003 2.9942300000000013 0
endloop
endfacet
facet normal 0 0 -1
outer loop
vertex 8.627630000000003 2.981110000000001 0
vertex 7.879380000000003 2.9942300000000013 0
vertex 9.729300000000004 2.9942300000000013 0
endloop
endfacet
facet normal 0 0 -1
outer loop
vertex -13.500480000000005 2.999970000000001 0
vertex -13.725570000000005 2.939700000000001 0
vertex -28.00013000000001 2.939700000000001 0
endloop
endfacet
facet normal 0 0 -0.9999999999999999
outer loop
vertex -13.500480000000005 2.999970000000001 0
vertex -28.00013000000001 2.939700000000001 0
vertex -28.00013000000001 2.999970000000001 0
endloop
endfacet
facet normal 0 0 -1
outer loop
vertex -11.241790000000004 2.970450000000001 0
vertex -11.284430000000004 2.939700000000001 0
vertex -13.275390000000005 2.939700000000001 0
endloop
endfacet
facet normal 0 0 -1
outer loop
vertex -11.241790000000004 2.970450000000001 0
vertex -13.275390000000005 2.939700000000001 0
vertex -13.390600000000004 2.970450000000001 0
endloop
endfacet
facet normal 0 0 -1
outer loop
vertex -5.829380000000002 2.970450000000001 0
vertex -5.944180000000002 2.939700000000001 0
vertex -6.992960000000003 2.939700000000001 0
endloop
endfacet
facet normal 0 0 -1
outer loop
vertex -5.829380000000002 2.970450000000001 0
vertex -6.992960000000003 2.939700000000001 0
vertex -7.035600000000002 2.970450000000001 0
endloop
endfacet
facet normal 0 0 -0.9999999999999999
outer loop
vertex 0.6580500000000002 2.999970000000001 0
vertex 0.4329600000000002 2.939700000000001 0
vertex -5.494410000000002 2.939700000000001 0
endloop
endfacet
facet normal 0 0 -1
outer loop
vertex 0.6580500000000002 2.999970000000001 0
vertex -5.494410000000002 2.939700000000001 0
vertex -5.719090000000002 2.999970000000001 0
endloop
endfacet
facet normal 0 0 -1
outer loop
vertex 3.8056200000000016 2.999970000000001 0
vertex 3.5805300000000013 2.939700000000001 0
vertex 0.8831400000000004 2.939700000000001 0
endloop
endfacet
facet normal 0 0 -1
outer loop
vertex 3.8056200000000016 2.999970000000001 0
vertex 0.8831400000000004 2.939700000000001 0
vertex 0.6580500000000002 2.999970000000001 0
endloop
endfacet
facet normal 0 0 -1
outer loop
vertex 5.865050000000002 2.999970000000001 0
vertex 5.639960000000002 2.939700000000001 0
vertex 4.030710000000002 2.939700000000001 0
endloop
endfacet
facet normal 0 0 -1
outer loop
vertex 5.865050000000002 2.999970000000001 0
vertex 4.030710000000002 2.939700000000001 0
vertex 3.8056200000000016 2.999970000000001 0
endloop
endfacet
facet normal 0 0 -1
outer loop
vertex 7.647730000000003 2.970450000000001 0
vertex 7.605090000000003 2.939700000000001 0
vertex 6.0901400000000026 2.939700000000001 0
endloop
endfacet
facet normal 0 0 -1
outer loop
vertex 7.647730000000003 2.970450000000001 0
vertex 6.0901400000000026 2.939700000000001 0
vertex 5.974930000000002 2.970450000000001 0
endloop
endfacet
facet normal 0 0 -1
outer loop
vertex 9.640740000000003 2.970450000000001 0
vertex 9.525530000000003 2.939700000000001 0
vertex 8.010580000000003 2.939700000000001 0
endloop
endfacet
facet normal 0 0 -1
outer loop
vertex 9.640740000000003 2.970450000000001 0
vertex 8.010580000000003 2.939700000000001 0
vertex 7.967940000000003 2.970450000000001 0
endloop
endfacet
facet normal 0 0 -1
outer loop
vertex 12.043340000000004 2.999970000000001 0
vertex 11.818250000000004 2.939700000000001 0
vertex 9.975710000000003 2.939700000000001 0
endloop
endfacet
facet normal 0 0 -1
outer loop
vertex 12.043340000000004 2.999970000000001 0
vertex 9.975710000000003 2.939700000000001 0
vertex 9.750620000000003 2.999970000000001 0
endloop
endfacet
facet normal 0 0 -0.9999999999999999
outer loop
vertex 28.00013000000001 2.999970000000001 0
vertex 28.00013000000001 2.939700000000001 0
vertex 15.425430000000006 2.939700000000001 0
endloop
endfacet
facet normal 0 0 -1
outer loop
vertex 28.00013000000001 2.999970000000001 0
vertex 15.425430000000006 2.939700000000001 0
vertex 15.200340000000006 2.999970000000001 0
endloop
endfacet
facet normal 0 0 -1
outer loop
vertex -7.267250000000002 2.9942300000000013 0
vertex -7.4800400000000025 2.899110000000001 0
vertex -10.797350000000003 2.899110000000001 0
endloop
endfacet
facet normal 0 0 -1
outer loop
vertex -7.267250000000002 2.9942300000000013 0
vertex -10.797350000000003 2.899110000000001 0
vertex -11.010140000000003 2.9942300000000013 0
endloop
endfacet
facet normal 0 0 -1
outer loop
vertex 6.9880400000000025 2.921250000000001 0
vertex 7.605090000000003 2.939700000000001 0
vertex 7.589510000000002 2.928220000000001 0
endloop
endfacet
facet normal 0 0 -1
outer loop
vertex 6.9880400000000025 2.921250000000001 0
vertex 7.589510000000002 2.928220000000001 0
vertex 7.5239100000000025 2.899110000000001 0
endloop
endfacet
facet normal 0 0 -1
outer loop
vertex 6.9880400000000025 2.921250000000001 0
vertex 7.5239100000000025 2.899110000000001 0
vertex 6.1307300000000025 2.899110000000001 0
endloop
endfacet
facet normal 0 0 -1
outer loop
vertex 6.9880400000000025 2.921250000000001 0
vertex 6.1307300000000025 2.899110000000001 0
vertex 6.0901400000000026 2.939700000000001 0
endloop
endfacet
facet normal 0 0 -0.9999999999999999
outer loop
vertex 6.9880400000000025 2.921250000000001 0
vertex 6.0901400000000026 2.939700000000001 0
vertex 7.605090000000003 2.939700000000001 0
endloop
endfacet
facet normal 0 0 -1
outer loop
vertex 8.627630000000003 2.921250000000001 0
vertex 9.525530000000003 2.939700000000001 0
vertex 9.484940000000003 2.899110000000001 0
endloop
endfacet
facet normal 0 0 -1
outer loop
vertex 8.627630000000003 2.921250000000001 0
vertex 9.484940000000003 2.899110000000001 0
vertex 8.091760000000003 2.899110000000001 0
endloop
endfacet
facet normal 0 0 -1
outer loop
vertex 8.627630000000003 2.921250000000001 0
vertex 8.091760000000003 2.899110000000001 0
vertex 8.026160000000003 2.928220000000001 0
endloop
endfacet
facet normal 0 0 -1
outer loop
vertex 8.627630000000003 2.921250000000001 0
vertex 8.026160000000003 2.928220000000001 0
vertex 8.010580000000003 2.939700000000001 0
endloop
endfacet
facet normal 0 0 -0.9999999999999999
outer loop
vertex 8.627630000000003 2.921250000000001 0
vertex 8.010580000000003 2.939700000000001 0
vertex 9.525530000000003 2.939700000000001 0
endloop
endfacet
facet normal 0 0 -1
outer loop
vertex -11.284430000000004 2.939700000000001 0
vertex -11.430390000000004 2.833920000000001 0
vertex -13.169610000000006 2.833920000000001 0
endloop
endfacet
facet normal 0 0 -1
outer loop
vertex -11.284430000000004 2.939700000000001 0
vertex -13.169610000000006 2.833920000000001 0
vertex -13.275390000000005 2.939700000000001 0
endloop
endfacet
facet normal 0 0 -1
outer loop
vertex -5.944180000000002 2.939700000000001 0
vertex -6.049960000000002 2.833920000000001 0
vertex -6.847000000000002 2.833920000000001 0
endloop
endfacet
facet normal 0 0 -0.9999999999999999
outer loop
vertex -5.944180000000002 2.939700000000001 0
vertex -6.847000000000002 2.833920000000001 0
vertex -6.992960000000003 2.939700000000001 0
endloop
endfacet
facet normal 0 0 -1
outer loop
vertex 6.960980000000003 2.865490000000001 0
vertex 7.5239100000000025 2.899110000000001 0
vertex 7.496440000000002 2.861390000000001 0
endloop
endfacet
facet normal 0 0 -1
outer loop
vertex 6.960980000000003 2.865490000000001 0
vertex 7.496440000000002 2.861390000000001 0
vertex 7.458720000000003 2.833920000000001 0
endloop
endfacet
facet normal 0 0 -0.9999999999999999
outer loop
vertex 6.960980000000003 2.865490000000001 0
vertex 7.458720000000003 2.833920000000001 0
vertex 6.195510000000002 2.833920000000001 0
endloop
endfacet
facet normal 0 0 -1
outer loop
vertex 6.960980000000003 2.865490000000001 0
vertex 6.195510000000002 2.833920000000001 0
vertex 6.1307300000000025 2.899110000000001 0
endloop
endfacet
facet normal 0 0 -1
outer loop
vertex 6.960980000000003 2.865490000000001 0
vertex 6.1307300000000025 2.899110000000001 0
vertex 7.5239100000000025 2.899110000000001 0
endloop
endfacet
facet normal 0 0 -0.9999999999999999
outer loop
vertex 8.654690000000004 2.865490000000001 0
vertex 9.484940000000003 2.899110000000001 0
vertex 9.420160000000003 2.833920000000001 0
endloop
endfacet
facet normal 0 0 -1
outer loop
vertex 8.654690000000004 2.865490000000001 0
vertex 9.420160000000003 2.833920000000001 0
vertex 8.156950000000004 2.833920000000001 0
endloop
endfacet
facet normal 0 0 -0.9999999999999999
outer loop
vertex 8.654690000000004 2.865490000000001 0
vertex 8.156950000000004 2.833920000000001 0
vertex 8.119230000000003 2.861390000000001 0
endloop
endfacet
facet normal 0 0 -1
outer loop
vertex 8.654690000000004 2.865490000000001 0
vertex 8.119230000000003 2.861390000000001 0
vertex 8.091760000000003 2.899110000000001 0
endloop
endfacet
facet normal 0 0 -1
outer loop
vertex 8.654690000000004 2.865490000000001 0
vertex 8.091760000000003 2.899110000000001 0
vertex 9.484940000000003 2.899110000000001 0
endloop
endfacet
facet normal 0 0 -1
outer loop
vertex -13.725570000000005 2.939700000000001 0
vertex -13.889980000000005 2.774880000000001 0
vertex -28.00013000000001 2.774880000000001 0
endloop
endfacet
facet normal 0 0 -1
outer loop
vertex -13.725570000000005 2.939700000000001 0
vertex -28.00013000000001 2.774880000000001 0
vertex -28.00013000000001 2.939700000000001 0
endloop
endfacet
facet normal 0 0 -1
outer loop
vertex -11.430390000000004 2.833920000000001 0
vertex -11.457040000000005 2.774880000000001 0
vertex -13.110570000000004 2.774880000000001 0
endloop
endfacet
facet normal 0 0 -1
outer loop
vertex -11.430390000000004 2.833920000000001 0
vertex -13.110570000000004 2.774880000000001 0
vertex -13.169610000000006 2.833920000000001 0
endloop
endfacet
facet normal 0 0 -0.9999999999999999
outer loop
vertex -6.049960000000002 2.833920000000001 0
vertex -6.109000000000003 2.774880000000001 0
vertex -6.820350000000002 2.774880000000001 0
endloop
endfacet
facet normal 0 0 -0.9999999999999999
outer loop
vertex -6.049960000000002 2.833920000000001 0
vertex -6.820350000000002 2.774880000000001 0
vertex -6.847000000000002 2.833920000000001 0
endloop
endfacet
facet normal 0 0 -0.9999999999999999
outer loop
vertex 0.4329600000000002 2.939700000000001 0
vertex 0.2685500000000001 2.774880000000001 0
vertex -5.329590000000002 2.774880000000001 0
endloop
endfacet
facet normal 0 0 -1
outer loop
vertex 0.4329600000000002 2.939700000000001 0
vertex -5.329590000000002 2.774880000000001 0
vertex -5.494410000000002 2.939700000000001 0
endloop
endfacet
facet normal 0 0 -0.9999999999999999
outer loop
vertex 3.5805300000000013 2.939700000000001 0
vertex 3.415710000000001 2.774880000000001 0
vertex 1.0479600000000004 2.774880000000001 0
endloop
endfacet
facet normal 0 0 -0.9999999999999999
outer loop
vertex 3.5805300000000013 2.939700000000001 0
vertex 1.0479600000000004 2.774880000000001 0
vertex 0.8831400000000004 2.939700000000001 0
endloop
endfacet
facet normal 0 0 -1
outer loop
vertex 5.639960000000002 2.939700000000001 0
vertex 5.475140000000002 2.774880000000001 0
vertex 4.195120000000002 2.774880000000001 0
endloop
endfacet
facet normal 0 0 -1
outer loop
vertex 5.639960000000002 2.939700000000001 0
vertex 4.195120000000002 2.774880000000001 0
vertex 4.030710000000002 2.939700000000001 0
endloop
endfacet
facet normal 0 0 -1
outer loop
vertex 7.458720000000003 2.833920000000001 0
vertex 7.432480000000003 2.774880000000001 0
vertex 6.254550000000003 2.774880000000001 0
endloop
endfacet
facet normal 0 0 -1
outer loop
vertex 7.458720000000003 2.833920000000001 0
vertex 6.254550000000003 2.774880000000001 0
vertex 6.195510000000002 2.833920000000001 0
endloop
endfacet
facet normal 0 0 -1
outer loop
vertex 9.420160000000003 2.833920000000001 0
vertex 9.361120000000003 2.774880000000001 0
vertex 8.183190000000003 2.774880000000001 0
endloop
endfacet
facet normal 0 0 -1
outer loop
vertex 9.420160000000003 2.833920000000001 0
vertex 8.183190000000003 2.774880000000001 0
vertex 8.156950000000004 2.833920000000001 0
endloop
endfacet
facet normal 0 0 -0.9999999999999999
outer loop
vertex 11.818250000000004 2.939700000000001 0
vertex 11.653430000000004 2.774880000000001 0
vertex 10.140530000000004 2.774880000000001 0
endloop
endfacet
facet normal 0 0 -0.9999999999999999
outer loop
vertex 11.818250000000004 2.939700000000001 0
vertex 10.140530000000004 2.774880000000001 0
vertex 9.975710000000003 2.939700000000001 0
endloop
endfacet
facet normal 0 0 -1
outer loop
vertex 28.00013000000001 2.939700000000001 0
vertex 28.00013000000001 2.774880000000001 0
vertex 15.590250000000006 2.774880000000001 0
endloop
endfacet
facet normal 0 0 -1
outer loop
vertex 28.00013000000001 2.939700000000001 0
vertex 15.590250000000006 2.774880000000001 0
vertex 15.425430000000006 2.939700000000001 0
endloop
endfacet
facet normal 0 0 -1
outer loop
vertex -7.4800400000000025 2.899110000000001 0
vertex -7.616570000000003 2.710100000000001 0
vertex -10.661230000000003 2.710100000000001 0
endloop
endfacet
facet normal 0 0 -1
outer loop
vertex -7.4800400000000025 2.899110000000001 0
vertex -10.661230000000003 2.710100000000001 0
vertex -10.797350000000003 2.899110000000001 0
endloop
endfacet
facet normal 0 0 -1
outer loop
vertex 6.9552400000000025 2.747820000000001 0
vertex 7.432480000000003 2.774880000000001 0
vertex 7.429610000000003 2.768320000000001 0
endloop
endfacet
facet normal 0 0 -1
outer loop
vertex 6.9552400000000025 2.747820000000001 0
vertex 7.429610000000003 2.768320000000001 0
vertex 7.387380000000003 2.710100000000001 0
endloop
endfacet
facet normal 0 0 -1
outer loop
vertex 6.9552400000000025 2.747820000000001 0
vertex 7.387380000000003 2.710100000000001 0
vertex 6.272180000000002 2.710100000000001 0
endloop
endfacet
facet normal 0 0 -1
outer loop
vertex 6.9552400000000025 2.747820000000001 0
vertex 6.272180000000002 2.710100000000001 0
vertex 6.254550000000003 2.774880000000001 0
endloop
endfacet
facet normal 0 0 -1
outer loop
vertex 6.9552400000000025 2.747820000000001 0
vertex 6.254550000000003 2.774880000000001 0
vertex 7.432480000000003 2.774880000000001 0
endloop
endfacet
facet normal 0 0 -1
outer loop
vertex 8.660430000000003 2.747820000000001 0
vertex 9.361120000000003 2.774880000000001 0
vertex 9.343490000000003 2.710100000000001 0
endloop
endfacet
facet normal 0 0 -1
outer loop
vertex 8.660430000000003 2.747820000000001 0
vertex 9.343490000000003 2.710100000000001 0
vertex 8.228290000000003 2.710100000000001 0
endloop
endfacet
facet normal 0 0 -1
outer loop
vertex 8.660430000000003 2.747820000000001 0
vertex 8.228290000000003 2.710100000000001 0
vertex 8.186060000000003 2.768320000000001 0
endloop
endfacet
facet normal 0 0 -1
outer loop
vertex 8.660430000000003 2.747820000000001 0
vertex 8.186060000000003 2.768320000000001 0
vertex 8.183190000000003 2.774880000000001 0
endloop
endfacet
facet normal 0 0 -1
outer loop
vertex 8.660430000000003 2.747820000000001 0
vertex 8.183190000000003 2.774880000000001 0
vertex 9.361120000000003 2.774880000000001 0
endloop
endfacet
facet normal 0 0 -1
outer loop
vertex -11.457040000000005 2.774880000000001 0
vertex -11.525920000000005 2.621540000000001 0
vertex -13.069570000000004 2.621540000000001 0
endloop
endfacet
facet normal 0 0 -1
outer loop
vertex -11.457040000000005 2.774880000000001 0
vertex -13.069570000000004 2.621540000000001 0
vertex -13.110570000000004 2.774880000000001 0
endloop
endfacet
facet normal 0 0 -1
outer loop
vertex -6.109000000000003 2.774880000000001 0
vertex -6.150000000000002 2.621540000000001 0
vertex -6.751470000000003 2.621540000000001 0
endloop
endfacet
facet normal 0 0 -1
outer loop
vertex -6.109000000000003 2.774880000000001 0
vertex -6.751470000000003 2.621540000000001 0
vertex -6.820350000000002 2.774880000000001 0
endloop
endfacet
facet normal 0 0 -0.9999999999999999
outer loop
vertex -13.889980000000005 2.774880000000001 0
vertex -13.950250000000006 2.550200000000001 0
vertex -28.00013000000001 2.550200000000001 0
endloop
endfacet
facet normal 0 0 -1
outer loop
vertex -13.889980000000005 2.774880000000001 0
vertex -28.00013000000001 2.550200000000001 0
vertex -28.00013000000001 2.774880000000001 0
endloop
endfacet
facet normal 0 0 -1
outer loop
vertex -11.525920000000005 2.621540000000001 0
vertex -11.518540000000005 2.550200000000001 0
vertex -13.050300000000005 2.550200000000001 0
endloop
endfacet
facet normal 0 0 -1
outer loop
vertex -11.525920000000005 2.621540000000001 0
vertex -13.050300000000005 2.550200000000001 0
vertex -13.069570000000004 2.621540000000001 0
endloop
endfacet
facet normal 0 0 -1
outer loop
vertex -6.150000000000002 2.621540000000001 0
vertex -6.169270000000003 2.550200000000001 0
vertex -6.7588500000000025 2.550200000000001 0
endloop
endfacet
facet normal 0 0 -1
outer loop
vertex -6.150000000000002 2.621540000000001 0
vertex -6.7588500000000025 2.550200000000001 0
vertex -6.751470000000003 2.621540000000001 0
endloop
endfacet
facet normal 0 0 -1
outer loop
vertex 0.2685500000000001 2.774880000000001 0
vertex 0.20828000000000008 2.550200000000001 0
vertex -5.269320000000002 2.550200000000001 0
endloop
endfacet
facet normal 0 0 -1
outer loop
vertex 0.2685500000000001 2.774880000000001 0
vertex -5.269320000000002 2.550200000000001 0
vertex -5.329590000000002 2.774880000000001 0
endloop
endfacet
facet normal 0 0 -1
outer loop
vertex 3.415710000000001 2.774880000000001 0
vertex 3.355440000000001 2.550200000000001 0
vertex 1.1082300000000005 2.550200000000001 0
endloop
endfacet
facet normal 0 0 -1
outer loop
vertex 3.415710000000001 2.774880000000001 0
vertex 1.1082300000000005 2.550200000000001 0
vertex 1.0479600000000004 2.774880000000001 0
endloop
endfacet
facet normal 0 0 -1
outer loop
vertex 5.475140000000002 2.774880000000001 0
vertex 5.414870000000002 2.550200000000001 0
vertex 4.255390000000002 2.550200000000001 0
endloop
endfacet
facet normal 0 0 -1
outer loop
vertex 5.475140000000002 2.774880000000001 0
vertex 4.255390000000002 2.550200000000001 0
vertex 4.195120000000002 2.774880000000001 0
endloop
endfacet
facet normal 0 0 -1
outer loop
vertex 7.387380000000003 2.710100000000001 0
vertex 7.326290000000003 2.550200000000001 0
vertex 6.314820000000003 2.550200000000001 0
endloop
endfacet
facet normal 0 0 -1
outer loop
vertex 7.387380000000003 2.710100000000001 0
vertex 6.314820000000003 2.550200000000001 0
vertex 6.272180000000002 2.710100000000001 0
endloop
endfacet
facet normal 0 0 -1
outer loop
vertex 9.343490000000003 2.710100000000001 0
vertex 9.300850000000004 2.550200000000001 0
vertex 8.289380000000003 2.550200000000001 0
endloop
endfacet
facet normal 0 0 -1
outer loop
vertex 9.343490000000003 2.710100000000001 0
vertex 8.289380000000003 2.550200000000001 0
vertex 8.228290000000003 2.710100000000001 0
endloop
endfacet
facet normal 0 0 -1
outer loop
vertex 11.653430000000004 2.774880000000001 0
vertex 11.593160000000005 2.550200000000001 0
vertex 10.200800000000005 2.550200000000001 0
endloop
endfacet
facet normal 0 0 -1
outer loop
vertex 11.653430000000004 2.774880000000001 0
vertex 10.200800000000005 2.550200000000001 0
vertex 10.140530000000004 2.774880000000001 0
endloop
endfacet
facet normal 0 0 -1
outer loop
vertex 28.00013000000001 2.774880000000001 0
vertex 28.00013000000001 2.550200000000001 0
vertex 15.650520000000006 2.550200000000001 0
endloop
endfacet
facet normal 0 0 -1
outer loop
vertex 28.00013000000001 2.774880000000001 0
vertex 15.650520000000006 2.550200000000001 0
vertex 15.590250000000006 2.774880000000001 0
endloop
endfacet
facet normal 0 0 -1
outer loop
vertex -11.518540000000005 2.550200000000001 0
vertex -11.502140000000004 2.3898900000000007 0
vertex -13.050300000000005 2.3898900000000007 0
endloop
endfacet
facet normal 0 0 -1
outer loop
vertex -11.518540000000005 2.550200000000001 0
vertex -13.050300000000005 2.3898900000000007 0
vertex -13.050300000000005 2.550200000000001 0
endloop
endfacet
facet normal 0 0 -1
outer loop
vertex -6.169270000000003 2.550200000000001 0
vertex -6.169270000000003 2.3898900000000007 0
vertex -6.775250000000002 2.3898900000000007 0
endloop
endfacet
facet normal 0 0 -1
outer loop
vertex -6.169270000000003 2.550200000000001 0
vertex -6.775250000000002 2.3898900000000007 0
vertex -6.7588500000000025 2.550200000000001 0
endloop
endfacet
facet normal 0 0 -1
outer loop
vertex 28.00013000000001 2.550200000000001 0
vertex 28.00013000000001 2.325110000000001 0
vertex 15.590250000000006 2.325110000000001 0
endloop
endfacet
facet normal 0 0 -0.9999999999999999
outer loop
vertex 28.00013000000001 2.550200000000001 0
vertex 15.590250000000006 2.325110000000001 0
vertex 15.650520000000006 2.550200000000001 0
endloop
endfacet
facet normal 0 0 -1
outer loop
vertex 28.00013000000001 2.325110000000001 0
vertex 28.00013000000001 2.1602900000000007 0
vertex 15.425430000000006 2.1602900000000007 0
endloop
endfacet
facet normal 0 0 -1
outer loop
vertex 28.00013000000001 2.325110000000001 0
vertex 15.425430000000006 2.1602900000000007 0
vertex 15.590250000000006 2.325110000000001 0
endloop
endfacet
facet normal 0 0 -1
outer loop
vertex 28.00013000000001 2.1602900000000007 0
vertex 28.00013000000001 2.1000200000000007 0
vertex 15.200340000000006 2.1000200000000007 0
endloop
endfacet
facet normal 0 0 -0.9999999999999999
outer loop
vertex 28.00013000000001 2.1602900000000007 0
vertex 15.200340000000006 2.1000200000000007 0
vertex 15.425430000000006 2.1602900000000007 0
endloop
endfacet
facet normal 0 0 -1
outer loop
vertex -7.616570000000003 2.710100000000001 0
vertex -8.153670000000004 1.3001100000000005 0
vertex -10.123720000000004 1.3001100000000005 0
endloop
endfacet
facet normal 0 0 -1
outer loop
vertex -7.616570000000003 2.710100000000001 0
vertex -10.123720000000004 1.3001100000000005 0
vertex -10.661230000000003 2.710100000000001 0
endloop
endfacet
facet normal 0 0 -1
outer loop
vertex -2.731010000000001 1.3628400000000005 0
vertex 0.20828000000000008 2.550200000000001 0
vertex 0.20828000000000008 0.5715400000000002 0
endloop
endfacet
facet normal 0 0 -1
outer loop
vertex -2.731010000000001 1.3628400000000005 0
vertex 0.20828000000000008 0.5715400000000002 0
vertex -3.5333800000000015 0.5715400000000002 0
endloop
endfacet
facet normal 0 0 -1
outer loop
vertex -2.731010000000001 1.3628400000000005 0
vertex -3.5333800000000015 0.5715400000000002 0
vertex -5.269320000000002 0.5715400000000002 0
endloop
endfacet
facet normal 0 0 -1
outer loop
vertex -2.731010000000001 1.3628400000000005 0
vertex -5.269320000000002 0.5715400000000002 0
vertex -5.269320000000002 2.550200000000001 0
endloop
endfacet
facet normal 0 0 -1
outer loop
vertex -2.731010000000001 1.3628400000000005 0
vertex -5.269320000000002 2.550200000000001 0
vertex 0.20828000000000008 2.550200000000001 0
endloop
endfacet
facet normal 0 0 -1
outer loop
vertex 0.20828000000000008 0.5715400000000002 0
vertex 0.20828000000000008 0.5481700000000002 0
vertex -3.391110000000001 0.5481700000000002 0
endloop
endfacet
facet normal 0 0 -1
outer loop
vertex 0.20828000000000008 0.5715400000000002 0
vertex -3.391110000000001 0.5481700000000002 0
vertex -3.5333800000000015 0.5715400000000002 0
endloop
endfacet
facet normal 0 0 -1
outer loop
vertex 18.362260000000006 1.2140100000000005 0
vertex 15.200340000000006 2.1000200000000007 0
vertex 28.00013000000001 2.1000200000000007 0
endloop
endfacet
facet normal 0 0 -1
outer loop
vertex 18.362260000000006 1.2140100000000005 0
vertex 28.00013000000001 2.1000200000000007 0
vertex 28.00013000000001 0.32841000000000015 0
endloop
endfacet
facet normal 0 0 -1
outer loop
vertex 18.362260000000006 1.2140100000000005 0
vertex 28.00013000000001 0.32841000000000015 0
vertex 13.986330000000006 0.32841000000000015 0
endloop
endfacet
facet normal 0 0 -1
outer loop
vertex 18.362260000000006 1.2140100000000005 0
vertex 13.986330000000006 0.32841000000000015 0
vertex 12.493110000000005 0.32841000000000015 0
endloop
endfacet
facet normal 0 0 -1
outer loop
vertex 18.362260000000006 1.2140100000000005 0
vertex 12.493110000000005 0.32841000000000015 0
vertex 12.493110000000005 2.1000200000000007 0
endloop
endfacet
facet normal 0 0 -1
outer loop
vertex 18.362260000000006 1.2140100000000005 0
vertex 12.493110000000005 2.1000200000000007 0
vertex 15.200340000000006 2.1000200000000007 0
endloop
endfacet
facet normal 0 0 -1
outer loop
vertex 0.20828000000000008 0.5481700000000002 0
vertex 0.20828000000000008 0.3054500000000001 0
vertex -2.662540000000001 0.3054500000000001 0
endloop
endfacet
facet normal 0 0 -0.9999999999999999
outer loop
vertex 0.20828000000000008 0.5481700000000002 0
vertex -2.662540000000001 0.3054500000000001 0
vertex -3.391110000000001 0.5481700000000002 0
endloop
endfacet
facet normal 0 0 -1
outer loop
vertex 28.00013000000001 0.32841000000000015 0
vertex 28.00013000000001 0.2681400000000001 0
vertex 14.211010000000005 0.2681400000000001 0
endloop
endfacet
facet normal 0 0 -1
outer loop
vertex 28.00013000000001 0.32841000000000015 0
vertex 14.211010000000005 0.2681400000000001 0
vertex 13.986330000000006 0.32841000000000015 0
endloop
endfacet
facet normal 0 0 -0.9999999999999999
outer loop
vertex 0.20828000000000008 0.3054500000000001 0
vertex 0.20828000000000008 0.19680000000000009 0
vertex -2.486650000000001 0.19680000000000009 0
endloop
endfacet
facet normal 0 0 -1
outer loop
vertex 0.20828000000000008 0.3054500000000001 0
vertex -2.486650000000001 0.19680000000000009 0
vertex -2.662540000000001 0.3054500000000001 0
endloop
endfacet
facet normal 0 0 -1
outer loop
vertex 28.00013000000001 0.2681400000000001 0
vertex 28.00013000000001 0.10373000000000004 0
vertex 14.375830000000006 0.10373000000000004 0
endloop
endfacet
facet normal 0 0 -1
outer loop
vertex 28.00013000000001 0.2681400000000001 0
vertex 14.375830000000006 0.10373000000000004 0
vertex 14.211010000000005 0.2681400000000001 0
endloop
endfacet
facet normal 0 0 -1
outer loop
vertex 0.20828000000000008 0.19680000000000009 0
vertex 0.20828000000000008 -0.045920000000000016 0
vertex -2.2439300000000006 -0.045920000000000016 0
endloop
endfacet
facet normal 0 0 -0.9999999999999999
outer loop
vertex 0.20828000000000008 0.19680000000000009 0
vertex -2.2439300000000006 -0.045920000000000016 0
vertex -2.486650000000001 0.19680000000000009 0
endloop
endfacet
facet normal 0 0 -1
outer loop
vertex 7.326290000000003 2.550200000000001 0
vertex 6.314820000000003 -0.10455000000000005 0
vertex 6.314820000000003 2.550200000000001 0
endloop
endfacet
facet normal 0 0 -1
outer loop
vertex 9.300850000000004 2.550200000000001 0
vertex 9.300850000000004 -0.10455000000000005 0
vertex 8.289380000000003 2.550200000000001 0
endloop
endfacet
facet normal 0 0 -0.9999999999999999
outer loop
vertex 28.00013000000001 0.10373000000000004 0
vertex 28.00013000000001 -0.12136000000000005 0
vertex 14.436100000000005 -0.12136000000000005 0
endloop
endfacet
facet normal 0 0 -0.9999999999999999
outer loop
vertex 28.00013000000001 0.10373000000000004 0
vertex 14.436100000000005 -0.12136000000000005 0
vertex 14.375830000000006 0.10373000000000004 0
endloop
endfacet
facet normal 0 0 -1
outer loop
vertex 0.20828000000000008 -0.045920000000000016 0
vertex 0.20828000000000008 -0.16318000000000007 0
vertex -2.1594700000000007 -0.16318000000000007 0
endloop
endfacet
facet normal 0 0 -1
outer loop
vertex 0.20828000000000008 -0.045920000000000016 0
vertex -2.1594700000000007 -0.16318000000000007 0
vertex -2.2439300000000006 -0.045920000000000016 0
endloop
endfacet
facet normal 0 0 -0.9999999999999999
outer loop
vertex 28.00013000000001 -0.12136000000000005 0
vertex 28.00013000000001 -0.34645000000000015 0
vertex 14.375830000000006 -0.34645000000000015 0
endloop
endfacet
facet normal 0 0 -0.9999999999999999
outer loop
vertex 28.00013000000001 -0.12136000000000005 0
vertex 14.375830000000006 -0.34645000000000015 0
vertex 14.436100000000005 -0.12136000000000005 0
endloop
endfacet
facet normal 0 0 -1
outer loop
vertex 28.00013000000001 -0.34645000000000015 0
vertex 28.00013000000001 -0.5112700000000002 0
vertex 14.211010000000005 -0.5112700000000002 0
endloop
endfacet
facet normal 0 0 -1
outer loop
vertex 28.00013000000001 -0.34645000000000015 0
vertex 14.211010000000005 -0.5112700000000002 0
vertex 14.375830000000006 -0.34645000000000015 0
endloop
endfacet
facet normal 0 0 -1
outer loop
vertex 28.00013000000001 -0.5112700000000002 0
vertex 28.00013000000001 -0.5715400000000002 0
vertex 13.986330000000006 -0.5715400000000002 0
endloop
endfacet
facet normal 0 0 -1
outer loop
vertex 28.00013000000001 -0.5112700000000002 0
vertex 13.986330000000006 -0.5715400000000002 0
vertex 14.211010000000005 -0.5112700000000002 0
endloop
endfacet
facet normal 0 0 -1
outer loop
vertex 0.20828000000000008 -0.16318000000000007 0
vertex 0.20828000000000008 -0.6486200000000002 0
vertex -1.9167500000000006 -0.6486200000000002 0
endloop
endfacet
facet normal 0 0 -1
outer loop
vertex 0.20828000000000008 -0.16318000000000007 0
vertex -1.9167500000000006 -0.6486200000000002 0
vertex -2.1594700000000007 -0.16318000000000007 0
endloop
endfacet
facet normal 0 0 -1
outer loop
vertex 0.20828000000000008 -0.6486200000000002 0
vertex 0.20828000000000008 -0.8499300000000003 0
vertex -1.8691900000000008 -0.8499300000000003 0
endloop
endfacet
facet normal 0 0 -1
outer loop
vertex 0.20828000000000008 -0.6486200000000002 0
vertex -1.8691900000000008 -0.8499300000000003 0
vertex -1.9167500000000006 -0.6486200000000002 0
endloop
endfacet
facet normal 0 0 -1
outer loop
vertex -8.496430000000004 0.4001600000000001 0
vertex -9.138900000000003 -1.2857600000000005 0
vertex -9.780960000000004 0.4001600000000001 0
endloop
endfacet
facet normal 0 0 -1
outer loop
vertex 0.20828000000000008 -0.8499300000000003 0
vertex 0.20828000000000008 -1.5785000000000007 0
vertex -1.8691900000000008 -1.5785000000000007 0
endloop
endfacet
facet normal 0 0 -1
outer loop
vertex 0.20828000000000008 -0.8499300000000003 0
vertex -1.8691900000000008 -1.5785000000000007 0
vertex -1.8691900000000008 -0.8499300000000003 0
endloop
endfacet
facet normal 0 0 -1
outer loop
vertex 0.20828000000000008 -1.5785000000000007 0
vertex 0.20828000000000008 -1.7798100000000006 0
vertex -1.9167500000000006 -1.7798100000000006 0
endloop
endfacet
facet normal 0 0 -1
outer loop
vertex 0.20828000000000008 -1.5785000000000007 0
vertex -1.9167500000000006 -1.7798100000000006 0
vertex -1.8691900000000008 -1.5785000000000007 0
endloop
endfacet
facet normal 0 0 -1
outer loop
vertex -19.820220000000006 -0.2398500000000001 0
vertex -13.950250000000006 2.550200000000001 0
vertex -13.950250000000006 -2.1000200000000007 0
endloop
endfacet
facet normal 0 0 -1
outer loop
vertex -19.820220000000006 -0.2398500000000001 0
vertex -13.950250000000006 -2.1000200000000007 0
vertex -15.200340000000006 -2.1000200000000007 0
endloop
endfacet
facet normal 0 0 -1
outer loop
vertex -19.820220000000006 -0.2398500000000001 0
vertex -15.200340000000006 -2.1000200000000007 0
vertex -28.00013000000001 -2.1000200000000007 0
endloop
endfacet
facet normal 0 0 -1
outer loop
vertex -19.820220000000006 -0.2398500000000001 0
vertex -28.00013000000001 -2.1000200000000007 0
vertex -28.00013000000001 2.550200000000001 0
endloop
endfacet
facet normal 0 0 -1
outer loop
vertex -19.820220000000006 -0.2398500000000001 0
vertex -28.00013000000001 2.550200000000001 0
vertex -13.950250000000006 2.550200000000001 0
endloop
endfacet
facet normal 0 0 -0.9999999999999999
outer loop
vertex -11.839160000000005 -0.3042200000000001 0
vertex -11.502140000000004 2.3898900000000007 0
vertex -9.791620000000004 -2.1000200000000007 0
endloop
endfacet
facet normal 0 0 -0.9999999999999999
outer loop
vertex -11.839160000000005 -0.3042200000000001 0
vertex -9.791620000000004 -2.1000200000000007 0
vertex -11.800620000000004 -2.1000200000000007 0
endloop
endfacet
facet normal 0 0 -1
outer loop
vertex -11.839160000000005 -0.3042200000000001 0
vertex -11.800620000000004 -2.1000200000000007 0
vertex -13.050300000000005 -2.1000200000000007 0
endloop
endfacet
facet normal 0 0 -1
outer loop
vertex -11.839160000000005 -0.3042200000000001 0
vertex -13.050300000000005 -2.1000200000000007 0
vertex -13.050300000000005 2.3898900000000007 0
endloop
endfacet
facet normal 0 0 -1
outer loop
vertex -11.839160000000005 -0.3042200000000001 0
vertex -13.050300000000005 2.3898900000000007 0
vertex -11.502140000000004 2.3898900000000007 0
endloop
endfacet
facet normal 0 0 -1
outer loop
vertex -3.5251800000000015 -1.2144200000000005 0
vertex -3.6067700000000014 -0.32841000000000015 0
vertex -3.047940000000001 -0.5145500000000002 0
endloop
endfacet
facet normal 0 0 -1
outer loop
vertex -3.5251800000000015 -1.2144200000000005 0
vertex -3.047940000000001 -0.5145500000000002 0
vertex -2.931910000000001 -0.6309900000000003 0
endloop
endfacet
facet normal 0 0 -1
outer loop
vertex -3.5251800000000015 -1.2144200000000005 0
vertex -2.931910000000001 -0.6309900000000003 0
vertex -2.769140000000001 -0.9561200000000004 0
endloop
endfacet
facet normal 0 0 -1
outer loop
vertex -3.5251800000000015 -1.2144200000000005 0
vertex -2.769140000000001 -0.9561200000000004 0
vertex -2.769140000000001 -1.4723100000000005 0
endloop
endfacet
facet normal 0 0 -1
outer loop
vertex -3.5251800000000015 -1.2144200000000005 0
vertex -2.769140000000001 -1.4723100000000005 0
vertex -2.931910000000001 -1.7978500000000006 0
endloop
endfacet
facet normal 0 0 -1
outer loop
vertex -3.5251800000000015 -1.2144200000000005 0
vertex -2.931910000000001 -1.7978500000000006 0
vertex -3.047940000000001 -1.9138800000000007 0
endloop
endfacet
facet normal 0 0 -1
outer loop
vertex -3.5251800000000015 -1.2144200000000005 0
vertex -3.047940000000001 -1.9138800000000007 0
vertex -3.6067700000000014 -2.1000200000000007 0
endloop
endfacet
facet normal 0 0 -1
outer loop
vertex -3.5251800000000015 -1.2144200000000005 0
vertex -3.6067700000000014 -2.1000200000000007 0
vertex -5.269320000000002 -2.1000200000000007 0
endloop
endfacet
facet normal 0 0 -1
outer loop
vertex -3.5251800000000015 -1.2144200000000005 0
vertex -5.269320000000002 -2.1000200000000007 0
vertex -5.269320000000002 -0.32841000000000015 0
endloop
endfacet
facet normal 0 0 -1
outer loop
vertex -3.5251800000000015 -1.2144200000000005 0
vertex -5.269320000000002 -0.32841000000000015 0
vertex -3.6067700000000014 -0.32841000000000015 0
endloop
endfacet
facet normal 0 0 -1
outer loop
vertex -0.9237300000000004 -1.9721000000000006 0
vertex 0.20828000000000008 -1.7798100000000006 0
vertex 0.20828000000000008 -2.1000200000000007 0
endloop
endfacet
facet normal 0 0 -1
outer loop
vertex -0.9237300000000004 -1.9721000000000006 0
vertex 0.20828000000000008 -2.1000200000000007 0
vertex -1.0418100000000003 -2.1000200000000007 0
endloop
endfacet
facet normal 0 0 -1
outer loop
vertex -0.9237300000000004 -1.9721000000000006 0
vertex -1.0418100000000003 -2.1000200000000007 0
vertex -2.077060000000001 -2.1000200000000007 0
endloop
endfacet
facet normal 0 0 -1
outer loop
vertex -0.9237300000000004 -1.9721000000000006 0
vertex -2.077060000000001 -2.1000200000000007 0
vertex -1.9167500000000006 -1.7798100000000006 0
endloop
endfacet
facet normal 0 0 -0.9999999999999999
outer loop
vertex -0.9237300000000004 -1.9721000000000006 0
vertex -1.9167500000000006 -1.7798100000000006 0
vertex 0.20828000000000008 -1.7798100000000006 0
endloop
endfacet
facet normal 0 0 -1
outer loop
vertex 2.257050000000001 -0.2398500000000001 0
vertex 3.355440000000001 2.550200000000001 0
vertex 3.355440000000001 -2.1000200000000007 0
endloop
endfacet
facet normal 0 0 -1
outer loop
vertex 2.257050000000001 -0.2398500000000001 0
vertex 3.355440000000001 -2.1000200000000007 0
vertex 2.358320000000001 -2.1000200000000007 0
endloop
endfacet
facet normal 0 0 -1
outer loop
vertex 2.257050000000001 -0.2398500000000001 0
vertex 2.358320000000001 -2.1000200000000007 0
vertex 1.1082300000000005 -2.1000200000000007 0
endloop
endfacet
facet normal 0 0 -0.9999999999999999
outer loop
vertex 2.257050000000001 -0.2398500000000001 0
vertex 1.1082300000000005 -2.1000200000000007 0
vertex 1.1082300000000005 2.550200000000001 0
endloop
endfacet
facet normal 0 0 -1
outer loop
vertex 2.257050000000001 -0.2398500000000001 0
vertex 1.1082300000000005 2.550200000000001 0
vertex 3.355440000000001 2.550200000000001 0
endloop
endfacet
facet normal 0 0 -0.9999999999999999
outer loop
vertex 18.362260000000006 -1.3357800000000004 0
vertex 13.986330000000006 -0.5715400000000002 0
vertex 28.00013000000001 -0.5715400000000002 0
endloop
endfacet
facet normal 0 0 -1
outer loop
vertex 18.362260000000006 -1.3357800000000004 0
vertex 28.00013000000001 -0.5715400000000002 0
vertex 28.00013000000001 -2.1000200000000007 0
endloop
endfacet
facet normal 0 0 -1
outer loop
vertex 18.362260000000006 -1.3357800000000004 0
vertex 28.00013000000001 -2.1000200000000007 0
vertex 15.200340000000006 -2.1000200000000007 0
endloop
endfacet
facet normal 0 0 -1
outer loop
vertex 18.362260000000006 -1.3357800000000004 0
vertex 15.200340000000006 -2.1000200000000007 0
vertex 12.493110000000005 -2.1000200000000007 0
endloop
endfacet
facet normal 0 0 -1
outer loop
vertex 18.362260000000006 -1.3357800000000004 0
vertex 12.493110000000005 -2.1000200000000007 0
vertex 12.493110000000005 -0.5715400000000002 0
endloop
endfacet
facet normal 0 0 -1
outer loop
vertex 18.362260000000006 -1.3357800000000004 0
vertex 12.493110000000005 -0.5715400000000002 0
vertex 13.986330000000006 -0.5715400000000002 0
endloop
endfacet
facet normal 0 0 -0.9999999999999999
outer loop
vertex -15.200340000000006 -2.1000200000000007 0
vertex -15.425430000000006 -2.1602900000000007 0
vertex -28.00013000000001 -2.1602900000000007 0
endloop
endfacet
facet normal 0 0 -1
outer loop
vertex -15.200340000000006 -2.1000200000000007 0
vertex -28.00013000000001 -2.1602900000000007 0
vertex -28.00013000000001 -2.1000200000000007 0
endloop
endfacet
facet normal 0 0 -1
outer loop
vertex -9.791620000000004 -2.1000200000000007 0
vertex -9.768660000000004 -2.1602900000000007 0
vertex -11.575530000000004 -2.1602900000000007 0
endloop
endfacet
facet normal 0 0 -1
outer loop
vertex -9.791620000000004 -2.1000200000000007 0
vertex -11.575530000000004 -2.1602900000000007 0
vertex -11.800620000000004 -2.1000200000000007 0
endloop
endfacet
facet normal 0 0 -1
outer loop
vertex -1.0418100000000003 -2.1000200000000007 0
vertex -1.2669000000000006 -2.1602900000000007 0
vertex -2.1069900000000006 -2.1602900000000007 0
endloop
endfacet
facet normal 0 0 -1
outer loop
vertex -1.0418100000000003 -2.1000200000000007 0
vertex -2.1069900000000006 -2.1602900000000007 0
vertex -2.077060000000001 -2.1000200000000007 0
endloop
endfacet
facet normal 0 0 -1
outer loop
vertex 3.355440000000001 -2.1000200000000007 0
vertex 3.355440000000001 -2.1602900000000007 0
vertex 2.583000000000001 -2.1602900000000007 0
endloop
endfacet
facet normal 0 0 -1
outer loop
vertex 3.355440000000001 -2.1000200000000007 0
vertex 2.583000000000001 -2.1602900000000007 0
vertex 2.358320000000001 -2.1000200000000007 0
endloop
endfacet
facet normal 0 0 -0.9999999999999999
outer loop
vertex 28.00013000000001 -2.1000200000000007 0
vertex 28.00013000000001 -2.1602900000000007 0
vertex 15.425430000000006 -2.1602900000000007 0
endloop
endfacet
facet normal 0 0 -1
outer loop
vertex 28.00013000000001 -2.1000200000000007 0
vertex 15.425430000000006 -2.1602900000000007 0
vertex 15.200340000000006 -2.1000200000000007 0
endloop
endfacet
facet normal 0 0 -1
outer loop
vertex -1.2669000000000006 -2.1602900000000007 0
vertex -1.3722700000000005 -2.265660000000001 0
vertex -2.1594700000000007 -2.265660000000001 0
endloop
endfacet
facet normal 0 0 -1
outer loop
vertex -1.2669000000000006 -2.1602900000000007 0
vertex -2.1594700000000007 -2.265660000000001 0
vertex -2.1069900000000006 -2.1602900000000007 0
endloop
endfacet
facet normal 0 0 -1
outer loop
vertex -15.425430000000006 -2.1602900000000007 0
vertex -15.590250000000006 -2.325110000000001 0
vertex -28.00013000000001 -2.325110000000001 0
endloop
endfacet
facet normal 0 0 -1
outer loop
vertex -15.425430000000006 -2.1602900000000007 0
vertex -28.00013000000001 -2.325110000000001 0
vertex -28.00013000000001 -2.1602900000000007 0
endloop
endfacet
facet normal 0 0 -1
outer loop
vertex -9.768660000000004 -2.1602900000000007 0
vertex -9.705930000000004 -2.325110000000001 0
vertex -11.410710000000003 -2.325110000000001 0
endloop
endfacet
facet normal 0 0 -1
outer loop
vertex -9.768660000000004 -2.1602900000000007 0
vertex -11.410710000000003 -2.325110000000001 0
vertex -11.575530000000004 -2.1602900000000007 0
endloop
endfacet
facet normal 0 0 -1
outer loop
vertex -1.3722700000000005 -2.265660000000001 0
vertex -1.4317200000000005 -2.325110000000001 0
vertex -2.2025200000000007 -2.325110000000001 0
endloop
endfacet
facet normal 0 0 -1
outer loop
vertex -1.3722700000000005 -2.265660000000001 0
vertex -2.2025200000000007 -2.325110000000001 0
vertex -2.1594700000000007 -2.265660000000001 0
endloop
endfacet
facet normal 0 0 -1
outer loop
vertex 3.355440000000001 -2.1602900000000007 0
vertex 3.355440000000001 -2.325110000000001 0
vertex 2.747820000000001 -2.325110000000001 0
endloop
endfacet
facet normal 0 0 -1
outer loop
vertex 3.355440000000001 -2.1602900000000007 0
vertex 2.747820000000001 -2.325110000000001 0
vertex 2.583000000000001 -2.1602900000000007 0
endloop
endfacet
facet normal 0 0 -1
outer loop
vertex 28.00013000000001 -2.1602900000000007 0
vertex 28.00013000000001 -2.325110000000001 0
vertex 15.590250000000006 -2.325110000000001 0
endloop
endfacet
facet normal 0 0 -1
outer loop
vertex 28.00013000000001 -2.1602900000000007 0
vertex 15.590250000000006 -2.325110000000001 0
vertex 15.425430000000006 -2.1602900000000007 0
endloop
endfacet
facet normal 0 0 -1
outer loop
vertex -1.4317200000000005 -2.325110000000001 0
vertex -1.4468900000000005 -2.382510000000001 0
vertex -2.2439300000000006 -2.382510000000001 0
endloop
endfacet
facet normal 0 0 -0.9999999999999999
outer loop
vertex -1.4317200000000005 -2.325110000000001 0
vertex -2.2439300000000006 -2.382510000000001 0
vertex -2.2025200000000007 -2.325110000000001 0
endloop
endfacet
facet normal 0 0 -0.9999999999999999
outer loop
vertex -15.590250000000006 -2.325110000000001 0
vertex -15.650520000000006 -2.550200000000001 0
vertex -28.00013000000001 -2.550200000000001 0
endloop
endfacet
facet normal 0 0 -1
outer loop
vertex -15.590250000000006 -2.325110000000001 0
vertex -28.00013000000001 -2.550200000000001 0
vertex -28.00013000000001 -2.325110000000001 0
endloop
endfacet
facet normal 0 0 -1
outer loop
vertex -9.705930000000004 -2.325110000000001 0
vertex -9.620240000000004 -2.550200000000001 0
vertex -11.350440000000004 -2.550200000000001 0
endloop
endfacet
facet normal 0 0 -1
outer loop
vertex -9.705930000000004 -2.325110000000001 0
vertex -11.350440000000004 -2.550200000000001 0
vertex -11.410710000000003 -2.325110000000001 0
endloop
endfacet
facet normal 0 0 -1
outer loop
vertex -6.169270000000003 2.3898900000000007 0
vertex -6.169270000000003 -2.550200000000001 0
vertex -8.657150000000003 -2.550200000000001 0
endloop
endfacet
facet normal 0 0 -1
outer loop
vertex -6.169270000000003 2.3898900000000007 0
vertex -8.657150000000003 -2.550200000000001 0
vertex -6.775250000000002 2.3898900000000007 0
endloop
endfacet
facet normal 0 0 -1
outer loop
vertex -1.4468900000000005 -2.382510000000001 0
vertex -1.4919900000000006 -2.550200000000001 0
vertex -2.411620000000001 -2.550200000000001 0
endloop
endfacet
facet normal 0 0 -0.9999999999999999
outer loop
vertex -1.4468900000000005 -2.382510000000001 0
vertex -2.411620000000001 -2.550200000000001 0
vertex -2.2439300000000006 -2.382510000000001 0
endloop
endfacet
facet normal 0 0 -1
outer loop
vertex 3.355440000000001 -2.325110000000001 0
vertex 3.355440000000001 -2.550200000000001 0
vertex 2.808090000000001 -2.550200000000001 0
endloop
endfacet
facet normal 0 0 -1
outer loop
vertex 3.355440000000001 -2.325110000000001 0
vertex 2.808090000000001 -2.550200000000001 0
vertex 2.747820000000001 -2.325110000000001 0
endloop
endfacet
facet normal 0 0 -1
outer loop
vertex 5.414870000000002 2.550200000000001 0
vertex 5.414870000000002 -2.550200000000001 0
vertex 4.255390000000002 -2.550200000000001 0
endloop
endfacet
facet normal 0 0 -1
outer loop
vertex 5.414870000000002 2.550200000000001 0
vertex 4.255390000000002 -2.550200000000001 0
vertex 4.255390000000002 2.550200000000001 0
endloop
endfacet
facet normal 0 0 -1
outer loop
vertex 11.593160000000005 2.550200000000001 0
vertex 11.593160000000005 -2.550200000000001 0
vertex 10.200800000000005 -2.550200000000001 0
endloop
endfacet
facet normal 0 0 -1
outer loop
vertex 11.593160000000005 2.550200000000001 0
vertex 10.200800000000005 -2.550200000000001 0
vertex 10.200800000000005 2.550200000000001 0
endloop
endfacet
facet normal 0 0 -0.9999999999999999
outer loop
vertex 28.00013000000001 -2.325110000000001 0
vertex 28.00013000000001 -2.550200000000001 0
vertex 15.650520000000006 -2.550200000000001 0
endloop
endfacet
facet normal 0 0 -1
outer loop
vertex 28.00013000000001 -2.325110000000001 0
vertex 15.650520000000006 -2.550200000000001 0
vertex 15.590250000000006 -2.325110000000001 0
endloop
endfacet
facet normal 0 0 -1
outer loop
vertex 4.9503400000000015 -2.585870000000001 0
vertex 5.414870000000002 -2.550200000000001 0
vertex 5.424300000000002 -2.585050000000001 0
endloop
endfacet
facet normal 0 0 -1
outer loop
vertex 4.9503400000000015 -2.585870000000001 0
vertex 5.424300000000002 -2.585050000000001 0
vertex 5.420610000000002 -2.621540000000001 0
endloop
endfacet
facet normal 0 0 -0.9999999999999999
outer loop
vertex 4.9503400000000015 -2.585870000000001 0
vertex 5.420610000000002 -2.621540000000001 0
vertex 4.236530000000002 -2.621540000000001 0
endloop
endfacet
facet normal 0 0 -1
outer loop
vertex 4.9503400000000015 -2.585870000000001 0
vertex 4.236530000000002 -2.621540000000001 0
vertex 4.255390000000002 -2.550200000000001 0
endloop
endfacet
facet normal 0 0 -1
outer loop
vertex 4.9503400000000015 -2.585870000000001 0
vertex 4.255390000000002 -2.550200000000001 0
vertex 5.414870000000002 -2.550200000000001 0
endloop
endfacet
facet normal 0 0 -1
outer loop
vertex 10.758400000000004 -2.585870000000001 0
vertex 11.593160000000005 -2.550200000000001 0
vertex 11.612430000000005 -2.621540000000001 0
endloop
endfacet
facet normal 0 0 -1
outer loop
vertex 10.758400000000004 -2.585870000000001 0
vertex 11.612430000000005 -2.621540000000001 0
vertex 10.195060000000003 -2.621540000000001 0
endloop
endfacet
facet normal 0 0 -1
outer loop
vertex 10.758400000000004 -2.585870000000001 0
vertex 10.195060000000003 -2.621540000000001 0
vertex 10.191370000000004 -2.585050000000001 0
endloop
endfacet
facet normal 0 0 -1
outer loop
vertex 10.758400000000004 -2.585870000000001 0
vertex 10.191370000000004 -2.585050000000001 0
vertex 10.200800000000005 -2.550200000000001 0
endloop
endfacet
facet normal 0 0 -1
outer loop
vertex 10.758400000000004 -2.585870000000001 0
vertex 10.200800000000005 -2.550200000000001 0
vertex 11.593160000000005 -2.550200000000001 0
endloop
endfacet
facet normal 0 0 -0.9999999999999999
outer loop
vertex -1.4919900000000006 -2.550200000000001 0
vertex -1.4714900000000006 -2.625230000000001 0
vertex -2.486650000000001 -2.625230000000001 0
endloop
endfacet
facet normal 0 0 -1
outer loop
vertex -1.4919900000000006 -2.550200000000001 0
vertex -2.486650000000001 -2.625230000000001 0
vertex -2.411620000000001 -2.550200000000001 0
endloop
endfacet
facet normal 0 0 -1
outer loop
vertex -9.620240000000004 -2.550200000000001 0
vertex -9.559150000000004 -2.710100000000001 0
vertex -11.393490000000003 -2.710100000000001 0
endloop
endfacet
facet normal 0 0 -1
outer loop
vertex -9.620240000000004 -2.550200000000001 0
vertex -11.393490000000003 -2.710100000000001 0
vertex -11.350440000000004 -2.550200000000001 0
endloop
endfacet
facet normal 0 0 -1
outer loop
vertex -6.169270000000003 -2.550200000000001 0
vertex -6.126220000000003 -2.710100000000001 0
vertex -8.718240000000003 -2.710100000000001 0
endloop
endfacet
facet normal 0 0 -1
outer loop
vertex -6.169270000000003 -2.550200000000001 0
vertex -8.718240000000003 -2.710100000000001 0
vertex -8.657150000000003 -2.550200000000001 0
endloop
endfacet
facet normal 0 0 -1
outer loop
vertex 9.330370000000004 -2.710100000000001 0
vertex 6.285710000000003 -2.710100000000001 0
vertex 7.808040000000003 1.2857600000000005 0
endloop
endfacet
facet normal 0 0 -1
outer loop
vertex -1.4714900000000006 -2.625230000000001 0
vertex -1.4423800000000004 -2.733880000000001 0
vertex -2.662540000000001 -2.733880000000001 0
endloop
endfacet
facet normal 0 0 -1
outer loop
vertex -1.4714900000000006 -2.625230000000001 0
vertex -2.662540000000001 -2.733880000000001 0
vertex -2.486650000000001 -2.625230000000001 0
endloop
endfacet
facet normal 0 0 -1
outer loop
vertex -15.650520000000006 -2.550200000000001 0
vertex -15.590250000000006 -2.774880000000001 0
vertex -28.00013000000001 -2.774880000000001 0
endloop
endfacet
facet normal 0 0 -1
outer loop
vertex -15.650520000000006 -2.550200000000001 0
vertex -28.00013000000001 -2.774880000000001 0
vertex -28.00013000000001 -2.550200000000001 0
endloop
endfacet
facet normal 0 0 -1
outer loop
vertex -10.278700000000004 -2.747820000000001 0
vertex -9.559150000000004 -2.710100000000001 0
vertex -9.516920000000004 -2.768320000000001 0
endloop
endfacet
facet normal 0 0 -1
outer loop
vertex -10.278700000000004 -2.747820000000001 0
vertex -9.516920000000004 -2.768320000000001 0
vertex -9.514050000000003 -2.774880000000001 0
endloop
endfacet
facet normal 0 0 -1
outer loop
vertex -10.278700000000004 -2.747820000000001 0
vertex -9.514050000000003 -2.774880000000001 0
vertex -11.410710000000003 -2.774880000000001 0
endloop
endfacet
facet normal 0 0 -1
outer loop
vertex -10.278700000000004 -2.747820000000001 0
vertex -11.410710000000003 -2.774880000000001 0
vertex -11.393490000000003 -2.710100000000001 0
endloop
endfacet
facet normal 0 0 -1
outer loop
vertex -10.278700000000004 -2.747820000000001 0
vertex -11.393490000000003 -2.710100000000001 0
vertex -9.559150000000004 -2.710100000000001 0
endloop
endfacet
facet normal 0 0 -1
outer loop
vertex -7.695290000000003 -2.747820000000001 0
vertex -6.126220000000003 -2.710100000000001 0
vertex -6.109000000000003 -2.774880000000001 0
endloop
endfacet
facet normal 0 0 -1
outer loop
vertex -7.695290000000003 -2.747820000000001 0
vertex -6.109000000000003 -2.774880000000001 0
vertex -8.763340000000003 -2.774880000000001 0
endloop
endfacet
facet normal 0 0 -1
outer loop
vertex -7.695290000000003 -2.747820000000001 0
vertex -8.763340000000003 -2.774880000000001 0
vertex -8.760470000000003 -2.768320000000001 0
endloop
endfacet
facet normal 0 0 -1
outer loop
vertex -7.695290000000003 -2.747820000000001 0
vertex -8.760470000000003 -2.768320000000001 0
vertex -8.718240000000003 -2.710100000000001 0
endloop
endfacet
facet normal 0 0 -1
outer loop
vertex -7.695290000000003 -2.747820000000001 0
vertex -8.718240000000003 -2.710100000000001 0
vertex -6.126220000000003 -2.710100000000001 0
endloop
endfacet
facet normal 0 0 -1
outer loop
vertex -1.4423800000000004 -2.733880000000001 0
vertex -1.4317200000000005 -2.774880000000001 0
vertex -2.785540000000001 -2.774880000000001 0
endloop
endfacet
facet normal 0 0 -1
outer loop
vertex -1.4423800000000004 -2.733880000000001 0
vertex -2.785540000000001 -2.774880000000001 0
vertex -2.662540000000001 -2.733880000000001 0
endloop
endfacet
facet normal 0 0 -1
outer loop
vertex 3.355440000000001 -2.550200000000001 0
vertex 3.415710000000001 -2.774880000000001 0
vertex 2.747820000000001 -2.774880000000001 0
endloop
endfacet
facet normal 0 0 -1
outer loop
vertex 3.355440000000001 -2.550200000000001 0
vertex 2.747820000000001 -2.774880000000001 0
vertex 2.808090000000001 -2.550200000000001 0
endloop
endfacet
facet normal 0 0 -1
outer loop
vertex 4.956490000000002 -2.697800000000001 0
vertex 5.420610000000002 -2.621540000000001 0
vertex 5.454230000000002 -2.6961600000000012 0
endloop
endfacet
facet normal 0 0 -1
outer loop
vertex 4.956490000000002 -2.697800000000001 0
vertex 5.454230000000002 -2.6961600000000012 0
vertex 5.475140000000002 -2.774880000000001 0
endloop
endfacet
facet normal 0 0 -1
outer loop
vertex 4.956490000000002 -2.697800000000001 0
vertex 5.475140000000002 -2.774880000000001 0
vertex 4.195120000000002 -2.774880000000001 0
endloop
endfacet
facet normal 0 0 -1
outer loop
vertex 4.956490000000002 -2.697800000000001 0
vertex 4.195120000000002 -2.774880000000001 0
vertex 4.236530000000002 -2.621540000000001 0
endloop
endfacet
facet normal 0 0 -1
outer loop
vertex 4.956490000000002 -2.697800000000001 0
vertex 4.236530000000002 -2.621540000000001 0
vertex 5.420610000000002 -2.621540000000001 0
endloop
endfacet
facet normal 0 0 -1
outer loop
vertex 7.808040000000003 -2.741670000000001 0
vertex 9.330370000000004 -2.710100000000001 0
vertex 9.351690000000003 -2.739620000000001 0
endloop
endfacet
facet normal 0 0 -0.9999999999999999
outer loop
vertex 7.808040000000003 -2.741670000000001 0
vertex 9.351690000000003 -2.739620000000001 0
vertex 9.361120000000003 -2.774880000000001 0
endloop
endfacet
facet normal 0 0 -1
outer loop
vertex 7.808040000000003 -2.741670000000001 0
vertex 9.361120000000003 -2.774880000000001 0
vertex 6.254550000000003 -2.774880000000001 0
endloop
endfacet
facet normal 0 0 -0.9999999999999999
outer loop
vertex 7.808040000000003 -2.741670000000001 0
vertex 6.254550000000003 -2.774880000000001 0
vertex 6.263980000000003 -2.739620000000001 0
endloop
endfacet
facet normal 0 0 -1
outer loop
vertex 7.808040000000003 -2.741670000000001 0
vertex 6.263980000000003 -2.739620000000001 0
vertex 6.285710000000003 -2.710100000000001 0
endloop
endfacet
facet normal 0 0 -1
outer loop
vertex 7.808040000000003 -2.741670000000001 0
vertex 6.285710000000003 -2.710100000000001 0
vertex 9.330370000000004 -2.710100000000001 0
endloop
endfacet
facet normal 0 0 -1
outer loop
vertex 10.752660000000004 -2.697800000000001 0
vertex 11.612430000000005 -2.621540000000001 0
vertex 11.653430000000004 -2.774880000000001 0
endloop
endfacet
facet normal 0 0 -1
outer loop
vertex 10.752660000000004 -2.697800000000001 0
vertex 11.653430000000004 -2.774880000000001 0
vertex 10.140530000000004 -2.774880000000001 0
endloop
endfacet
facet normal 0 0 -1
outer loop
vertex 10.752660000000004 -2.697800000000001 0
vertex 10.140530000000004 -2.774880000000001 0
vertex 10.161440000000004 -2.6961600000000012 0
endloop
endfacet
facet normal 0 0 -1
outer loop
vertex 10.752660000000004 -2.697800000000001 0
vertex 10.161440000000004 -2.6961600000000012 0
vertex 10.195060000000003 -2.621540000000001 0
endloop
endfacet
facet normal 0 0 -1
outer loop
vertex 10.752660000000004 -2.697800000000001 0
vertex 10.195060000000003 -2.621540000000001 0
vertex 11.612430000000005 -2.621540000000001 0
endloop
endfacet
facet normal 0 0 -1
outer loop
vertex 28.00013000000001 -2.550200000000001 0
vertex 28.00013000000001 -2.774880000000001 0
vertex 15.590250000000006 -2.774880000000001 0
endloop
endfacet
facet normal 0 0 -1
outer loop
vertex 28.00013000000001 -2.550200000000001 0
vertex 15.590250000000006 -2.774880000000001 0
vertex 15.650520000000006 -2.550200000000001 0
endloop
endfacet
facet normal 0 0 -1
outer loop
vertex -9.514050000000003 -2.774880000000001 0
vertex -9.487810000000003 -2.833920000000001 0
vertex -11.469750000000005 -2.833920000000001 0
endloop
endfacet
facet normal 0 0 -1
outer loop
vertex -9.514050000000003 -2.774880000000001 0
vertex -11.469750000000005 -2.833920000000001 0
vertex -11.410710000000003 -2.774880000000001 0
endloop
endfacet
facet normal 0 0 -0.9999999999999999
outer loop
vertex -6.109000000000003 -2.774880000000001 0
vertex -6.049960000000002 -2.833920000000001 0
vertex -8.789580000000003 -2.833920000000001 0
endloop
endfacet
facet normal 0 0 -1
outer loop
vertex -6.109000000000003 -2.774880000000001 0
vertex -8.789580000000003 -2.833920000000001 0
vertex -8.763340000000003 -2.774880000000001 0
endloop
endfacet
facet normal 0 0 -1
outer loop
vertex 4.964690000000002 -2.803580000000001 0
vertex 5.475140000000002 -2.774880000000001 0
vertex 5.500970000000002 -2.800710000000001 0
endloop
endfacet
facet normal 0 0 -0.9999999999999999
outer loop
vertex 4.964690000000002 -2.803580000000001 0
vertex 5.500970000000002 -2.800710000000001 0
vertex 5.516140000000002 -2.833920000000001 0
endloop
endfacet
facet normal 0 0 -1
outer loop
vertex 4.964690000000002 -2.803580000000001 0
vertex 5.516140000000002 -2.833920000000001 0
vertex 4.1360800000000015 -2.833920000000001 0
endloop
endfacet
facet normal 0 0 -1
outer loop
vertex 4.964690000000002 -2.803580000000001 0
vertex 4.1360800000000015 -2.833920000000001 0
vertex 4.195120000000002 -2.774880000000001 0
endloop
endfacet
facet normal 0 0 -1
outer loop
vertex 4.964690000000002 -2.803580000000001 0
vertex 4.195120000000002 -2.774880000000001 0
vertex 5.475140000000002 -2.774880000000001 0
endloop
endfacet
facet normal 0 0 -0.9999999999999999
outer loop
vertex 10.744050000000003 -2.803580000000001 0
vertex 11.653430000000004 -2.774880000000001 0
vertex 11.712470000000005 -2.833920000000001 0
endloop
endfacet
facet normal 0 0 -1
outer loop
vertex 10.744050000000003 -2.803580000000001 0
vertex 11.712470000000005 -2.833920000000001 0
vertex 10.099530000000003 -2.833920000000001 0
endloop
endfacet
facet normal 0 0 -1
outer loop
vertex 10.744050000000003 -2.803580000000001 0
vertex 10.099530000000003 -2.833920000000001 0
vertex 10.114700000000004 -2.800710000000001 0
endloop
endfacet
facet normal 0 0 -1
outer loop
vertex 10.744050000000003 -2.803580000000001 0
vertex 10.114700000000004 -2.800710000000001 0
vertex 10.140530000000004 -2.774880000000001 0
endloop
endfacet
facet normal 0 0 -1
outer loop
vertex 10.744050000000003 -2.803580000000001 0
vertex 10.140530000000004 -2.774880000000001 0
vertex 11.653430000000004 -2.774880000000001 0
endloop
endfacet
facet normal 0 0 -1
outer loop
vertex -10.272960000000003 -2.865490000000001 0
vertex -9.487810000000003 -2.833920000000001 0
vertex -9.450090000000003 -2.861390000000001 0
endloop
endfacet
facet normal 0 0 -1
outer loop
vertex -10.272960000000003 -2.865490000000001 0
vertex -9.450090000000003 -2.861390000000001 0
vertex -9.422620000000004 -2.899110000000001 0
endloop
endfacet
facet normal 0 0 -1
outer loop
vertex -10.272960000000003 -2.865490000000001 0
vertex -9.422620000000004 -2.899110000000001 0
vertex -11.534530000000004 -2.899110000000001 0
endloop
endfacet
facet normal 0 0 -0.9999999999999999
outer loop
vertex -10.272960000000003 -2.865490000000001 0
vertex -11.534530000000004 -2.899110000000001 0
vertex -11.469750000000005 -2.833920000000001 0
endloop
endfacet
facet normal 0 0 -1
outer loop
vertex -10.272960000000003 -2.865490000000001 0
vertex -11.469750000000005 -2.833920000000001 0
vertex -9.487810000000003 -2.833920000000001 0
endloop
endfacet
facet normal 0 0 -1
outer loop
vertex -7.7014400000000025 -2.865490000000001 0
vertex -6.049960000000002 -2.833920000000001 0
vertex -5.985180000000002 -2.899110000000001 0
endloop
endfacet
facet normal 0 0 -0.9999999999999999
outer loop
vertex -7.7014400000000025 -2.865490000000001 0
vertex -5.985180000000002 -2.899110000000001 0
vertex -8.854770000000004 -2.899110000000001 0
endloop
endfacet
facet normal 0 0 -1
outer loop
vertex -7.7014400000000025 -2.865490000000001 0
vertex -8.854770000000004 -2.899110000000001 0
vertex -8.827300000000003 -2.861390000000001 0
endloop
endfacet
facet normal 0 0 -1
outer loop
vertex -7.7014400000000025 -2.865490000000001 0
vertex -8.827300000000003 -2.861390000000001 0
vertex -8.789580000000003 -2.833920000000001 0
endloop
endfacet
facet normal 0 0 -1
outer loop
vertex -7.7014400000000025 -2.865490000000001 0
vertex -8.789580000000003 -2.833920000000001 0
vertex -6.049960000000002 -2.833920000000001 0
endloop
endfacet
facet normal 0 0 -1
outer loop
vertex 7.808040000000003 -2.835560000000001 0
vertex 9.361120000000003 -2.774880000000001 0
vertex 9.418930000000003 -2.8326900000000013 0
endloop
endfacet
facet normal 0 0 -1
outer loop
vertex 7.808040000000003 -2.835560000000001 0
vertex 9.418930000000003 -2.8326900000000013 0
vertex 9.466490000000004 -2.899110000000001 0
endloop
endfacet
facet normal 0 0 -1
outer loop
vertex 7.808040000000003 -2.835560000000001 0
vertex 9.466490000000004 -2.899110000000001 0
vertex 6.149180000000002 -2.899110000000001 0
endloop
endfacet
facet normal 0 0 -1
outer loop
vertex 7.808040000000003 -2.835560000000001 0
vertex 6.149180000000002 -2.899110000000001 0
vertex 6.196740000000002 -2.8326900000000013 0
endloop
endfacet
facet normal 0 0 -1
outer loop
vertex 7.808040000000003 -2.835560000000001 0
vertex 6.196740000000002 -2.8326900000000013 0
vertex 6.254550000000003 -2.774880000000001 0
endloop
endfacet
facet normal 0 0 -1
outer loop
vertex 7.808040000000003 -2.835560000000001 0
vertex 6.254550000000003 -2.774880000000001 0
vertex 9.361120000000003 -2.774880000000001 0
endloop
endfacet
facet normal 0 0 -1
outer loop
vertex -15.590250000000006 -2.774880000000001 0
vertex -15.425430000000006 -2.939700000000001 0
vertex -28.00013000000001 -2.939700000000001 0
endloop
endfacet
facet normal 0 0 -1
outer loop
vertex -15.590250000000006 -2.774880000000001 0
vertex -28.00013000000001 -2.939700000000001 0
vertex -28.00013000000001 -2.774880000000001 0
endloop
endfacet
facet normal 0 0 -0.9999999999999999
outer loop
vertex -10.246310000000005 -2.921250000000001 0
vertex -9.422620000000004 -2.899110000000001 0
vertex -9.357020000000004 -2.928220000000001 0
endloop
endfacet
facet normal 0 0 -1
outer loop
vertex -10.246310000000005 -2.921250000000001 0
vertex -9.357020000000004 -2.928220000000001 0
vertex -9.341440000000004 -2.939700000000001 0
endloop
endfacet
facet normal 0 0 -1
outer loop
vertex -10.246310000000005 -2.921250000000001 0
vertex -9.341440000000004 -2.939700000000001 0
vertex -11.575530000000004 -2.939700000000001 0
endloop
endfacet
facet normal 0 0 -0.9999999999999999
outer loop
vertex -10.246310000000005 -2.921250000000001 0
vertex -11.575530000000004 -2.939700000000001 0
vertex -11.534530000000004 -2.899110000000001 0
endloop
endfacet
facet normal 0 0 -1
outer loop
vertex -10.246310000000005 -2.921250000000001 0
vertex -11.534530000000004 -2.899110000000001 0
vertex -9.422620000000004 -2.899110000000001 0
endloop
endfacet
facet normal 0 0 -1
outer loop
vertex -7.728090000000003 -2.921250000000001 0
vertex -5.985180000000002 -2.899110000000001 0
vertex -5.944180000000002 -2.939700000000001 0
endloop
endfacet
facet normal 0 0 -0.9999999999999999
outer loop
vertex -7.728090000000003 -2.921250000000001 0
vertex -5.944180000000002 -2.939700000000001 0
vertex -8.935950000000004 -2.939700000000001 0
endloop
endfacet
facet normal 0 0 -1
outer loop
vertex -7.728090000000003 -2.921250000000001 0
vertex -8.935950000000004 -2.939700000000001 0
vertex -8.920370000000004 -2.928220000000001 0
endloop
endfacet
facet normal 0 0 -1
outer loop
vertex -7.728090000000003 -2.921250000000001 0
vertex -8.920370000000004 -2.928220000000001 0
vertex -8.854770000000004 -2.899110000000001 0
endloop
endfacet
facet normal 0 0 -1
outer loop
vertex -7.728090000000003 -2.921250000000001 0
vertex -8.854770000000004 -2.899110000000001 0
vertex -5.985180000000002 -2.899110000000001 0
endloop
endfacet
facet normal 0 0 -1
outer loop
vertex -1.4317200000000005 -2.774880000000001 0
vertex -1.2669000000000006 -2.939700000000001 0
vertex -3.279590000000001 -2.939700000000001 0
endloop
endfacet
facet normal 0 0 -1
outer loop
vertex -1.4317200000000005 -2.774880000000001 0
vertex -3.279590000000001 -2.939700000000001 0
vertex -2.785540000000001 -2.774880000000001 0
endloop
endfacet
facet normal 0 0 -1
outer loop
vertex 3.415710000000001 -2.774880000000001 0
vertex 3.5805300000000013 -2.939700000000001 0
vertex 2.583000000000001 -2.939700000000001 0
endloop
endfacet
facet normal 0 0 -1
outer loop
vertex 3.415710000000001 -2.774880000000001 0
vertex 2.583000000000001 -2.939700000000001 0
vertex 2.747820000000001 -2.774880000000001 0
endloop
endfacet
facet normal 0 0 -0.9999999999999999
outer loop
vertex 4.981090000000002 -2.885990000000001 0
vertex 5.516140000000002 -2.833920000000001 0
vertex 5.582150000000002 -2.881890000000001 0
endloop
endfacet
facet normal 0 0 -0.9999999999999999
outer loop
vertex 4.981090000000002 -2.885990000000001 0
vertex 5.582150000000002 -2.881890000000001 0
vertex 5.639960000000002 -2.939700000000001 0
endloop
endfacet
facet normal 0 0 -1
outer loop
vertex 4.981090000000002 -2.885990000000001 0
vertex 5.639960000000002 -2.939700000000001 0
vertex 4.030710000000002 -2.939700000000001 0
endloop
endfacet
facet normal 0 0 -1
outer loop
vertex 4.981090000000002 -2.885990000000001 0
vertex 4.030710000000002 -2.939700000000001 0
vertex 4.1360800000000015 -2.833920000000001 0
endloop
endfacet
facet normal 0 0 -1
outer loop
vertex 4.981090000000002 -2.885990000000001 0
vertex 4.1360800000000015 -2.833920000000001 0
vertex 5.516140000000002 -2.833920000000001 0
endloop
endfacet
facet normal 0 0 -0.9999999999999999
outer loop
vertex 7.808040000000003 -2.9175600000000013 0
vertex 9.466490000000004 -2.899110000000001 0
vertex 9.500110000000003 -2.913870000000001 0
endloop
endfacet
facet normal 0 0 -1
outer loop
vertex 7.808040000000003 -2.9175600000000013 0
vertex 9.500110000000003 -2.913870000000001 0
vertex 9.525530000000003 -2.939700000000001 0
endloop
endfacet
facet normal 0 0 -1
outer loop
vertex 7.808040000000003 -2.9175600000000013 0
vertex 9.525530000000003 -2.939700000000001 0
vertex 6.0901400000000026 -2.939700000000001 0
endloop
endfacet
facet normal 0 0 -1
outer loop
vertex 7.808040000000003 -2.9175600000000013 0
vertex 6.0901400000000026 -2.939700000000001 0
vertex 6.115970000000003 -2.913870000000001 0
endloop
endfacet
facet normal 0 0 -1
outer loop
vertex 7.808040000000003 -2.9175600000000013 0
vertex 6.115970000000003 -2.913870000000001 0
vertex 6.149180000000002 -2.899110000000001 0
endloop
endfacet
facet normal 0 0 -1
outer loop
vertex 7.808040000000003 -2.9175600000000013 0
vertex 6.149180000000002 -2.899110000000001 0
vertex 9.466490000000004 -2.899110000000001 0
endloop
endfacet
facet normal 0 0 -1
outer loop
vertex 10.728060000000005 -2.885990000000001 0
vertex 11.712470000000005 -2.833920000000001 0
vertex 11.818250000000004 -2.939700000000001 0
endloop
endfacet
facet normal 0 0 -1
outer loop
vertex 10.728060000000005 -2.885990000000001 0
vertex 11.818250000000004 -2.939700000000001 0
vertex 9.975710000000003 -2.939700000000001 0
endloop
endfacet
facet normal 0 0 -1
outer loop
vertex 10.728060000000005 -2.885990000000001 0
vertex 9.975710000000003 -2.939700000000001 0
vertex 10.033520000000003 -2.881890000000001 0
endloop
endfacet
facet normal 0 0 -1
outer loop
vertex 10.728060000000005 -2.885990000000001 0
vertex 10.033520000000003 -2.881890000000001 0
vertex 10.099530000000003 -2.833920000000001 0
endloop
endfacet
facet normal 0 0 -1
outer loop
vertex 10.728060000000005 -2.885990000000001 0
vertex 10.099530000000003 -2.833920000000001 0
vertex 11.712470000000005 -2.833920000000001 0
endloop
endfacet
facet normal 0 0 -1
outer loop
vertex 28.00013000000001 -2.774880000000001 0
vertex 28.00013000000001 -2.939700000000001 0
vertex 15.425430000000006 -2.939700000000001 0
endloop
endfacet
facet normal 0 0 -1
outer loop
vertex 28.00013000000001 -2.774880000000001 0
vertex 15.425430000000006 -2.939700000000001 0
vertex 15.590250000000006 -2.774880000000001 0
endloop
endfacet
facet normal 0 0 -1
outer loop
vertex -9.341440000000004 -2.939700000000001 0
vertex -9.298800000000004 -2.970450000000001 0
vertex -11.690330000000005 -2.970450000000001 0
endloop
endfacet
facet normal 0 0 -1
outer loop
vertex -9.341440000000004 -2.939700000000001 0
vertex -11.690330000000005 -2.970450000000001 0
vertex -11.575530000000004 -2.939700000000001 0
endloop
endfacet
facet normal 0 0 -1
outer loop
vertex -5.944180000000002 -2.939700000000001 0
vertex -5.829380000000002 -2.970450000000001 0
vertex -8.978590000000004 -2.970450000000001 0
endloop
endfacet
facet normal 0 0 -1
outer loop
vertex -5.944180000000002 -2.939700000000001 0
vertex -8.978590000000004 -2.970450000000001 0
vertex -8.935950000000004 -2.939700000000001 0
endloop
endfacet
facet normal 0 0 -0.9999999999999999
outer loop
vertex 4.9933900000000015 -2.954050000000001 0
vertex 5.639960000000002 -2.939700000000001 0
vertex 5.675220000000002 -2.949130000000001 0
endloop
endfacet
facet normal 0 0 -1
outer loop
vertex 4.9933900000000015 -2.954050000000001 0
vertex 5.675220000000002 -2.949130000000001 0
vertex 5.704740000000002 -2.970450000000001 0
endloop
endfacet
facet normal 0 0 -1
outer loop
vertex 4.9933900000000015 -2.954050000000001 0
vertex 5.704740000000002 -2.970450000000001 0
vertex 3.9155000000000015 -2.970450000000001 0
endloop
endfacet
facet normal 0 0 -1
outer loop
vertex 4.9933900000000015 -2.954050000000001 0
vertex 3.9155000000000015 -2.970450000000001 0
vertex 4.030710000000002 -2.939700000000001 0
endloop
endfacet
facet normal 0 0 -1
outer loop
vertex 4.9933900000000015 -2.954050000000001 0
vertex 4.030710000000002 -2.939700000000001 0
vertex 5.639960000000002 -2.939700000000001 0
endloop
endfacet
facet normal 0 0 -1
outer loop
vertex 10.715760000000005 -2.954050000000001 0
vertex 11.818250000000004 -2.939700000000001 0
vertex 11.933460000000004 -2.970450000000001 0
endloop
endfacet
facet normal 0 0 -1
outer loop
vertex 10.715760000000005 -2.954050000000001 0
vertex 11.933460000000004 -2.970450000000001 0
vertex 9.910930000000004 -2.970450000000001 0
endloop
endfacet
facet normal 0 0 -1
outer loop
vertex 10.715760000000005 -2.954050000000001 0
vertex 9.910930000000004 -2.970450000000001 0
vertex 9.940450000000004 -2.949130000000001 0
endloop
endfacet
facet normal 0 0 -1
outer loop
vertex 10.715760000000005 -2.954050000000001 0
vertex 9.940450000000004 -2.949130000000001 0
vertex 9.975710000000003 -2.939700000000001 0
endloop
endfacet
facet normal 0 0 -1
outer loop
vertex 10.715760000000005 -2.954050000000001 0
vertex 9.975710000000003 -2.939700000000001 0
vertex 11.818250000000004 -2.939700000000001 0
endloop
endfacet
facet normal 0 0 -1
outer loop
vertex -1.2669000000000006 -2.939700000000001 0
vertex -1.1279100000000004 -2.9770100000000013 0
vertex -3.391110000000001 -2.9770100000000013 0
endloop
endfacet
facet normal 0 0 -1
outer loop
vertex -1.2669000000000006 -2.939700000000001 0
vertex -3.391110000000001 -2.9770100000000013 0
vertex -3.279590000000001 -2.939700000000001 0
endloop
endfacet
facet normal 0 0 -1
outer loop
vertex -10.246310000000005 -2.981110000000001 0
vertex -9.298800000000004 -2.970450000000001 0
vertex -9.252470000000004 -2.975370000000001 0
endloop
endfacet
facet normal 0 0 -1
outer loop
vertex -10.246310000000005 -2.981110000000001 0
vertex -9.252470000000004 -2.975370000000001 0
vertex -9.210240000000004 -2.9942300000000013 0
endloop
endfacet
facet normal 0 0 -1
outer loop
vertex -10.246310000000005 -2.981110000000001 0
vertex -9.210240000000004 -2.9942300000000013 0
vertex -11.778890000000004 -2.9942300000000013 0
endloop
endfacet
facet normal 0 0 -1
outer loop
vertex -10.246310000000005 -2.981110000000001 0
vertex -11.778890000000004 -2.9942300000000013 0
vertex -11.690330000000005 -2.970450000000001 0
endloop
endfacet
facet normal 0 0 -1
outer loop
vertex -10.246310000000005 -2.981110000000001 0
vertex -11.690330000000005 -2.970450000000001 0
vertex -9.298800000000004 -2.970450000000001 0
endloop
endfacet
facet normal 0 0 -1
outer loop
vertex -9.067150000000003 -2.9942300000000013 0
vertex -9.210240000000004 -2.9942300000000013 0
vertex -9.138900000000003 -2.9868500000000013 0
endloop
endfacet
facet normal 0 0 -1
outer loop
vertex -7.728090000000003 -2.981110000000001 0
vertex -5.829380000000002 -2.970450000000001 0
vertex -5.740820000000002 -2.9942300000000013 0
endloop
endfacet
facet normal 0 0 -1
outer loop
vertex -7.728090000000003 -2.981110000000001 0
vertex -5.740820000000002 -2.9942300000000013 0
vertex -9.067150000000003 -2.9942300000000013 0
endloop
endfacet
facet normal 0 0 -0.9999999999999999
outer loop
vertex -7.728090000000003 -2.981110000000001 0
vertex -9.067150000000003 -2.9942300000000013 0
vertex -9.024920000000003 -2.975370000000001 0
endloop
endfacet
facet normal 0 0 -1
outer loop
vertex -7.728090000000003 -2.981110000000001 0
vertex -9.024920000000003 -2.975370000000001 0
vertex -8.978590000000004 -2.970450000000001 0
endloop
endfacet
facet normal 0 0 -1
outer loop
vertex -7.728090000000003 -2.981110000000001 0
vertex -8.978590000000004 -2.970450000000001 0
vertex -5.829380000000002 -2.970450000000001 0
endloop
endfacet
facet normal 0 0 -1
outer loop
vertex 5.936390000000002 -2.9942300000000013 0
vertex 5.886370000000002 -2.9942300000000013 0
vertex 5.900310000000002 -2.990540000000001 0
endloop
endfacet
facet normal 0 0 -1
outer loop
vertex 7.808040000000003 -2.965120000000001 0
vertex 9.525530000000003 -2.939700000000001 0
vertex 9.604660000000004 -2.9610200000000013 0
endloop
endfacet
facet normal 0 0 -1
outer loop
vertex 7.808040000000003 -2.965120000000001 0
vertex 9.604660000000004 -2.9610200000000013 0
vertex 9.679280000000004 -2.9942300000000013 0
endloop
endfacet
facet normal 0 0 -1
outer loop
vertex 7.808040000000003 -2.965120000000001 0
vertex 9.679280000000004 -2.9942300000000013 0
vertex 5.936390000000002 -2.9942300000000013 0
endloop
endfacet
facet normal 0 0 -1
outer loop
vertex 7.808040000000003 -2.965120000000001 0
vertex 5.936390000000002 -2.9942300000000013 0
vertex 6.011010000000002 -2.9610200000000013 0
endloop
endfacet
facet normal 0 0 -0.9999999999999999
outer loop
vertex 7.808040000000003 -2.965120000000001 0
vertex 6.011010000000002 -2.9610200000000013 0
vertex 6.0901400000000026 -2.939700000000001 0
endloop
endfacet
facet normal 0 0 -0.9999999999999999
outer loop
vertex 7.808040000000003 -2.965120000000001 0
vertex 6.0901400000000026 -2.939700000000001 0
vertex 9.525530000000003 -2.939700000000001 0
endloop
endfacet
facet normal 0 0 -1
outer loop
vertex 9.729300000000004 -2.9942300000000013 0
vertex 9.679280000000004 -2.9942300000000013 0
vertex 9.715360000000004 -2.990540000000001 0
endloop
endfacet
facet normal 0 0 -1
outer loop
vertex -15.425430000000006 -2.939700000000001 0
vertex -15.200340000000006 -2.999970000000001 0
vertex -28.00013000000001 -2.999970000000001 0
endloop
endfacet
facet normal 0 0 -0.9999999999999999
outer loop
vertex -15.425430000000006 -2.939700000000001 0
vertex -28.00013000000001 -2.999970000000001 0
vertex -28.00013000000001 -2.939700000000001 0
endloop
endfacet
facet normal 0 0 -1
outer loop
vertex -8.885930000000004 -2.996280000000001 0
vertex -9.210240000000004 -2.9942300000000013 0
vertex -9.067150000000003 -2.9942300000000013 0
endloop
endfacet
facet normal 0 0 -1
outer loop
vertex -8.885930000000004 -2.996280000000001 0
vertex -9.067150000000003 -2.9942300000000013 0
vertex -5.740820000000002 -2.9942300000000013 0
endloop
endfacet
facet normal 0 0 -1
outer loop
vertex -8.885930000000004 -2.996280000000001 0
vertex -5.740820000000002 -2.9942300000000013 0
vertex -5.719090000000002 -2.999970000000001 0
endloop
endfacet
facet normal 0 0 -1
outer loop
vertex -8.885930000000004 -2.996280000000001 0
vertex -5.719090000000002 -2.999970000000001 0
vertex -11.800620000000004 -2.999970000000001 0
endloop
endfacet
facet normal 0 0 -1
outer loop
vertex -8.885930000000004 -2.996280000000001 0
vertex -11.800620000000004 -2.999970000000001 0
vertex -11.778890000000004 -2.9942300000000013 0
endloop
endfacet
facet normal 0 0 -1
outer loop
vertex -8.885930000000004 -2.996280000000001 0
vertex -11.778890000000004 -2.9942300000000013 0
vertex -9.210240000000004 -2.9942300000000013 0
endloop
endfacet
facet normal 0 0 -1
outer loop
vertex -1.1279100000000004 -2.9770100000000013 0
vertex -1.0418100000000003 -2.999970000000001 0
vertex -3.5333800000000015 -2.999970000000001 0
endloop
endfacet
facet normal 0 0 -1
outer loop
vertex -1.1279100000000004 -2.9770100000000013 0
vertex -3.5333800000000015 -2.999970000000001 0
vertex -3.391110000000001 -2.9770100000000013 0
endloop
endfacet
facet normal 0 0 -1
outer loop
vertex 3.5805300000000013 -2.939700000000001 0
vertex 3.8056200000000016 -2.999970000000001 0
vertex 2.358320000000001 -2.999970000000001 0
endloop
endfacet
facet normal 0 0 -1
outer loop
vertex 3.5805300000000013 -2.939700000000001 0
vertex 2.358320000000001 -2.999970000000001 0
vertex 2.583000000000001 -2.939700000000001 0
endloop
endfacet
facet normal 0 0 -1
outer loop
vertex 5.015530000000002 -2.983980000000001 0
vertex 5.704740000000002 -2.970450000000001 0
vertex 5.785920000000002 -2.978650000000001 0
endloop
endfacet
facet normal 0 0 -1
outer loop
vertex 5.015530000000002 -2.983980000000001 0
vertex 5.785920000000002 -2.978650000000001 0
vertex 5.865050000000002 -2.999970000000001 0
endloop
endfacet
facet normal 0 0 -1
outer loop
vertex 5.015530000000002 -2.983980000000001 0
vertex 5.865050000000002 -2.999970000000001 0
vertex 3.8056200000000016 -2.999970000000001 0
endloop
endfacet
facet normal 0 0 -1
outer loop
vertex 5.015530000000002 -2.983980000000001 0
vertex 3.8056200000000016 -2.999970000000001 0
vertex 3.9155000000000015 -2.970450000000001 0
endloop
endfacet
facet normal 0 0 -1
outer loop
vertex 5.015530000000002 -2.983980000000001 0
vertex 3.9155000000000015 -2.970450000000001 0
vertex 5.704740000000002 -2.970450000000001 0
endloop
endfacet
facet normal 0 0 -0.9999999999999999
outer loop
vertex 7.808040000000003 -2.996280000000001 0
vertex 5.936390000000002 -2.9942300000000013 0
vertex 9.679280000000004 -2.9942300000000013 0
endloop
endfacet
facet normal 0 0 -1
outer loop
vertex 7.808040000000003 -2.996280000000001 0
vertex 9.679280000000004 -2.9942300000000013 0
vertex 9.729300000000004 -2.9942300000000013 0
endloop
endfacet
facet normal 0 0 -1
outer loop
vertex 7.808040000000003 -2.996280000000001 0
vertex 9.729300000000004 -2.9942300000000013 0
vertex 9.750620000000003 -2.999970000000001 0
endloop
endfacet
facet normal 0 0 -1
outer loop
vertex 7.808040000000003 -2.996280000000001 0
vertex 9.750620000000003 -2.999970000000001 0
vertex 5.865050000000002 -2.999970000000001 0
endloop
endfacet
facet normal 0 0 -1
outer loop
vertex 7.808040000000003 -2.996280000000001 0
vertex 5.865050000000002 -2.999970000000001 0
vertex 5.886370000000002 -2.9942300000000013 0
endloop
endfacet
facet normal 0 0 -1
outer loop
vertex 7.808040000000003 -2.996280000000001 0
vertex 5.886370000000002 -2.9942300000000013 0
vertex 5.936390000000002 -2.9942300000000013 0
endloop
endfacet
facet normal 0 0 -1
outer loop
vertex 10.693620000000005 -2.983980000000001 0
vertex 11.933460000000004 -2.970450000000001 0
vertex 12.043340000000004 -2.999970000000001 0
endloop
endfacet
facet normal 0 0 -0.9999999999999999
outer loop
vertex 10.693620000000005 -2.983980000000001 0
vertex 12.043340000000004 -2.999970000000001 0
vertex 9.750620000000003 -2.999970000000001 0
endloop
endfacet
facet normal 0 0 -1
outer loop
vertex 10.693620000000005 -2.983980000000001 0
vertex 9.750620000000003 -2.999970000000001 0
vertex 9.829750000000004 -2.978650000000001 0
endloop
endfacet
facet normal 0 0 -0.9999999999999999
outer loop
vertex 10.693620000000005 -2.983980000000001 0
vertex 9.829750000000004 -2.978650000000001 0
vertex 9.910930000000004 -2.970450000000001 0
endloop
endfacet
facet normal 0 0 -0.9999999999999999
outer loop
vertex 10.693620000000005 -2.983980000000001 0
vertex 9.910930000000004 -2.970450000000001 0
vertex 11.933460000000004 -2.970450000000001 0
endloop
endfacet
facet normal 0 0 -1
outer loop
vertex 28.00013000000001 -2.939700000000001 0
vertex 28.00013000000001 -2.999970000000001 0
vertex 15.200340000000006 -2.999970000000001 0
endloop
endfacet
facet normal 0 0 -0.9999999999999999
outer loop
vertex 28.00013000000001 -2.939700000000001 0
vertex 15.200340000000006 -2.999970000000001 0
vertex 15.425430000000006 -2.939700000000001 0
endloop
endfacet
facet normal 0 0 -1
outer loop
vertex 0.30053000000000013 -17.418440000000007 0
vertex -15.200340000000006 -2.999970000000001 0
vertex -11.800620000000004 -2.999970000000001 0
endloop
endfacet
facet normal 0 0 -1
outer loop
vertex 0.30053000000000013 -17.418440000000007 0
vertex -11.800620000000004 -2.999970000000001 0
vertex -5.719090000000002 -2.999970000000001 0
endloop
endfacet
facet normal 0 0 -1
outer loop
vertex 0.30053000000000013 -17.418440000000007 0
vertex -5.719090000000002 -2.999970000000001 0
vertex -3.5333800000000015 -2.999970000000001 0
endloop
endfacet
facet normal 0 0 -1
outer loop
vertex 0.30053000000000013 -17.418440000000007 0
vertex -3.5333800000000015 -2.999970000000001 0
vertex -1.0418100000000003 -2.999970000000001 0
endloop
endfacet
facet normal 0 0 -1
outer loop
vertex 0.30053000000000013 -17.418440000000007 0
vertex -1.0418100000000003 -2.999970000000001 0
vertex 2.358320000000001 -2.999970000000001 0
endloop
endfacet
facet normal 0 0 -1
outer loop
vertex 0.30053000000000013 -17.418440000000007 0
vertex 2.358320000000001 -2.999970000000001 0
vertex 3.8056200000000016 -2.999970000000001 0
endloop
endfacet
facet normal 0 0 -1
outer loop
vertex 0.30053000000000013 -17.418440000000007 0
vertex 3.8056200000000016 -2.999970000000001 0
vertex 5.865050000000002 -2.999970000000001 0
endloop
endfacet
facet normal 0 0 -1
outer loop
vertex 0.30053000000000013 -17.418440000000007 0
vertex 5.865050000000002 -2.999970000000001 0
vertex 9.750620000000003 -2.999970000000001 0
endloop
endfacet
facet normal 0 0 -1
outer loop
vertex 0.30053000000000013 -17.418440000000007 0
vertex 9.750620000000003 -2.999970000000001 0
vertex 12.043340000000004 -2.999970000000001 0
endloop
endfacet
facet normal 0 0 -1
outer loop
vertex 0.30053000000000013 -17.418440000000007 0
vertex 12.043340000000004 -2.999970000000001 0
vertex 15.200340000000006 -2.999970000000001 0
endloop
endfacet
facet normal 0 0 -1
outer loop
vertex 0.30053000000000013 -17.418440000000007 0
vertex 15.200340000000006 -2.999970000000001 0
vertex 28.00013000000001 -2.999970000000001 0
endloop
endfacet
facet normal 0 0 -1
outer loop
vertex 0.30053000000000013 -17.418440000000007 0
vertex 28.00013000000001 -2.999970000000001 0
vertex 28.00013000000001 -18.999810000000007 0
endloop
endfacet
facet normal 0 0 -1
outer loop
vertex 0.30053000000000013 -17.418440000000007 0
vertex 28.00013000000001 -18.999810000000007 0
vertex 27.92305000000001 -20.17487000000001 0
endloop
endfacet
facet normal 0 0 -1
outer loop
vertex 0.30053000000000013 -17.418440000000007 0
vertex 27.92305000000001 -20.17487000000001 0
vertex 27.69345000000001 -21.32943000000001 0
endloop
endfacet
facet normal 0 0 -1
outer loop
vertex 0.30053000000000013 -17.418440000000007 0
vertex 27.69345000000001 -21.32943000000001 0
vertex 27.31502000000001 -22.44422000000001 0
endloop
endfacet
facet normal 0 0 -1
outer loop
vertex 0.30053000000000013 -17.418440000000007 0
vertex 27.31502000000001 -22.44422000000001 0
vertex 26.79432000000001 -23.49997000000001 0
endloop
endfacet
facet normal 0 0 -0.9999999999999999
outer loop
vertex 0.30053000000000013 -17.418440000000007 0
vertex 26.79432000000001 -23.49997000000001 0
vertex 26.14037000000001 -24.479050000000008 0
endloop
endfacet
facet normal 0 0 -1
outer loop
vertex 0.30053000000000013 -17.418440000000007 0
vertex 26.14037000000001 -24.479050000000008 0
vertex 25.36383000000001 -25.36383000000001 0
endloop
endfacet
facet normal 0 0 -0.9999999999999999
outer loop
vertex 0.30053000000000013 -17.418440000000007 0
vertex 25.36383000000001 -25.36383000000001 0
vertex 24.479050000000008 -26.14037000000001 0
endloop
endfacet
facet normal 0 0 -1
outer loop
vertex 0.30053000000000013 -17.418440000000007 0
vertex 24.479050000000008 -26.14037000000001 0
vertex 23.49997000000001 -26.79432000000001 0
endloop
endfacet
facet normal 0 0 -1
outer loop
vertex 0.30053000000000013 -17.418440000000007 0
vertex 23.49997000000001 -26.79432000000001 0
vertex 22.44422000000001 -27.31502000000001 0
endloop
endfacet
facet normal 0 0 -1
outer loop
vertex 0.30053000000000013 -17.418440000000007 0
vertex 22.44422000000001 -27.31502000000001 0
vertex 21.32943000000001 -27.69345000000001 0
endloop
endfacet
facet normal 0 0 -1
outer loop
vertex 0.30053000000000013 -17.418440000000007 0
vertex 21.32943000000001 -27.69345000000001 0
vertex 20.17487000000001 -27.92305000000001 0
endloop
endfacet
facet normal 0 0 -1
outer loop
vertex 0.30053000000000013 -17.418440000000007 0
vertex 20.17487000000001 -27.92305000000001 0
vertex 18.999810000000007 -28.00013000000001 0
endloop
endfacet
facet normal 0 0 -1
outer loop
vertex 0.30053000000000013 -17.418440000000007 0
vertex 18.999810000000007 -28.00013000000001 0
vertex -18.999810000000007 -28.00013000000001 0
endloop
endfacet
facet normal 0 0 -1
outer loop
vertex 0.30053000000000013 -17.418440000000007 0
vertex -18.999810000000007 -28.00013000000001 0
vertex -20.17487000000001 -27.92305000000001 0
endloop
endfacet
facet normal 0 0 -1
outer loop
vertex 0.30053000000000013 -17.418440000000007 0
vertex -20.17487000000001 -27.92305000000001 0
vertex -21.32943000000001 -27.69345000000001 0
endloop
endfacet
facet normal 0 0 -1
outer loop
vertex 0.30053000000000013 -17.418440000000007 0
vertex -21.32943000000001 -27.69345000000001 0
vertex -22.44422000000001 -27.31502000000001 0
endloop
endfacet
facet normal 0 0 -1
outer loop
vertex 0.30053000000000013 -17.418440000000007 0
vertex -22.44422000000001 -27.31502000000001 0
vertex -23.49997000000001 -26.79432000000001 0
endloop
endfacet
facet normal 0 0 -1
outer loop
vertex 0.30053000000000013 -17.418440000000007 0
vertex -23.49997000000001 -26.79432000000001 0
vertex -24.479050000000008 -26.14037000000001 0
endloop
endfacet
facet normal 0 0 -1
outer loop
vertex 0.30053000000000013 -17.418440000000007 0
vertex -24.479050000000008 -26.14037000000001 0
vertex -25.36383000000001 -25.36383000000001 0
endloop
endfacet
facet normal 0 0 -1
outer loop
vertex 0.30053000000000013 -17.418440000000007 0
vertex -25.36383000000001 -25.36383000000001 0
vertex -26.14037000000001 -24.479050000000008 0
endloop
endfacet
facet normal 0 0 -1
outer loop
vertex 0.30053000000000013 -17.418440000000007 0
vertex -26.14037000000001 -24.479050000000008 0
vertex -26.79432000000001 -23.49997000000001 0
endloop
endfacet
facet normal 0 0 -1
outer loop
vertex 0.30053000000000013 -17.418440000000007 0
vertex -26.79432000000001 -23.49997000000001 0
vertex -27.31502000000001 -22.44422000000001 0
endloop
endfacet
facet normal 0 0 -1
outer loop
vertex 0.30053000000000013 -17.418440000000007 0
vertex -27.31502000000001 -22.44422000000001 0
vertex -27.69345000000001 -21.32943000000001 0
endloop
endfacet
facet normal 0 0 -1
outer loop
vertex 0.30053000000000013 -17.418440000000007 0
vertex -27.69345000000001 -21.32943000000001 0
vertex -27.92305000000001 -20.17487000000001 0
endloop
endfacet
facet normal 0 0 -1
outer loop
vertex 0.30053000000000013 -17.418440000000007 0
vertex -27.92305000000001 -20.17487000000001 0
vertex -28.00013000000001 -18.999810000000007 0
endloop
endfacet
facet normal 0 0 -1
outer loop
vertex 0.30053000000000013 -17.418440000000007 0
vertex -28.00013000000001 -18.999810000000007 0
vertex -28.00013000000001 -2.999970000000001 0
endloop
endfacet
facet normal 0 0 -1
outer loop
vertex 0.30053000000000013 -17.418440000000007 0
vertex -28.00013000000001 -2.999970000000001 0
vertex -15.200340000000006 -2.999970000000001 0
endloop
endfacet
facet normal -1 0 0
outer loop
vertex 25.000160000000008 0 3.390290000000001
vertex 25.000160000000008 18.999810000000007 10.999890000000004
vertex 25.000160000000008 18.999810000000007 2.999970000000001
endloop
endfacet
facet normal -1 0 0
outer loop
vertex 25.000160000000008 0 3.390290000000001
vertex 25.000160000000008 18.999810000000007 2.999970000000001
vertex 25.000160000000008 14.999850000000006 2.999970000000001
endloop
endfacet
facet normal -1 0 0
outer loop
vertex 25.000160000000008 0 3.390290000000001
vertex 25.000160000000008 14.999850000000006 2.999970000000001
vertex 25.000160000000008 14.942860000000005 2.999970000000001
endloop
endfacet
facet normal -1 0 0
outer loop
vertex 25.000160000000008 0 3.390290000000001
vertex 25.000160000000008 14.942860000000005 2.999970000000001
vertex 25.000160000000008 14.772300000000005 2.999970000000001
endloop
endfacet
facet normal -1 0 0
outer loop
vertex 25.000160000000008 0 3.390290000000001
vertex 25.000160000000008 14.772300000000005 2.999970000000001
vertex 25.000160000000008 14.488990000000005 2.999970000000001
endloop
endfacet
facet normal -1 0 0
outer loop
vertex 25.000160000000008 0 3.390290000000001
vertex 25.000160000000008 14.488990000000005 2.999970000000001
vertex 25.000160000000008 14.095390000000005 2.999970000000001
endloop
endfacet
facet normal -1 0 0
outer loop
vertex 25.000160000000008 0 3.390290000000001
vertex 25.000160000000008 14.095390000000005 2.999970000000001
vertex 25.000160000000008 13.594780000000005 2.999970000000001
endloop
endfacet
facet normal -1 0 0
outer loop
vertex 25.000160000000008 0 3.390290000000001
vertex 25.000160000000008 13.594780000000005 2.999970000000001
vertex 25.000160000000008 12.990440000000005 2.999970000000001
endloop
endfacet
facet normal -1 0 0
outer loop
vertex 25.000160000000008 0 3.390290000000001
vertex 25.000160000000008 12.990440000000005 2.999970000000001
vertex 25.000160000000008 12.287290000000004 2.999970000000001
endloop
endfacet
facet normal -1 0 0
outer loop
vertex 25.000160000000008 0 3.390290000000001
vertex 25.000160000000008 12.287290000000004 2.999970000000001
vertex 25.000160000000008 11.490660000000004 2.999970000000001
endloop
endfacet
facet normal -1 0 0
outer loop
vertex 25.000160000000008 0 3.390290000000001
vertex 25.000160000000008 11.490660000000004 2.999970000000001
vertex 25.000160000000008 10.606700000000004 2.999970000000001
endloop
endfacet
facet normal -0.9999999999999999 0 0
outer loop
vertex 25.000160000000008 0 3.390290000000001
vertex 25.000160000000008 10.606700000000004 2.999970000000001
vertex 25.000160000000008 9.641970000000004 2.999970000000001
endloop
endfacet
facet normal -1 0 0
outer loop
vertex 25.000160000000008 0 3.390290000000001
vertex 25.000160000000008 9.641970000000004 2.999970000000001
vertex 25.000160000000008 8.603850000000003 2.999970000000001
endloop
endfacet
facet normal -1 0 0
outer loop
vertex 25.000160000000008 0 3.390290000000001
vertex 25.000160000000008 8.603850000000003 2.999970000000001
vertex 25.000160000000008 7.500130000000003 2.999970000000001
endloop
endfacet
facet normal -1 0 0
outer loop
vertex 25.000160000000008 0 3.390290000000001
vertex 25.000160000000008 7.500130000000003 2.999970000000001
vertex 25.000160000000008 6.339420000000002 2.999970000000001
endloop
endfacet
facet normal -1 0 0
outer loop
vertex 25.000160000000008 0 3.390290000000001
vertex 25.000160000000008 6.339420000000002 2.999970000000001
vertex 25.000160000000008 5.130330000000002 2.999970000000001
endloop
endfacet
facet normal -1 0 0
outer loop
vertex 25.000160000000008 0 3.390290000000001
vertex 25.000160000000008 5.130330000000002 2.999970000000001
vertex 25.000160000000008 3.8822900000000016 2.999970000000001
endloop
endfacet
facet normal -1 0 0
outer loop
vertex 25.000160000000008 0 3.390290000000001
vertex 25.000160000000008 3.8822900000000016 2.999970000000001
vertex 25.000160000000008 2.604730000000001 2.999970000000001
endloop
endfacet
facet normal -1 0 0
outer loop
vertex 25.000160000000008 0 3.390290000000001
vertex 25.000160000000008 2.604730000000001 2.999970000000001
vertex 25.000160000000008 1.3074900000000005 2.999970000000001
endloop
endfacet
facet normal -1 0 0
outer loop
vertex 25.000160000000008 0 3.390290000000001
vertex 25.000160000000008 1.3074900000000005 2.999970000000001
vertex 25.000160000000008 0 2.999970000000001
endloop
endfacet
facet normal -1 0 0
outer loop
vertex 25.000160000000008 0 3.390290000000001
vertex 25.000160000000008 0 2.999970000000001
vertex 25.000160000000008 -1.3074900000000005 2.999970000000001
endloop
endfacet
facet normal -1 0 0
outer loop
vertex 25.000160000000008 0 3.390290000000001
vertex 25.000160000000008 -1.3074900000000005 2.999970000000001
vertex 25.000160000000008 -2.604730000000001 2.999970000000001
endloop
endfacet
facet normal -1 0 0
outer loop
vertex 25.000160000000008 0 3.390290000000001
vertex 25.000160000000008 -2.604730000000001 2.999970000000001
vertex 25.000160000000008 -3.8822900000000016 2.999970000000001
endloop
endfacet
facet normal -1 0 0
outer loop
vertex 25.000160000000008 0 3.390290000000001
vertex 25.000160000000008 -3.8822900000000016 2.999970000000001
vertex 25.000160000000008 -5.130330000000002 2.999970000000001
endloop
endfacet
facet normal -1 0 0
outer loop
vertex 25.000160000000008 0 3.390290000000001
vertex 25.000160000000008 -5.130330000000002 2.999970000000001
vertex 25.000160000000008 -6.339420000000002 2.999970000000001
endloop
endfacet
facet normal -1 0 0
outer loop
vertex 25.000160000000008 0 3.390290000000001
vertex 25.000160000000008 -6.339420000000002 2.999970000000001
vertex 25.000160000000008 -7.500130000000003 2.999970000000001
endloop
endfacet
facet normal -1 0 0
outer loop
vertex 25.000160000000008 0 3.390290000000001
vertex 25.000160000000008 -7.500130000000003 2.999970000000001
vertex 25.000160000000008 -8.603850000000003 2.999970000000001
endloop
endfacet
facet normal -1 0 0
outer loop
vertex 25.000160000000008 0 3.390290000000001
vertex 25.000160000000008 -8.603850000000003 2.999970000000001
vertex 25.000160000000008 -9.641970000000004 2.999970000000001
endloop
endfacet
facet normal -0.9999999999999999 0 0
outer loop
vertex 25.000160000000008 0 3.390290000000001
vertex 25.000160000000008 -9.641970000000004 2.999970000000001
vertex 25.000160000000008 -10.606700000000004 2.999970000000001
endloop
endfacet
facet normal -1 0 0
outer loop
vertex 25.000160000000008 0 3.390290000000001
vertex 25.000160000000008 -10.606700000000004 2.999970000000001
vertex 25.000160000000008 -11.490660000000004 2.999970000000001
endloop
endfacet
facet normal -1 0 0
outer loop
vertex 25.000160000000008 0 3.390290000000001
vertex 25.000160000000008 -11.490660000000004 2.999970000000001
vertex 25.000160000000008 -12.287290000000004 2.999970000000001
endloop
endfacet
facet normal -1 0 0
outer loop
vertex 25.000160000000008 0 3.390290000000001
vertex 25.000160000000008 -12.287290000000004 2.999970000000001
vertex 25.000160000000008 -12.990440000000005 2.999970000000001
endloop
endfacet
facet normal -1 0 0
outer loop
vertex 25.000160000000008 0 3.390290000000001
vertex 25.000160000000008 -12.990440000000005 2.999970000000001
vertex 25.000160000000008 -13.594780000000005 2.999970000000001
endloop
endfacet
facet normal -1 0 0
outer loop
vertex 25.000160000000008 0 3.390290000000001
vertex 25.000160000000008 -13.594780000000005 2.999970000000001
vertex 25.000160000000008 -14.095390000000005 2.999970000000001
endloop
endfacet
facet normal -1 0 0
outer loop
vertex 25.000160000000008 0 3.390290000000001
vertex 25.000160000000008 -14.095390000000005 2.999970000000001
vertex 25.000160000000008 -14.488990000000005 2.999970000000001
endloop
endfacet
facet normal -1 0 0
outer loop
vertex 25.000160000000008 0 3.390290000000001
vertex 25.000160000000008 -14.488990000000005 2.999970000000001
vertex 25.000160000000008 -14.772300000000005 2.999970000000001
endloop
endfacet
facet normal -1 0 0
outer loop
vertex 25.000160000000008 0 3.390290000000001
vertex 25.000160000000008 -14.772300000000005 2.999970000000001
vertex 25.000160000000008 -14.942860000000005 2.999970000000001
endloop
endfacet
facet normal -1 0 0
outer loop
vertex 25.000160000000008 0 3.390290000000001
vertex 25.000160000000008 -14.942860000000005 2.999970000000001
vertex 25.000160000000008 -14.999850000000006 2.999970000000001
endloop
endfacet
facet normal -1 0 0
outer loop
vertex 25.000160000000008 0 3.390290000000001
vertex 25.000160000000008 -14.999850000000006 2.999970000000001
vertex 25.000160000000008 -18.999810000000007 2.999970000000001
endloop
endfacet
facet normal -1 0 0
outer loop
vertex 25.000160000000008 0 3.390290000000001
vertex 25.000160000000008 -18.999810000000007 2.999970000000001
vertex 25.000160000000008 -18.999810000000007 10.999890000000004
endloop
endfacet
facet normal -1 0 0
outer loop
vertex 25.000160000000008 0 3.390290000000001
vertex 25.000160000000008 -18.999810000000007 10.999890000000004
vertex 25.000160000000008 18.999810000000007 10.999890000000004
endloop
endfacet
facet normal -0.9978334110319702 -0.06579121391419365 0
outer loop
vertex 24.94850000000001 19.783320000000007 10.999890000000004
vertex 24.94850000000001 19.783320000000007 2.999970000000001
vertex 25.000160000000008 18.999810000000007 2.999970000000001
endloop
endfacet
facet normal -0.9978334110319702 -0.06579121391419365 0
outer loop
vertex 24.94850000000001 19.783320000000007 10.999890000000004
vertex 25.000160000000008 18.999810000000007 2.999970000000001
vertex 25.000160000000008 18.999810000000007 10.999890000000004
endloop
endfacet
facet normal -0.9808211098552803 -0.19491010867129568 0
outer loop
vertex 24.79557000000001 20.55289000000001 10.999890000000004
vertex 24.79557000000001 20.55289000000001 2.999970000000001
vertex 24.94850000000001 19.783320000000007 2.999970000000001
endloop
endfacet
facet normal -0.9808211098552803 -0.19491010867129568 0
outer loop
vertex 24.79557000000001 20.55289000000001 10.999890000000004
vertex 24.94850000000001 19.783320000000007 2.999970000000001
vertex 24.94850000000001 19.783320000000007 10.999890000000004
endloop
endfacet
facet normal -0.9469985643720094 -0.3212377921063355 0
outer loop
vertex 24.54342000000001 21.29622000000001 10.999890000000004
vertex 24.54342000000001 21.29622000000001 2.999970000000001
vertex 24.79557000000001 20.55289000000001 2.999970000000001
endloop
endfacet
facet normal -0.9469985643720094 -0.3212377921063355 0
outer loop
vertex 24.54342000000001 21.29622000000001 10.999890000000004
vertex 24.79557000000001 20.55289000000001 2.999970000000001
vertex 24.79557000000001 20.55289000000001 10.999890000000004
endloop
endfacet
facet normal -0.8968169372260103 -0.4424018321668192 0
outer loop
vertex 24.19615000000001 22.000190000000007 10.999890000000004
vertex 24.19615000000001 22.000190000000007 2.999970000000001
vertex 24.54342000000001 21.29622000000001 2.999970000000001
endloop
endfacet
facet normal -0.8968169372260103 -0.4424018321668192 0
outer loop
vertex 24.19615000000001 22.000190000000007 10.999890000000004
vertex 24.54342000000001 21.29622000000001 2.999970000000001
vertex 24.54342000000001 21.29622000000001 10.999890000000004
endloop
endfacet
facet normal -0.8314870454347693 -0.5555441416072693 0
outer loop
vertex 23.760320000000007 22.652500000000007 10.999890000000004
vertex 23.760320000000007 22.652500000000007 2.999970000000001
vertex 24.19615000000001 22.000190000000007 2.999970000000001
endloop
endfacet
facet normal -0.8314870454347693 -0.5555441416072693 0
outer loop
vertex 23.760320000000007 22.652500000000007 10.999890000000004
vertex 24.19615000000001 22.000190000000007 2.999970000000001
vertex 24.19615000000001 22.000190000000007 10.999890000000004
endloop
endfacet
facet normal -0.7515728433728847 -0.6596501050590361 0
outer loop
vertex 23.242490000000007 23.242490000000007 10.999890000000004
vertex 23.242490000000007 23.242490000000007 2.999970000000001
vertex 23.760320000000007 22.652500000000007 2.999970000000001
endloop
endfacet
facet normal -0.7515728433728847 -0.6596501050590361 0
outer loop
vertex 23.242490000000007 23.242490000000007 10.999890000000004
vertex 23.760320000000007 22.652500000000007 2.999970000000001
vertex 23.760320000000007 22.652500000000007 10.999890000000004
endloop
endfacet
facet normal -0.6596501050590361 -0.7515728433728847 0
outer loop
vertex 22.652500000000007 23.760320000000007 10.999890000000004
vertex 22.652500000000007 23.760320000000007 2.999970000000001
vertex 23.242490000000007 23.242490000000007 2.999970000000001
endloop
endfacet
facet normal -0.6596501050590361 -0.7515728433728847 0
outer loop
vertex 22.652500000000007 23.760320000000007 10.999890000000004
vertex 23.242490000000007 23.242490000000007 2.999970000000001
vertex 23.242490000000007 23.242490000000007 10.999890000000004
endloop
endfacet
facet normal -0.5555441416072693 -0.8314870454347693 0
outer loop
vertex 22.000190000000007 24.19615000000001 10.999890000000004
vertex 22.000190000000007 24.19615000000001 2.999970000000001
vertex 22.652500000000007 23.760320000000007 2.999970000000001
endloop
endfacet
facet normal -0.5555441416072693 -0.8314870454347693 0
outer loop
vertex 22.000190000000007 24.19615000000001 10.999890000000004
vertex 22.652500000000007 23.760320000000007 2.999970000000001
vertex 22.652500000000007 23.760320000000007 10.999890000000004
endloop
endfacet
facet normal -0.4424018321668192 -0.8968169372260103 0
outer loop
vertex 21.29622000000001 24.54342000000001 10.999890000000004
vertex 21.29622000000001 24.54342000000001 2.999970000000001
vertex 22.000190000000007 24.19615000000001 2.999970000000001
endloop
endfacet
facet normal -0.4424018321668192 -0.8968169372260103 0
outer loop
vertex 21.29622000000001 24.54342000000001 10.999890000000004
vertex 22.000190000000007 24.19615000000001 2.999970000000001
vertex 22.000190000000007 24.19615000000001 10.999890000000004
endloop
endfacet
facet normal -0.3212377921063355 -0.9469985643720094 0
outer loop
vertex 20.55289000000001 24.79557000000001 10.999890000000004
vertex 20.55289000000001 24.79557000000001 2.999970000000001
vertex 21.29622000000001 24.54342000000001 2.999970000000001
endloop
endfacet
facet normal -0.3212377921063355 -0.9469985643720094 0
outer loop
vertex 20.55289000000001 24.79557000000001 10.999890000000004
vertex 21.29622000000001 24.54342000000001 2.999970000000001
vertex 21.29622000000001 24.54342000000001 10.999890000000004
endloop
endfacet
facet normal -0.19491010867129568 -0.9808211098552803 0
outer loop
vertex 19.783320000000007 24.94850000000001 10.999890000000004
vertex 19.783320000000007 24.94850000000001 2.999970000000001
vertex 20.55289000000001 24.79557000000001 2.999970000000001
endloop
endfacet
facet normal -0.19491010867129568 -0.9808211098552803 0
outer loop
vertex 19.783320000000007 24.94850000000001 10.999890000000004
vertex 20.55289000000001 24.79557000000001 2.999970000000001
vertex 20.55289000000001 24.79557000000001 10.999890000000004
endloop
endfacet
facet normal -0.06579121391419365 -0.9978334110319702 0
outer loop
vertex 18.999810000000007 25.000160000000008 10.999890000000004
vertex 18.999810000000007 25.000160000000008 2.999970000000001
vertex 19.783320000000007 24.94850000000001 2.999970000000001
endloop
endfacet
facet normal -0.06579121391419365 -0.9978334110319702 0
outer loop
vertex 18.999810000000007 25.000160000000008 10.999890000000004
vertex 19.783320000000007 24.94850000000001 2.999970000000001
vertex 19.783320000000007 24.94850000000001 10.999890000000004
endloop
endfacet
facet normal 0 -1 0
outer loop
vertex -18.999810000000007 25.000160000000008 10.999890000000004
vertex -18.999810000000007 25.000160000000008 2.999970000000001
vertex 18.999810000000007 25.000160000000008 2.999970000000001
endloop
endfacet
facet normal 0 -1 0
outer loop
vertex -18.999810000000007 25.000160000000008 10.999890000000004
vertex 18.999810000000007 25.000160000000008 2.999970000000001
vertex 18.999810000000007 25.000160000000008 10.999890000000004
endloop
endfacet
facet normal 0.06579121391419365 -0.9978334110319702 0
outer loop
vertex -19.783320000000007 24.94850000000001 10.999890000000004
vertex -19.783320000000007 24.94850000000001 2.999970000000001
vertex -18.999810000000007 25.000160000000008 2.999970000000001
endloop
endfacet
facet normal 0.06579121391419365 -0.9978334110319702 0
outer loop
vertex -19.783320000000007 24.94850000000001 10.999890000000004
vertex -18.999810000000007 25.000160000000008 2.999970000000001
vertex -18.999810000000007 25.000160000000008 10.999890000000004
endloop
endfacet
facet normal 0.19491010867129568 -0.9808211098552803 0
outer loop
vertex -20.55289000000001 24.79557000000001 10.999890000000004
vertex -20.55289000000001 24.79557000000001 2.999970000000001
vertex -19.783320000000007 24.94850000000001 2.999970000000001
endloop
endfacet
facet normal 0.19491010867129568 -0.9808211098552803 0
outer loop
vertex -20.55289000000001 24.79557000000001 10.999890000000004
vertex -19.783320000000007 24.94850000000001 2.999970000000001
vertex -19.783320000000007 24.94850000000001 10.999890000000004
endloop
endfacet
facet normal 0.3212377921063355 -0.9469985643720094 0
outer loop
vertex -21.29622000000001 24.54342000000001 10.999890000000004
vertex -21.29622000000001 24.54342000000001 2.999970000000001
vertex -20.55289000000001 24.79557000000001 2.999970000000001
endloop
endfacet
facet normal 0.3212377921063355 -0.9469985643720094 0
outer loop
vertex -21.29622000000001 24.54342000000001 10.999890000000004
vertex -20.55289000000001 24.79557000000001 2.999970000000001
vertex -20.55289000000001 24.79557000000001 10.999890000000004
endloop
endfacet
facet normal 0.4424018321668192 -0.8968169372260103 0
outer loop
vertex -22.000190000000007 24.19615000000001 10.999890000000004
vertex -22.000190000000007 24.19615000000001 2.999970000000001
vertex -21.29622000000001 24.54342000000001 2.999970000000001
endloop
endfacet
facet normal 0.4424018321668192 -0.8968169372260103 0
outer loop
vertex -22.000190000000007 24.19615000000001 10.999890000000004
vertex -21.29622000000001 24.54342000000001 2.999970000000001
vertex -21.29622000000001 24.54342000000001 10.999890000000004
endloop
endfacet
facet normal 0.5555441416072693 -0.8314870454347693 0
outer loop
vertex -22.652500000000007 23.760320000000007 10.999890000000004
vertex -22.652500000000007 23.760320000000007 2.999970000000001
vertex -22.000190000000007 24.19615000000001 2.999970000000001
endloop
endfacet
facet normal 0.5555441416072693 -0.8314870454347693 0
outer loop
vertex -22.652500000000007 23.760320000000007 10.999890000000004
vertex -22.000190000000007 24.19615000000001 2.999970000000001
vertex -22.000190000000007 24.19615000000001 10.999890000000004
endloop
endfacet
facet normal 0.6596501050590361 -0.7515728433728847 0
outer loop
vertex -23.242490000000007 23.242490000000007 10.999890000000004
vertex -23.242490000000007 23.242490000000007 2.999970000000001
vertex -22.652500000000007 23.760320000000007 2.999970000000001
endloop
endfacet
facet normal 0.6596501050590361 -0.7515728433728847 0
outer loop
vertex -23.242490000000007 23.242490000000007 10.999890000000004
vertex -22.652500000000007 23.760320000000007 2.999970000000001
vertex -22.652500000000007 23.760320000000007 10.999890000000004
endloop
endfacet
facet normal 0.7515728433728847 -0.6596501050590361 0
outer loop
vertex -23.760320000000007 22.652500000000007 10.999890000000004
vertex -23.760320000000007 22.652500000000007 2.999970000000001
vertex -23.242490000000007 23.242490000000007 2.999970000000001
endloop
endfacet
facet normal 0.7515728433728847 -0.6596501050590361 0
outer loop
vertex -23.760320000000007 22.652500000000007 10.999890000000004
vertex -23.242490000000007 23.242490000000007 2.999970000000001
vertex -23.242490000000007 23.242490000000007 10.999890000000004
endloop
endfacet
facet normal 0.8314870454347693 -0.5555441416072693 0
outer loop
vertex -24.19615000000001 22.000190000000007 10.999890000000004
vertex -24.19615000000001 22.000190000000007 2.999970000000001
vertex -23.760320000000007 22.652500000000007 2.999970000000001
endloop
endfacet
facet normal 0.8314870454347693 -0.5555441416072693 0
outer loop
vertex -24.19615000000001 22.000190000000007 10.999890000000004
vertex -23.760320000000007 22.652500000000007 2.999970000000001
vertex -23.760320000000007 22.652500000000007 10.999890000000004
endloop
endfacet
facet normal 0.8968169372260103 -0.4424018321668192 0
outer loop
vertex -24.54342000000001 21.29622000000001 10.999890000000004
vertex -24.54342000000001 21.29622000000001 2.999970000000001
vertex -24.19615000000001 22.000190000000007 2.999970000000001
endloop
endfacet
facet normal 0.8968169372260103 -0.4424018321668192 0
outer loop
vertex -24.54342000000001 21.29622000000001 10.999890000000004
vertex -24.19615000000001 22.000190000000007 2.999970000000001
vertex -24.19615000000001 22.000190000000007 10.999890000000004
endloop
endfacet
facet normal 0.9469985643720094 -0.3212377921063355 0
outer loop
vertex -24.79557000000001 20.55289000000001 10.999890000000004
vertex -24.79557000000001 20.55289000000001 2.999970000000001
vertex -24.54342000000001 21.29622000000001 2.999970000000001
endloop
endfacet
facet normal 0.9469985643720094 -0.3212377921063355 0
outer loop
vertex -24.79557000000001 20.55289000000001 10.999890000000004
vertex -24.54342000000001 21.29622000000001 2.999970000000001
vertex -24.54342000000001 21.29622000000001 10.999890000000004
endloop
endfacet
facet normal 0.9808211098552803 -0.19491010867129568 0
outer loop
vertex -24.94850000000001 19.783320000000007 10.999890000000004
vertex -24.94850000000001 19.783320000000007 2.999970000000001
vertex -24.79557000000001 20.55289000000001 2.999970000000001
endloop
endfacet
facet normal 0.9808211098552803 -0.19491010867129568 0
outer loop
vertex -24.94850000000001 19.783320000000007 10.999890000000004
vertex -24.79557000000001 20.55289000000001 2.999970000000001
vertex -24.79557000000001 20.55289000000001 10.999890000000004
endloop
endfacet
facet normal 0.9978334110319702 -0.06579121391419365 0
outer loop
vertex -25.000160000000008 18.999810000000007 10.999890000000004
vertex -25.000160000000008 18.999810000000007 2.999970000000001
vertex -24.94850000000001 19.783320000000007 2.999970000000001
endloop
endfacet
facet normal 0.9978334110319702 -0.06579121391419365 0
outer loop
vertex -25.000160000000008 18.999810000000007 10.999890000000004
vertex -24.94850000000001 19.783320000000007 2.999970000000001
vertex -24.94850000000001 19.783320000000007 10.999890000000004
endloop
endfacet
facet normal 1 0 0
outer loop
vertex -25.000160000000008 0 3.390290000000001
vertex -25.000160000000008 -18.999810000000007 10.999890000000004
vertex -25.000160000000008 -18.999810000000007 2.999970000000001
endloop
endfacet
facet normal 1 0 0
outer loop
vertex -25.000160000000008 0 3.390290000000001
vertex -25.000160000000008 -18.999810000000007 2.999970000000001
vertex -25.000160000000008 -14.999850000000006 2.999970000000001
endloop
endfacet
facet normal 1 0 0
outer loop
vertex -25.000160000000008 0 3.390290000000001
vertex -25.000160000000008 -14.999850000000006 2.999970000000001
vertex -25.000160000000008 -14.942860000000005 2.999970000000001
endloop
endfacet
facet normal 1 0 0
outer loop
vertex -25.000160000000008 0 3.390290000000001
vertex -25.000160000000008 -14.942860000000005 2.999970000000001
vertex -25.000160000000008 -14.772300000000005 2.999970000000001
endloop
endfacet
facet normal 1 0 0
outer loop
vertex -25.000160000000008 0 3.390290000000001
vertex -25.000160000000008 -14.772300000000005 2.999970000000001
vertex -25.000160000000008 -14.488990000000005 2.999970000000001
endloop
endfacet
facet normal 1 0 0
outer loop
vertex -25.000160000000008 0 3.390290000000001
vertex -25.000160000000008 -14.488990000000005 2.999970000000001
vertex -25.000160000000008 -14.095390000000005 2.999970000000001
endloop
endfacet
facet normal 1 0 0
outer loop
vertex -25.000160000000008 0 3.390290000000001
vertex -25.000160000000008 -14.095390000000005 2.999970000000001
vertex -25.000160000000008 -13.594780000000005 2.999970000000001
endloop
endfacet
facet normal 1 0 0
outer loop
vertex -25.000160000000008 0 3.390290000000001
vertex -25.000160000000008 -13.594780000000005 2.999970000000001
vertex -25.000160000000008 -12.990440000000005 2.999970000000001
endloop
endfacet
facet normal 1 0 0
outer loop
vertex -25.000160000000008 0 3.390290000000001
vertex -25.000160000000008 -12.990440000000005 2.999970000000001
vertex -25.000160000000008 -12.287290000000004 2.999970000000001
endloop
endfacet
facet normal 1 0 0
outer loop
vertex -25.000160000000008 0 3.390290000000001
vertex -25.000160000000008 -12.287290000000004 2.999970000000001
vertex -25.000160000000008 -11.490660000000004 2.999970000000001
endloop
endfacet
facet normal 1 0 0
outer loop
vertex -25.000160000000008 0 3.390290000000001
vertex -25.000160000000008 -11.490660000000004 2.999970000000001
vertex -25.000160000000008 -10.606700000000004 2.999970000000001
endloop
endfacet
facet normal 0.9999999999999999 0 0
outer loop
vertex -25.000160000000008 0 3.390290000000001
vertex -25.000160000000008 -10.606700000000004 2.999970000000001
vertex -25.000160000000008 -9.641970000000004 2.999970000000001
endloop
endfacet
facet normal 1 0 0
outer loop
vertex -25.000160000000008 0 3.390290000000001
vertex -25.000160000000008 -9.641970000000004 2.999970000000001
vertex -25.000160000000008 -8.603850000000003 2.999970000000001
endloop
endfacet
facet normal 1 0 0
outer loop
vertex -25.000160000000008 0 3.390290000000001
vertex -25.000160000000008 -8.603850000000003 2.999970000000001
vertex -25.000160000000008 -7.500130000000003 2.999970000000001
endloop
endfacet
facet normal 1 0 0
outer loop
vertex -25.000160000000008 0 3.390290000000001
vertex -25.000160000000008 -7.500130000000003 2.999970000000001
vertex -25.000160000000008 -6.339420000000002 2.999970000000001
endloop
endfacet
facet normal 1 0 0
outer loop
vertex -25.000160000000008 0 3.390290000000001
vertex -25.000160000000008 -6.339420000000002 2.999970000000001
vertex -25.000160000000008 -5.130330000000002 2.999970000000001
endloop
endfacet
facet normal 1 0 0
outer loop
vertex -25.000160000000008 0 3.390290000000001
vertex -25.000160000000008 -5.130330000000002 2.999970000000001
vertex -25.000160000000008 -3.8822900000000016 2.999970000000001
endloop
endfacet
facet normal 1 0 0
outer loop
vertex -25.000160000000008 0 3.390290000000001
vertex -25.000160000000008 -3.8822900000000016 2.999970000000001
vertex -25.000160000000008 -2.604730000000001 2.999970000000001
endloop
endfacet
facet normal 1 0 0
outer loop
vertex -25.000160000000008 0 3.390290000000001
vertex -25.000160000000008 -2.604730000000001 2.999970000000001
vertex -25.000160000000008 -1.3074900000000005 2.999970000000001
endloop
endfacet
facet normal 1 0 0
outer loop
vertex -25.000160000000008 0 3.390290000000001
vertex -25.000160000000008 -1.3074900000000005 2.999970000000001
vertex -25.000160000000008 0 2.999970000000001
endloop
endfacet
facet normal 1 0 0
outer loop
vertex -25.000160000000008 0 3.390290000000001
vertex -25.000160000000008 0 2.999970000000001
vertex -25.000160000000008 1.3074900000000005 2.999970000000001
endloop
endfacet
facet normal 1 0 0
outer loop
vertex -25.000160000000008 0 3.390290000000001
vertex -25.000160000000008 1.3074900000000005 2.999970000000001
vertex -25.000160000000008 2.604730000000001 2.999970000000001
endloop
endfacet
facet normal 1 0 0
outer loop
vertex -25.000160000000008 0 3.390290000000001
vertex -25.000160000000008 2.604730000000001 2.999970000000001
vertex -25.000160000000008 3.8822900000000016 2.999970000000001
endloop
endfacet
facet normal 1 0 0
outer loop
vertex -25.000160000000008 0 3.390290000000001
vertex -25.000160000000008 3.8822900000000016 2.999970000000001
vertex -25.000160000000008 5.130330000000002 2.999970000000001
endloop
endfacet
facet normal 1 0 0
outer loop
vertex -25.000160000000008 0 3.390290000000001
vertex -25.000160000000008 5.130330000000002 2.999970000000001
vertex -25.000160000000008 6.339420000000002 2.999970000000001
endloop
endfacet
facet normal 1 0 0
outer loop
vertex -25.000160000000008 0 3.390290000000001
vertex -25.000160000000008 6.339420000000002 2.999970000000001
vertex -25.000160000000008 7.500130000000003 2.999970000000001
endloop
endfacet
facet normal 1 0 0
outer loop
vertex -25.000160000000008 0 3.390290000000001
vertex -25.000160000000008 7.500130000000003 2.999970000000001
vertex -25.000160000000008 8.603850000000003 2.999970000000001
endloop
endfacet
facet normal 1 0 0
outer loop
vertex -25.000160000000008 0 3.390290000000001
vertex -25.000160000000008 8.603850000000003 2.999970000000001
vertex -25.000160000000008 9.641970000000004 2.999970000000001
endloop
endfacet
facet normal 0.9999999999999999 0 0
outer loop
vertex -25.000160000000008 0 3.390290000000001
vertex -25.000160000000008 9.641970000000004 2.999970000000001
vertex -25.000160000000008 10.606700000000004 2.999970000000001
endloop
endfacet
facet normal 1 0 0
outer loop
vertex -25.000160000000008 0 3.390290000000001
vertex -25.000160000000008 10.606700000000004 2.999970000000001
vertex -25.000160000000008 11.490660000000004 2.999970000000001
endloop
endfacet
facet normal 1 0 0
outer loop
vertex -25.000160000000008 0 3.390290000000001
vertex -25.000160000000008 11.490660000000004 2.999970000000001
vertex -25.000160000000008 12.287290000000004 2.999970000000001
endloop
endfacet
facet normal 1 0 0
outer loop
vertex -25.000160000000008 0 3.390290000000001
vertex -25.000160000000008 12.287290000000004 2.999970000000001
vertex -25.000160000000008 12.990440000000005 2.999970000000001
endloop
endfacet
facet normal 1 0 0
outer loop
vertex -25.000160000000008 0 3.390290000000001
vertex -25.000160000000008 12.990440000000005 2.999970000000001
vertex -25.000160000000008 13.594780000000005 2.999970000000001
endloop
endfacet
facet normal 1 0 0
outer loop
vertex -25.000160000000008 0 3.390290000000001
vertex -25.000160000000008 13.594780000000005 2.999970000000001
vertex -25.000160000000008 14.095390000000005 2.999970000000001
endloop
endfacet
facet normal 1 0 0
outer loop
vertex -25.000160000000008 0 3.390290000000001
vertex -25.000160000000008 14.095390000000005 2.999970000000001
vertex -25.000160000000008 14.488990000000005 2.999970000000001
endloop
endfacet
facet normal 1 0 0
outer loop
vertex -25.000160000000008 0 3.390290000000001
vertex -25.000160000000008 14.488990000000005 2.999970000000001
vertex -25.000160000000008 14.772300000000005 2.999970000000001
endloop
endfacet
facet normal 1 0 0
outer loop
vertex -25.000160000000008 0 3.390290000000001
vertex -25.000160000000008 14.772300000000005 2.999970000000001
vertex -25.000160000000008 14.942860000000005 2.999970000000001
endloop
endfacet
facet normal 1 0 0
outer loop
vertex -25.000160000000008 0 3.390290000000001
vertex -25.000160000000008 14.942860000000005 2.999970000000001
vertex -25.000160000000008 14.999850000000006 2.999970000000001
endloop
endfacet
facet normal 1 0 0
outer loop
vertex -25.000160000000008 0 3.390290000000001
vertex -25.000160000000008 14.999850000000006 2.999970000000001
vertex -25.000160000000008 18.999810000000007 2.999970000000001
endloop
endfacet
facet normal 1 0 0
outer loop
vertex -25.000160000000008 0 3.390290000000001
vertex -25.000160000000008 18.999810000000007 2.999970000000001
vertex -25.000160000000008 18.999810000000007 10.999890000000004
endloop
endfacet
facet normal 1 0 0
outer loop
vertex -25.000160000000008 0 3.390290000000001
vertex -25.000160000000008 18.999810000000007 10.999890000000004
vertex -25.000160000000008 -18.999810000000007 10.999890000000004
endloop
endfacet
facet normal 0.9978334110319702 0.06579121391419365 0
outer loop
vertex -24.94850000000001 -19.783320000000007 10.999890000000004
vertex -24.94850000000001 -19.783320000000007 2.999970000000001
vertex -25.000160000000008 -18.999810000000007 2.999970000000001
endloop
endfacet
facet normal 0.9978334110319702 0.06579121391419365 0
outer loop
vertex -24.94850000000001 -19.783320000000007 10.999890000000004
vertex -25.000160000000008 -18.999810000000007 2.999970000000001
vertex -25.000160000000008 -18.999810000000007 10.999890000000004
endloop
endfacet
facet normal 0.9808211098552803 0.19491010867129568 0
outer loop
vertex -24.79557000000001 -20.55289000000001 10.999890000000004
vertex -24.79557000000001 -20.55289000000001 2.999970000000001
vertex -24.94850000000001 -19.783320000000007 2.999970000000001
endloop
endfacet
facet normal 0.9808211098552803 0.19491010867129568 0
outer loop
vertex -24.79557000000001 -20.55289000000001 10.999890000000004
vertex -24.94850000000001 -19.783320000000007 2.999970000000001
vertex -24.94850000000001 -19.783320000000007 10.999890000000004
endloop
endfacet
facet normal 0.9469985643720094 0.3212377921063355 0
outer loop
vertex -24.54342000000001 -21.29622000000001 10.999890000000004
vertex -24.54342000000001 -21.29622000000001 2.999970000000001
vertex -24.79557000000001 -20.55289000000001 2.999970000000001
endloop
endfacet
facet normal 0.9469985643720094 0.3212377921063355 0
outer loop
vertex -24.54342000000001 -21.29622000000001 10.999890000000004
vertex -24.79557000000001 -20.55289000000001 2.999970000000001
vertex -24.79557000000001 -20.55289000000001 10.999890000000004
endloop
endfacet
facet normal 0.8968169372260103 0.4424018321668192 0
outer loop
vertex -24.19615000000001 -22.000190000000007 10.999890000000004
vertex -24.19615000000001 -22.000190000000007 2.999970000000001
vertex -24.54342000000001 -21.29622000000001 2.999970000000001
endloop
endfacet
facet normal 0.8968169372260103 0.4424018321668192 0
outer loop
vertex -24.19615000000001 -22.000190000000007 10.999890000000004
vertex -24.54342000000001 -21.29622000000001 2.999970000000001
vertex -24.54342000000001 -21.29622000000001 10.999890000000004
endloop
endfacet
facet normal 0.8314870454347693 0.5555441416072693 0
outer loop
vertex -23.760320000000007 -22.652500000000007 10.999890000000004
vertex -23.760320000000007 -22.652500000000007 2.999970000000001
vertex -24.19615000000001 -22.000190000000007 2.999970000000001
endloop
endfacet
facet normal 0.8314870454347693 0.5555441416072693 0
outer loop
vertex -23.760320000000007 -22.652500000000007 10.999890000000004
vertex -24.19615000000001 -22.000190000000007 2.999970000000001
vertex -24.19615000000001 -22.000190000000007 10.999890000000004
endloop
endfacet
facet normal 0.7515728433728847 0.6596501050590361 0
outer loop
vertex -23.242490000000007 -23.242490000000007 10.999890000000004
vertex -23.242490000000007 -23.242490000000007 2.999970000000001
vertex -23.760320000000007 -22.652500000000007 2.999970000000001
endloop
endfacet
facet normal 0.7515728433728847 0.6596501050590361 0
outer loop
vertex -23.242490000000007 -23.242490000000007 10.999890000000004
vertex -23.760320000000007 -22.652500000000007 2.999970000000001
vertex -23.760320000000007 -22.652500000000007 10.999890000000004
endloop
endfacet
facet normal 0.6596501050590361 0.7515728433728847 0
outer loop
vertex -22.652500000000007 -23.760320000000007 10.999890000000004
vertex -22.652500000000007 -23.760320000000007 2.999970000000001
vertex -23.242490000000007 -23.242490000000007 2.999970000000001
endloop
endfacet
facet normal 0.6596501050590361 0.7515728433728847 0
outer loop
vertex -22.652500000000007 -23.760320000000007 10.999890000000004
vertex -23.242490000000007 -23.242490000000007 2.999970000000001
vertex -23.242490000000007 -23.242490000000007 10.999890000000004
endloop
endfacet
facet normal 0.5555441416072693 0.8314870454347693 0
outer loop
vertex -22.000190000000007 -24.19615000000001 10.999890000000004
vertex -22.000190000000007 -24.19615000000001 2.999970000000001
vertex -22.652500000000007 -23.760320000000007 2.999970000000001
endloop
endfacet
facet normal 0.5555441416072693 0.8314870454347693 0
outer loop
vertex -22.000190000000007 -24.19615000000001 10.999890000000004
vertex -22.652500000000007 -23.760320000000007 2.999970000000001
vertex -22.652500000000007 -23.760320000000007 10.999890000000004
endloop
endfacet
facet normal 0.4424018321668192 0.8968169372260103 0
outer loop
vertex -21.29622000000001 -24.54342000000001 10.999890000000004
vertex -21.29622000000001 -24.54342000000001 2.999970000000001
vertex -22.000190000000007 -24.19615000000001 2.999970000000001
endloop
endfacet
facet normal 0.4424018321668192 0.8968169372260103 0
outer loop
vertex -21.29622000000001 -24.54342000000001 10.999890000000004
vertex -22.000190000000007 -24.19615000000001 2.999970000000001
vertex -22.000190000000007 -24.19615000000001 10.999890000000004
endloop
endfacet
facet normal 0.3212377921063355 0.9469985643720094 0
outer loop
vertex -20.55289000000001 -24.79557000000001 10.999890000000004
vertex -20.55289000000001 -24.79557000000001 2.999970000000001
vertex -21.29622000000001 -24.54342000000001 2.999970000000001
endloop
endfacet
facet normal 0.3212377921063355 0.9469985643720094 0
outer loop
vertex -20.55289000000001 -24.79557000000001 10.999890000000004
vertex -21.29622000000001 -24.54342000000001 2.999970000000001
vertex -21.29622000000001 -24.54342000000001 10.999890000000004
endloop
endfacet
facet normal 0.19491010867129568 0.9808211098552803 0
outer loop
vertex -19.783320000000007 -24.94850000000001 10.999890000000004
vertex -19.783320000000007 -24.94850000000001 2.999970000000001
vertex -20.55289000000001 -24.79557000000001 2.999970000000001
endloop
endfacet
facet normal 0.19491010867129568 0.9808211098552803 0
outer loop
vertex -19.783320000000007 -24.94850000000001 10.999890000000004
vertex -20.55289000000001 -24.79557000000001 2.999970000000001
vertex -20.55289000000001 -24.79557000000001 10.999890000000004
endloop
endfacet
facet normal 0.06579121391419365 0.9978334110319702 0
outer loop
vertex -18.999810000000007 -25.000160000000008 10.999890000000004
vertex -18.999810000000007 -25.000160000000008 2.999970000000001
vertex -19.783320000000007 -24.94850000000001 2.999970000000001
endloop
endfacet
facet normal 0.06579121391419365 0.9978334110319702 0
outer loop
vertex -18.999810000000007 -25.000160000000008 10.999890000000004
vertex -19.783320000000007 -24.94850000000001 2.999970000000001
vertex -19.783320000000007 -24.94850000000001 10.999890000000004
endloop
endfacet
facet normal 0 1 0
outer loop
vertex 18.999810000000007 -25.000160000000008 10.999890000000004
vertex 18.999810000000007 -25.000160000000008 2.999970000000001
vertex -18.999810000000007 -25.000160000000008 2.999970000000001
endloop
endfacet
facet normal 0 1 0
outer loop
vertex 18.999810000000007 -25.000160000000008 10.999890000000004
vertex -18.999810000000007 -25.000160000000008 2.999970000000001
vertex -18.999810000000007 -25.000160000000008 10.999890000000004
endloop
endfacet
facet normal -0.06579121391419365 0.9978334110319702 0
outer loop
vertex 19.783320000000007 -24.94850000000001 10.999890000000004
vertex 19.783320000000007 -24.94850000000001 2.999970000000001
vertex 18.999810000000007 -25.000160000000008 2.999970000000001
endloop
endfacet
facet normal -0.06579121391419365 0.9978334110319702 0
outer loop
vertex 19.783320000000007 -24.94850000000001 10.999890000000004
vertex 18.999810000000007 -25.000160000000008 2.999970000000001
vertex 18.999810000000007 -25.000160000000008 10.999890000000004
endloop
endfacet
facet normal -0.19491010867129568 0.9808211098552803 0
outer loop
vertex 20.55289000000001 -24.79557000000001 10.999890000000004
vertex 20.55289000000001 -24.79557000000001 2.999970000000001
vertex 19.783320000000007 -24.94850000000001 2.999970000000001
endloop
endfacet
facet normal -0.19491010867129568 0.9808211098552803 0
outer loop
vertex 20.55289000000001 -24.79557000000001 10.999890000000004
vertex 19.783320000000007 -24.94850000000001 2.999970000000001
vertex 19.783320000000007 -24.94850000000001 10.999890000000004
endloop
endfacet
facet normal -0.3212377921063355 0.9469985643720094 0
outer loop
vertex 21.29622000000001 -24.54342000000001 10.999890000000004
vertex 21.29622000000001 -24.54342000000001 2.999970000000001
vertex 20.55289000000001 -24.79557000000001 2.999970000000001
endloop
endfacet
facet normal -0.3212377921063355 0.9469985643720094 0
outer loop
vertex 21.29622000000001 -24.54342000000001 10.999890000000004
vertex 20.55289000000001 -24.79557000000001 2.999970000000001
vertex 20.55289000000001 -24.79557000000001 10.999890000000004
endloop
endfacet
facet normal -0.4424018321668192 0.8968169372260103 0
outer loop
vertex 22.000190000000007 -24.19615000000001 10.999890000000004
vertex 22.000190000000007 -24.19615000000001 2.999970000000001
vertex 21.29622000000001 -24.54342000000001 2.999970000000001
endloop
endfacet
facet normal -0.4424018321668192 0.8968169372260103 0
outer loop
vertex 22.000190000000007 -24.19615000000001 10.999890000000004
vertex 21.29622000000001 -24.54342000000001 2.999970000000001
vertex 21.29622000000001 -24.54342000000001 10.999890000000004
endloop
endfacet
facet normal -0.5555441416072693 0.8314870454347693 0
outer loop
vertex 22.652500000000007 -23.760320000000007 10.999890000000004
vertex 22.652500000000007 -23.760320000000007 2.999970000000001
vertex 22.000190000000007 -24.19615000000001 2.999970000000001
endloop
endfacet
facet normal -0.5555441416072693 0.8314870454347693 0
outer loop
vertex 22.652500000000007 -23.760320000000007 10.999890000000004
vertex 22.000190000000007 -24.19615000000001 2.999970000000001
vertex 22.000190000000007 -24.19615000000001 10.999890000000004
endloop
endfacet
facet normal -0.6596501050590361 0.7515728433728847 0
outer loop
vertex 23.242490000000007 -23.242490000000007 10.999890000000004
vertex 23.242490000000007 -23.242490000000007 2.999970000000001
vertex 22.652500000000007 -23.760320000000007 2.999970000000001
endloop
endfacet
facet normal -0.6596501050590361 0.7515728433728847 0
outer loop
vertex 23.242490000000007 -23.242490000000007 10.999890000000004
vertex 22.652500000000007 -23.760320000000007 2.999970000000001
vertex 22.652500000000007 -23.760320000000007 10.999890000000004
endloop
endfacet
facet normal -0.7515728433728847 0.6596501050590361 0
outer loop
vertex 23.760320000000007 -22.652500000000007 10.999890000000004
vertex 23.760320000000007 -22.652500000000007 2.999970000000001
vertex 23.242490000000007 -23.242490000000007 2.999970000000001
endloop
endfacet
facet normal -0.7515728433728847 0.6596501050590361 0
outer loop
vertex 23.760320000000007 -22.652500000000007 10.999890000000004
vertex 23.242490000000007 -23.242490000000007 2.999970000000001
vertex 23.242490000000007 -23.242490000000007 10.999890000000004
endloop
endfacet
facet normal -0.8314870454347693 0.5555441416072693 0
outer loop
vertex 24.19615000000001 -22.000190000000007 10.999890000000004
vertex 24.19615000000001 -22.000190000000007 2.999970000000001
vertex 23.760320000000007 -22.652500000000007 2.999970000000001
endloop
endfacet
facet normal -0.8314870454347693 0.5555441416072693 0
outer loop
vertex 24.19615000000001 -22.000190000000007 10.999890000000004
vertex 23.760320000000007 -22.652500000000007 2.999970000000001
vertex 23.760320000000007 -22.652500000000007 10.999890000000004
endloop
endfacet
facet normal -0.8968169372260103 0.4424018321668192 0
outer loop
vertex 24.54342000000001 -21.29622000000001 10.999890000000004
vertex 24.54342000000001 -21.29622000000001 2.999970000000001
vertex 24.19615000000001 -22.000190000000007 2.999970000000001
endloop
endfacet
facet normal -0.8968169372260103 0.4424018321668192 0
outer loop
vertex 24.54342000000001 -21.29622000000001 10.999890000000004
vertex 24.19615000000001 -22.000190000000007 2.999970000000001
vertex 24.19615000000001 -22.000190000000007 10.999890000000004
endloop
endfacet
facet normal -0.9469985643720094 0.3212377921063355 0
outer loop
vertex 24.79557000000001 -20.55289000000001 10.999890000000004
vertex 24.79557000000001 -20.55289000000001 2.999970000000001
vertex 24.54342000000001 -21.29622000000001 2.999970000000001
endloop
endfacet
facet normal -0.9469985643720094 0.3212377921063355 0
outer loop
vertex 24.79557000000001 -20.55289000000001 10.999890000000004
vertex 24.54342000000001 -21.29622000000001 2.999970000000001
vertex 24.54342000000001 -21.29622000000001 10.999890000000004
endloop
endfacet
facet normal -0.9808211098552803 0.19491010867129568 0
outer loop
vertex 24.94850000000001 -19.783320000000007 10.999890000000004
vertex 24.94850000000001 -19.783320000000007 2.999970000000001
vertex 24.79557000000001 -20.55289000000001 2.999970000000001
endloop
endfacet
facet normal -0.9808211098552803 0.19491010867129568 0
outer loop
vertex 24.94850000000001 -19.783320000000007 10.999890000000004
vertex 24.79557000000001 -20.55289000000001 2.999970000000001
vertex 24.79557000000001 -20.55289000000001 10.999890000000004
endloop
endfacet
facet normal -0.9978334110319702 0.06579121391419365 0
outer loop
vertex 25.000160000000008 -18.999810000000007 10.999890000000004
vertex 25.000160000000008 -18.999810000000007 2.999970000000001
vertex 24.94850000000001 -19.783320000000007 2.999970000000001
endloop
endfacet
facet normal -0.9978334110319702 0.06579121391419365 0
outer loop
vertex 25.000160000000008 -18.999810000000007 10.999890000000004
vertex 24.94850000000001 -19.783320000000007 2.999970000000001
vertex 24.94850000000001 -19.783320000000007 10.999890000000004
endloop
endfacet
facet normal 0 0 -1
outer loop
vertex 7.808040000000003 2.9868500000000013 0.6498500000000003
vertex 7.719890000000003 2.9868500000000013 0.6498500000000003
vertex 7.736290000000003 2.9942300000000013 0.6498500000000003
endloop
endfacet
facet normal 0 0 -1
outer loop
vertex 7.895780000000003 2.9868500000000013 0.6498500000000003
vertex 7.808040000000003 2.9868500000000013 0.6498500000000003
vertex 7.879380000000003 2.9942300000000013 0.6498500000000003
endloop
endfacet
facet normal 0 0 -1
outer loop
vertex 7.808040000000003 2.982340000000001 0.6498500000000003
vertex 7.808040000000003 2.9868500000000013 0.6498500000000003
vertex 7.895780000000003 2.9868500000000013 0.6498500000000003
endloop
endfacet
facet normal 0 0 -1
outer loop
vertex 7.808040000000003 2.982340000000001 0.6498500000000003
vertex 7.895780000000003 2.9868500000000013 0.6498500000000003
vertex 7.921610000000003 2.975370000000001 0.6498500000000003
endloop
endfacet
facet normal 0 0 -1
outer loop
vertex 7.808040000000003 2.982340000000001 0.6498500000000003
vertex 7.921610000000003 2.975370000000001 0.6498500000000003
vertex 7.694060000000003 2.975370000000001 0.6498500000000003
endloop
endfacet
facet normal 0 0 -1
outer loop
vertex 7.808040000000003 2.982340000000001 0.6498500000000003
vertex 7.694060000000003 2.975370000000001 0.6498500000000003
vertex 7.719890000000003 2.9868500000000013 0.6498500000000003
endloop
endfacet
facet normal 0 0 -1
outer loop
vertex 7.808040000000003 2.982340000000001 0.6498500000000003
vertex 7.719890000000003 2.9868500000000013 0.6498500000000003
vertex 7.808040000000003 2.9868500000000013 0.6498500000000003
endloop
endfacet
facet normal 0 0 -0.9999999999999999
outer loop
vertex 7.808040000000003 2.958150000000001 0.6498500000000003
vertex 7.921610000000003 2.975370000000001 0.6498500000000003
vertex 7.967940000000003 2.970450000000001 0.6498500000000003
endloop
endfacet
facet normal 0 0 -0.9999999999999999
outer loop
vertex 7.808040000000003 2.958150000000001 0.6498500000000003
vertex 7.967940000000003 2.970450000000001 0.6498500000000003
vertex 8.026160000000003 2.928220000000001 0.6498500000000003
endloop
endfacet
facet normal 0 0 -0.9999999999999999
outer loop
vertex 7.808040000000003 2.958150000000001 0.6498500000000003
vertex 8.026160000000003 2.928220000000001 0.6498500000000003
vertex 7.589510000000002 2.928220000000001 0.6498500000000003
endloop
endfacet
facet normal 0 0 -1
outer loop
vertex 7.808040000000003 2.958150000000001 0.6498500000000003
vertex 7.589510000000002 2.928220000000001 0.6498500000000003
vertex 7.647730000000003 2.970450000000001 0.6498500000000003
endloop
endfacet
facet normal 0 0 -1
outer loop
vertex 7.808040000000003 2.958150000000001 0.6498500000000003
vertex 7.647730000000003 2.970450000000001 0.6498500000000003
vertex 7.694060000000003 2.975370000000001 0.6498500000000003
endloop
endfacet
facet normal 0 0 -1
outer loop
vertex 7.808040000000003 2.958150000000001 0.6498500000000003
vertex 7.694060000000003 2.975370000000001 0.6498500000000003
vertex 7.921610000000003 2.975370000000001 0.6498500000000003
endloop
endfacet
facet normal 0 0 -1
outer loop
vertex 7.808040000000003 2.896240000000001 0.6498500000000003
vertex 8.026160000000003 2.928220000000001 0.6498500000000003
vertex 8.091760000000003 2.899110000000001 0.6498500000000003
endloop
endfacet
facet normal 0 0 -1
outer loop
vertex 7.808040000000003 2.896240000000001 0.6498500000000003
vertex 8.091760000000003 2.899110000000001 0.6498500000000003
vertex 8.119230000000003 2.861390000000001 0.6498500000000003
endloop
endfacet
facet normal 0 0 -1
outer loop
vertex 7.808040000000003 2.896240000000001 0.6498500000000003
vertex 8.119230000000003 2.861390000000001 0.6498500000000003
vertex 7.496440000000002 2.861390000000001 0.6498500000000003
endloop
endfacet
facet normal 0 0 -1
outer loop
vertex 7.808040000000003 2.896240000000001 0.6498500000000003
vertex 7.496440000000002 2.861390000000001 0.6498500000000003
vertex 7.5239100000000025 2.899110000000001 0.6498500000000003
endloop
endfacet
facet normal 0 0 -1
outer loop
vertex 7.808040000000003 2.896240000000001 0.6498500000000003
vertex 7.5239100000000025 2.899110000000001 0.6498500000000003
vertex 7.589510000000002 2.928220000000001 0.6498500000000003
endloop
endfacet
facet normal 0 0 -1
outer loop
vertex 7.808040000000003 2.896240000000001 0.6498500000000003
vertex 7.589510000000002 2.928220000000001 0.6498500000000003
vertex 8.026160000000003 2.928220000000001 0.6498500000000003
endloop
endfacet
facet normal 0 0 -1
outer loop
vertex 7.808040000000003 2.821210000000001 0.6498500000000003
vertex 8.119230000000003 2.861390000000001 0.6498500000000003
vertex 8.156950000000004 2.833920000000001 0.6498500000000003
endloop
endfacet
facet normal 0 0 -1
outer loop
vertex 7.808040000000003 2.821210000000001 0.6498500000000003
vertex 8.156950000000004 2.833920000000001 0.6498500000000003
vertex 8.186060000000003 2.768320000000001 0.6498500000000003
endloop
endfacet
facet normal 0 0 -1
outer loop
vertex 7.808040000000003 2.821210000000001 0.6498500000000003
vertex 8.186060000000003 2.768320000000001 0.6498500000000003
vertex 7.429610000000003 2.768320000000001 0.6498500000000003
endloop
endfacet
facet normal 0 0 -1
outer loop
vertex 7.808040000000003 2.821210000000001 0.6498500000000003
vertex 7.429610000000003 2.768320000000001 0.6498500000000003
vertex 7.458720000000003 2.833920000000001 0.6498500000000003
endloop
endfacet
facet normal 0 0 -1
outer loop
vertex 7.808040000000003 2.821210000000001 0.6498500000000003
vertex 7.458720000000003 2.833920000000001 0.6498500000000003
vertex 7.496440000000002 2.861390000000001 0.6498500000000003
endloop
endfacet
facet normal 0 0 -1
outer loop
vertex 7.808040000000003 2.821210000000001 0.6498500000000003
vertex 7.496440000000002 2.861390000000001 0.6498500000000003
vertex 8.119230000000003 2.861390000000001 0.6498500000000003
endloop
endfacet
facet normal 0 0 -0.9999999999999999
outer loop
vertex 13.790350000000005 2.562500000000001 0.6498500000000003
vertex 15.200340000000006 2.999970000000001 0.6498500000000003
vertex 15.425430000000006 2.939700000000001 0.6498500000000003
endloop
endfacet
facet normal 0 0 -1
outer loop
vertex 13.790350000000005 2.562500000000001 0.6498500000000003
vertex 15.425430000000006 2.939700000000001 0.6498500000000003
vertex 15.590250000000006 2.774880000000001 0.6498500000000003
endloop
endfacet
facet normal 0 0 -1
outer loop
vertex 13.790350000000005 2.562500000000001 0.6498500000000003
vertex 15.590250000000006 2.774880000000001 0.6498500000000003
vertex 15.650520000000006 2.550200000000001 0.6498500000000003
endloop
endfacet
facet normal 0 0 -0.9999999999999999
outer loop
vertex 13.790350000000005 2.562500000000001 0.6498500000000003
vertex 15.650520000000006 2.550200000000001 0.6498500000000003
vertex 15.590250000000006 2.325110000000001 0.6498500000000003
endloop
endfacet
facet normal 0 0 -1
outer loop
vertex 13.790350000000005 2.562500000000001 0.6498500000000003
vertex 15.590250000000006 2.325110000000001 0.6498500000000003
vertex 15.425430000000006 2.1602900000000007 0.6498500000000003
endloop
endfacet
facet normal 0 0 -0.9999999999999999
outer loop
vertex 13.790350000000005 2.562500000000001 0.6498500000000003
vertex 15.425430000000006 2.1602900000000007 0.6498500000000003
vertex 15.200340000000006 2.1000200000000007 0.6498500000000003
endloop
endfacet
facet normal 0 0 -1
outer loop
vertex 13.790350000000005 2.562500000000001 0.6498500000000003
vertex 15.200340000000006 2.1000200000000007 0.6498500000000003
vertex 12.493110000000005 2.1000200000000007 0.6498500000000003
endloop
endfacet
facet normal 0 0 -1
outer loop
vertex 13.790350000000005 2.562500000000001 0.6498500000000003
vertex 12.493110000000005 2.1000200000000007 0.6498500000000003
vertex 11.593160000000005 2.1000200000000007 0.6498500000000003
endloop
endfacet
facet normal 0 0 -1
outer loop
vertex 13.790350000000005 2.562500000000001 0.6498500000000003
vertex 11.593160000000005 2.1000200000000007 0.6498500000000003
vertex 11.593160000000005 2.550200000000001 0.6498500000000003
endloop
endfacet
facet normal 0 0 -1
outer loop
vertex 13.790350000000005 2.562500000000001 0.6498500000000003
vertex 11.593160000000005 2.550200000000001 0.6498500000000003
vertex 11.653430000000004 2.774880000000001 0.6498500000000003
endloop
endfacet
facet normal 0 0 -1
outer loop
vertex 13.790350000000005 2.562500000000001 0.6498500000000003
vertex 11.653430000000004 2.774880000000001 0.6498500000000003
vertex 11.818250000000004 2.939700000000001 0.6498500000000003
endloop
endfacet
facet normal 0 0 -1
outer loop
vertex 13.790350000000005 2.562500000000001 0.6498500000000003
vertex 11.818250000000004 2.939700000000001 0.6498500000000003
vertex 12.043340000000004 2.999970000000001 0.6498500000000003
endloop
endfacet
facet normal 0 0 -1
outer loop
vertex 13.790350000000005 2.562500000000001 0.6498500000000003
vertex 12.043340000000004 2.999970000000001 0.6498500000000003
vertex 15.200340000000006 2.999970000000001 0.6498500000000003
endloop
endfacet
facet normal 0 0 -1
outer loop
vertex -11.042120000000004 2.446470000000001 0.6498500000000003
vertex -10.797350000000003 2.899110000000001 0.6498500000000003
vertex -10.661230000000003 2.710100000000001 0.6498500000000003
endloop
endfacet
facet normal 0 0 -1
outer loop
vertex -11.042120000000004 2.446470000000001 0.6498500000000003
vertex -10.661230000000003 2.710100000000001 0.6498500000000003
vertex -10.123720000000004 1.3001100000000005 0.6498500000000003
endloop
endfacet
facet normal 0 0 -1
outer loop
vertex -11.042120000000004 2.446470000000001 0.6498500000000003
vertex -10.123720000000004 1.3001100000000005 0.6498500000000003
vertex -11.086810000000003 1.3001100000000005 0.6498500000000003
endloop
endfacet
facet normal 0 0 -1
outer loop
vertex -11.042120000000004 2.446470000000001 0.6498500000000003
vertex -11.086810000000003 1.3001100000000005 0.6498500000000003
vertex -11.502140000000004 2.3898900000000007 0.6498500000000003
endloop
endfacet
facet normal 0 0 -1
outer loop
vertex -11.042120000000004 2.446470000000001 0.6498500000000003
vertex -11.502140000000004 2.3898900000000007 0.6498500000000003
vertex -11.525920000000005 2.621540000000001 0.6498500000000003
endloop
endfacet
facet normal 0 0 -1
outer loop
vertex -11.042120000000004 2.446470000000001 0.6498500000000003
vertex -11.525920000000005 2.621540000000001 0.6498500000000003
vertex -11.430390000000004 2.833920000000001 0.6498500000000003
endloop
endfacet
facet normal 0 0 -1
outer loop
vertex -11.042120000000004 2.446470000000001 0.6498500000000003
vertex -11.430390000000004 2.833920000000001 0.6498500000000003
vertex -11.241790000000004 2.970450000000001 0.6498500000000003
endloop
endfacet
facet normal 0 0 -1
outer loop
vertex -11.042120000000004 2.446470000000001 0.6498500000000003
vertex -11.241790000000004 2.970450000000001 0.6498500000000003
vertex -11.010140000000003 2.9942300000000013 0.6498500000000003
endloop
endfacet
facet normal 0 0 -1
outer loop
vertex -11.042120000000004 2.446470000000001 0.6498500000000003
vertex -11.010140000000003 2.9942300000000013 0.6498500000000003
vertex -10.797350000000003 2.899110000000001 0.6498500000000003
endloop
endfacet
facet normal 0 0 -1
outer loop
vertex -7.2352700000000025 2.446470000000001 0.6498500000000003
vertex -7.035600000000002 2.970450000000001 0.6498500000000003
vertex -6.847000000000002 2.833920000000001 0.6498500000000003
endloop
endfacet
facet normal 0 0 -1
outer loop
vertex -7.2352700000000025 2.446470000000001 0.6498500000000003
vertex -6.847000000000002 2.833920000000001 0.6498500000000003
vertex -6.751470000000003 2.621540000000001 0.6498500000000003
endloop
endfacet
facet normal 0 0 -0.9999999999999999
outer loop
vertex -7.2352700000000025 2.446470000000001 0.6498500000000003
vertex -6.751470000000003 2.621540000000001 0.6498500000000003
vertex -6.775250000000002 2.3898900000000007 0.6498500000000003
endloop
endfacet
facet normal 0 0 -1
outer loop
vertex -7.2352700000000025 2.446470000000001 0.6498500000000003
vertex -6.775250000000002 2.3898900000000007 0.6498500000000003
vertex -7.190580000000002 1.3001100000000005 0.6498500000000003
endloop
endfacet
facet normal 0 0 -1
outer loop
vertex -7.2352700000000025 2.446470000000001 0.6498500000000003
vertex -7.190580000000002 1.3001100000000005 0.6498500000000003
vertex -8.153670000000004 1.3001100000000005 0.6498500000000003
endloop
endfacet
facet normal 0 0 -1
outer loop
vertex -7.2352700000000025 2.446470000000001 0.6498500000000003
vertex -8.153670000000004 1.3001100000000005 0.6498500000000003
vertex -7.616570000000003 2.710100000000001 0.6498500000000003
endloop
endfacet
facet normal 0 0 -1
outer loop
vertex -7.2352700000000025 2.446470000000001 0.6498500000000003
vertex -7.616570000000003 2.710100000000001 0.6498500000000003
vertex -7.4800400000000025 2.899110000000001 0.6498500000000003
endloop
endfacet
facet normal 0 0 -1
outer loop
vertex -7.2352700000000025 2.446470000000001 0.6498500000000003
vertex -7.4800400000000025 2.899110000000001 0.6498500000000003
vertex -7.267250000000002 2.9942300000000013 0.6498500000000003
endloop
endfacet
facet normal 0 0 -1
outer loop
vertex -7.2352700000000025 2.446470000000001 0.6498500000000003
vertex -7.267250000000002 2.9942300000000013 0.6498500000000003
vertex -7.035600000000002 2.970450000000001 0.6498500000000003
endloop
endfacet
facet normal 0 0 -1
outer loop
vertex 7.808040000000003 2.1164200000000006 0.6498500000000003
vertex 8.186060000000003 2.768320000000001 0.6498500000000003
vertex 8.228290000000003 2.710100000000001 0.6498500000000003
endloop
endfacet
facet normal 0 0 -1
outer loop
vertex 7.808040000000003 2.1164200000000006 0.6498500000000003
vertex 8.228290000000003 2.710100000000001 0.6498500000000003
vertex 8.771130000000003 1.2857600000000005 0.6498500000000003
endloop
endfacet
facet normal 0 0 -1
outer loop
vertex 7.808040000000003 2.1164200000000006 0.6498500000000003
vertex 8.771130000000003 1.2857600000000005 0.6498500000000003
vertex 7.808040000000003 1.2857600000000005 0.6498500000000003
endloop
endfacet
facet normal 0 0 -1
outer loop
vertex 7.808040000000003 2.1164200000000006 0.6498500000000003
vertex 7.808040000000003 1.2857600000000005 0.6498500000000003
vertex 6.8449500000000025 1.2857600000000005 0.6498500000000003
endloop
endfacet
facet normal 0 0 -1
outer loop
vertex 7.808040000000003 2.1164200000000006 0.6498500000000003
vertex 6.8449500000000025 1.2857600000000005 0.6498500000000003
vertex 7.387380000000003 2.710100000000001 0.6498500000000003
endloop
endfacet
facet normal 0 0 -1
outer loop
vertex 7.808040000000003 2.1164200000000006 0.6498500000000003
vertex 7.387380000000003 2.710100000000001 0.6498500000000003
vertex 7.429610000000003 2.768320000000001 0.6498500000000003
endloop
endfacet
facet normal 0 0 -0.9999999999999999
outer loop
vertex 7.808040000000003 2.1164200000000006 0.6498500000000003
vertex 7.429610000000003 2.768320000000001 0.6498500000000003
vertex 8.186060000000003 2.768320000000001 0.6498500000000003
endloop
endfacet
facet normal 0 0 -1
outer loop
vertex -5.719090000000002 2.2968200000000007 0.6498500000000003
vertex -5.494410000000002 2.939700000000001 0.6498500000000003
vertex -5.329590000000002 2.774880000000001 0.6498500000000003
endloop
endfacet
facet normal 0 0 -0.9999999999999999
outer loop
vertex -5.719090000000002 2.2968200000000007 0.6498500000000003
vertex -5.329590000000002 2.774880000000001 0.6498500000000003
vertex -5.269320000000002 2.550200000000001 0.6498500000000003
endloop
endfacet
facet normal 0 0 -0.9999999999999999
outer loop
vertex -5.719090000000002 2.2968200000000007 0.6498500000000003
vertex -5.269320000000002 2.550200000000001 0.6498500000000003
vertex -5.269320000000002 0.5715400000000002 0.6498500000000003
endloop
endfacet
facet normal 0 0 -1
outer loop
vertex -5.719090000000002 2.2968200000000007 0.6498500000000003
vertex -5.269320000000002 0.5715400000000002 0.6498500000000003
vertex -6.169270000000003 0.5715400000000002 0.6498500000000003
endloop
endfacet
facet normal 0 0 -1
outer loop
vertex -5.719090000000002 2.2968200000000007 0.6498500000000003
vertex -6.169270000000003 0.5715400000000002 0.6498500000000003
vertex -6.169270000000003 2.550200000000001 0.6498500000000003
endloop
endfacet
facet normal 0 0 -1
outer loop
vertex -5.719090000000002 2.2968200000000007 0.6498500000000003
vertex -6.169270000000003 2.550200000000001 0.6498500000000003
vertex -6.109000000000003 2.774880000000001 0.6498500000000003
endloop
endfacet
facet normal 0 0 -1
outer loop
vertex -5.719090000000002 2.2968200000000007 0.6498500000000003
vertex -6.109000000000003 2.774880000000001 0.6498500000000003
vertex -5.944180000000002 2.939700000000001 0.6498500000000003
endloop
endfacet
facet normal 0 0 -1
outer loop
vertex -5.719090000000002 2.2968200000000007 0.6498500000000003
vertex -5.944180000000002 2.939700000000001 0.6498500000000003
vertex -5.719090000000002 2.999970000000001 0.6498500000000003
endloop
endfacet
facet normal 0 0 -1
outer loop
vertex -5.719090000000002 2.2968200000000007 0.6498500000000003
vertex -5.719090000000002 2.999970000000001 0.6498500000000003
vertex -5.494410000000002 2.939700000000001 0.6498500000000003
endloop
endfacet
facet normal 0 0 -0.9999999999999999
outer loop
vertex -9.138490000000003 0.8503400000000003 0.6498500000000003
vertex -10.123720000000004 1.3001100000000005 0.6498500000000003
vertex -8.153670000000004 1.3001100000000005 0.6498500000000003
endloop
endfacet
facet normal 0 0 -1
outer loop
vertex -9.138490000000003 0.8503400000000003 0.6498500000000003
vertex -8.153670000000004 1.3001100000000005 0.6498500000000003
vertex -7.190580000000002 1.3001100000000005 0.6498500000000003
endloop
endfacet
facet normal 0 0 -1
outer loop
vertex -9.138490000000003 0.8503400000000003 0.6498500000000003
vertex -7.190580000000002 1.3001100000000005 0.6498500000000003
vertex -7.533340000000003 0.4001600000000001 0.6498500000000003
endloop
endfacet
facet normal 0 0 -1
outer loop
vertex -9.138490000000003 0.8503400000000003 0.6498500000000003
vertex -7.533340000000003 0.4001600000000001 0.6498500000000003
vertex -8.496430000000004 0.4001600000000001 0.6498500000000003
endloop
endfacet
facet normal 0 0 -1
outer loop
vertex -9.138490000000003 0.8503400000000003 0.6498500000000003
vertex -8.496430000000004 0.4001600000000001 0.6498500000000003
vertex -9.780960000000004 0.4001600000000001 0.6498500000000003
endloop
endfacet
facet normal 0 0 -1
outer loop
vertex -9.138490000000003 0.8503400000000003 0.6498500000000003
vertex -9.780960000000004 0.4001600000000001 0.6498500000000003
vertex -10.744050000000003 0.4001600000000001 0.6498500000000003
endloop
endfacet
facet normal 0 0 -1
outer loop
vertex -9.138490000000003 0.8503400000000003 0.6498500000000003
vertex -10.744050000000003 0.4001600000000001 0.6498500000000003
vertex -11.086810000000003 1.3001100000000005 0.6498500000000003
endloop
endfacet
facet normal 0 0 -1
outer loop
vertex -9.138490000000003 0.8503400000000003 0.6498500000000003
vertex -11.086810000000003 1.3001100000000005 0.6498500000000003
vertex -10.123720000000004 1.3001100000000005 0.6498500000000003
endloop
endfacet
facet normal 0 0 -1
outer loop
vertex 12.493110000000005 2.1000200000000007 0.6498500000000003
vertex 12.493110000000005 0.32841000000000015 0.6498500000000003
vertex 11.593160000000005 0.32841000000000015 0.6498500000000003
endloop
endfacet
facet normal 0 0 -1
outer loop
vertex 12.493110000000005 2.1000200000000007 0.6498500000000003
vertex 11.593160000000005 0.32841000000000015 0.6498500000000003
vertex 11.593160000000005 2.1000200000000007 0.6498500000000003
endloop
endfacet
facet normal 0 0 -0.9999999999999999
outer loop
vertex 5.865050000000002 2.146760000000001 0.6498500000000003
vertex 6.0901400000000026 2.939700000000001 0.6498500000000003
vertex 6.254550000000003 2.774880000000001 0.6498500000000003
endloop
endfacet
facet normal 0 0 -1
outer loop
vertex 5.865050000000002 2.146760000000001 0.6498500000000003
vertex 6.254550000000003 2.774880000000001 0.6498500000000003
vertex 6.314820000000003 2.550200000000001 0.6498500000000003
endloop
endfacet
facet normal 0 0 -0.9999999999999999
outer loop
vertex 5.865050000000002 2.146760000000001 0.6498500000000003
vertex 6.314820000000003 2.550200000000001 0.6498500000000003
vertex 6.314820000000003 -0.10455000000000005 0.6498500000000003
endloop
endfacet
facet normal 0 0 -1
outer loop
vertex 5.865050000000002 2.146760000000001 0.6498500000000003
vertex 6.314820000000003 -0.10455000000000005 0.6498500000000003
vertex 5.414870000000002 -0.10455000000000005 0.6498500000000003
endloop
endfacet
facet normal 0 0 -0.9999999999999999
outer loop
vertex 5.865050000000002 2.146760000000001 0.6498500000000003
vertex 5.414870000000002 -0.10455000000000005 0.6498500000000003
vertex 5.414870000000002 2.550200000000001 0.6498500000000003
endloop
endfacet
facet normal 0 0 -1
outer loop
vertex 5.865050000000002 2.146760000000001 0.6498500000000003
vertex 5.414870000000002 2.550200000000001 0.6498500000000003
vertex 5.475140000000002 2.774880000000001 0.6498500000000003
endloop
endfacet
facet normal 0 0 -1
outer loop
vertex 5.865050000000002 2.146760000000001 0.6498500000000003
vertex 5.475140000000002 2.774880000000001 0.6498500000000003
vertex 5.639960000000002 2.939700000000001 0.6498500000000003
endloop
endfacet
facet normal 0 0 -1
outer loop
vertex 5.865050000000002 2.146760000000001 0.6498500000000003
vertex 5.639960000000002 2.939700000000001 0.6498500000000003
vertex 5.865050000000002 2.999970000000001 0.6498500000000003
endloop
endfacet
facet normal 0 0 -1
outer loop
vertex 5.865050000000002 2.146760000000001 0.6498500000000003
vertex 5.865050000000002 2.999970000000001 0.6498500000000003
vertex 6.0901400000000026 2.939700000000001 0.6498500000000003
endloop
endfacet
facet normal 0 0 -1
outer loop
vertex 7.808040000000003 1.2857600000000005 0.6498500000000003
vertex 7.277910000000003 -0.10455000000000005 0.6498500000000003
vertex 6.314820000000003 -0.10455000000000005 0.6498500000000003
endloop
endfacet
facet normal 0 0 -1
outer loop
vertex 7.808040000000003 1.2857600000000005 0.6498500000000003
vertex 6.314820000000003 -0.10455000000000005 0.6498500000000003
vertex 6.8449500000000025 1.2857600000000005 0.6498500000000003
endloop
endfacet
facet normal 0 0 -1
outer loop
vertex 8.771130000000003 1.2857600000000005 0.6498500000000003
vertex 9.300850000000004 -0.10455000000000005 0.6498500000000003
vertex 8.337760000000003 -0.10455000000000005 0.6498500000000003
endloop
endfacet
facet normal 0 0 -1
outer loop
vertex 8.771130000000003 1.2857600000000005 0.6498500000000003
vertex 8.337760000000003 -0.10455000000000005 0.6498500000000003
vertex 7.808040000000003 1.2857600000000005 0.6498500000000003
endloop
endfacet
facet normal 0 0 -0.9999999999999999
outer loop
vertex 9.750620000000003 2.146760000000001 0.6498500000000003
vertex 9.975710000000003 2.939700000000001 0.6498500000000003
vertex 10.140530000000004 2.774880000000001 0.6498500000000003
endloop
endfacet
facet normal 0 0 -1
outer loop
vertex 9.750620000000003 2.146760000000001 0.6498500000000003
vertex 10.140530000000004 2.774880000000001 0.6498500000000003
vertex 10.200800000000005 2.550200000000001 0.6498500000000003
endloop
endfacet
facet normal 0 0 -1
outer loop
vertex 9.750620000000003 2.146760000000001 0.6498500000000003
vertex 10.200800000000005 2.550200000000001 0.6498500000000003
vertex 10.200800000000005 -0.10455000000000005 0.6498500000000003
endloop
endfacet
facet normal 0 0 -1
outer loop
vertex 9.750620000000003 2.146760000000001 0.6498500000000003
vertex 10.200800000000005 -0.10455000000000005 0.6498500000000003
vertex 9.300850000000004 -0.10455000000000005 0.6498500000000003
endloop
endfacet
facet normal 0 0 -1
outer loop
vertex 9.750620000000003 2.146760000000001 0.6498500000000003
vertex 9.300850000000004 -0.10455000000000005 0.6498500000000003
vertex 9.300850000000004 2.550200000000001 0.6498500000000003
endloop
endfacet
facet normal 0 0 -1
outer loop
vertex 9.750620000000003 2.146760000000001 0.6498500000000003
vertex 9.300850000000004 2.550200000000001 0.6498500000000003
vertex 9.361120000000003 2.774880000000001 0.6498500000000003
endloop
endfacet
facet normal 0 0 -1
outer loop
vertex 9.750620000000003 2.146760000000001 0.6498500000000003
vertex 9.361120000000003 2.774880000000001 0.6498500000000003
vertex 9.525530000000003 2.939700000000001 0.6498500000000003
endloop
endfacet
facet normal 0 0 -1
outer loop
vertex 9.750620000000003 2.146760000000001 0.6498500000000003
vertex 9.525530000000003 2.939700000000001 0.6498500000000003
vertex 9.750620000000003 2.999970000000001 0.6498500000000003
endloop
endfacet
facet normal 0 0 -1
outer loop
vertex 9.750620000000003 2.146760000000001 0.6498500000000003
vertex 9.750620000000003 2.999970000000001 0.6498500000000003
vertex 9.975710000000003 2.939700000000001 0.6498500000000003
endloop
endfacet
facet normal 0 0 -1
outer loop
vertex -3.7531400000000015 0.10332000000000004 0.6498500000000003
vertex -5.269320000000002 0.5715400000000002 0.6498500000000003
vertex -3.5333800000000015 0.5715400000000002 0.6498500000000003
endloop
endfacet
facet normal 0 0 -1
outer loop
vertex -3.7531400000000015 0.10332000000000004 0.6498500000000003
vertex -3.5333800000000015 0.5715400000000002 0.6498500000000003
vertex -3.391110000000001 0.5481700000000002 0.6498500000000003
endloop
endfacet
facet normal 0 0 -1
outer loop
vertex -3.7531400000000015 0.10332000000000004 0.6498500000000003
vertex -3.391110000000001 0.5481700000000002 0.6498500000000003
vertex -2.662540000000001 0.3054500000000001 0.6498500000000003
endloop
endfacet
facet normal 0 0 -1
outer loop
vertex -3.7531400000000015 0.10332000000000004 0.6498500000000003
vertex -2.662540000000001 0.3054500000000001 0.6498500000000003
vertex -2.486650000000001 0.19680000000000009 0.6498500000000003
endloop
endfacet
facet normal 0 0 -1
outer loop
vertex -3.7531400000000015 0.10332000000000004 0.6498500000000003
vertex -2.486650000000001 0.19680000000000009 0.6498500000000003
vertex -2.2439300000000006 -0.045920000000000016 0.6498500000000003
endloop
endfacet
facet normal 0 0 -0.9999999999999999
outer loop
vertex -3.7531400000000015 0.10332000000000004 0.6498500000000003
vertex -2.2439300000000006 -0.045920000000000016 0.6498500000000003
vertex -2.1594700000000007 -0.16318000000000007 0.6498500000000003
endloop
endfacet
facet normal 0 0 -1
outer loop
vertex -3.7531400000000015 0.10332000000000004 0.6498500000000003
vertex -2.1594700000000007 -0.16318000000000007 0.6498500000000003
vertex -2.077060000000001 -0.32841000000000015 0.6498500000000003
endloop
endfacet
facet normal 0 0 -1
outer loop
vertex -3.7531400000000015 0.10332000000000004 0.6498500000000003
vertex -2.077060000000001 -0.32841000000000015 0.6498500000000003
vertex -3.6067700000000014 -0.32841000000000015 0.6498500000000003
endloop
endfacet
facet normal 0 0 -1
outer loop
vertex -3.7531400000000015 0.10332000000000004 0.6498500000000003
vertex -3.6067700000000014 -0.32841000000000015 0.6498500000000003
vertex -5.269320000000002 -0.32841000000000015 0.6498500000000003
endloop
endfacet
facet normal 0 0 -1
outer loop
vertex -3.7531400000000015 0.10332000000000004 0.6498500000000003
vertex -5.269320000000002 -0.32841000000000015 0.6498500000000003
vertex -6.169270000000003 -0.32841000000000015 0.6498500000000003
endloop
endfacet
facet normal 0 0 -1
outer loop
vertex -3.7531400000000015 0.10332000000000004 0.6498500000000003
vertex -6.169270000000003 -0.32841000000000015 0.6498500000000003
vertex -6.169270000000003 0.5715400000000002 0.6498500000000003
endloop
endfacet
facet normal 0 0 -0.9999999999999999
outer loop
vertex -3.7531400000000015 0.10332000000000004 0.6498500000000003
vertex -6.169270000000003 0.5715400000000002 0.6498500000000003
vertex -5.269320000000002 0.5715400000000002 0.6498500000000003
endloop
endfacet
facet normal 0 0 -1
outer loop
vertex -2.077060000000001 -0.32841000000000015 0.6498500000000003
vertex -1.9839900000000008 -0.5145500000000002 0.6498500000000003
vertex -3.047940000000001 -0.5145500000000002 0.6498500000000003
endloop
endfacet
facet normal 0 0 -1
outer loop
vertex -2.077060000000001 -0.32841000000000015 0.6498500000000003
vertex -3.047940000000001 -0.5145500000000002 0.6498500000000003
vertex -3.6067700000000014 -0.32841000000000015 0.6498500000000003
endloop
endfacet
facet normal 0 0 -1
outer loop
vertex 13.432420000000006 -0.12136000000000005 0.6498500000000003
vertex 12.493110000000005 0.32841000000000015 0.6498500000000003
vertex 13.986330000000006 0.32841000000000015 0.6498500000000003
endloop
endfacet
facet normal 0 0 -1
outer loop
vertex 13.432420000000006 -0.12136000000000005 0.6498500000000003
vertex 13.986330000000006 0.32841000000000015 0.6498500000000003
vertex 14.211010000000005 0.2681400000000001 0.6498500000000003
endloop
endfacet
facet normal 0 0 -0.9999999999999999
outer loop
vertex 13.432420000000006 -0.12136000000000005 0.6498500000000003
vertex 14.211010000000005 0.2681400000000001 0.6498500000000003
vertex 14.375830000000006 0.10373000000000004 0.6498500000000003
endloop
endfacet
facet normal 0 0 -1
outer loop
vertex 13.432420000000006 -0.12136000000000005 0.6498500000000003
vertex 14.375830000000006 0.10373000000000004 0.6498500000000003
vertex 14.436100000000005 -0.12136000000000005 0.6498500000000003
endloop
endfacet
facet normal 0 0 -1
outer loop
vertex 13.432420000000006 -0.12136000000000005 0.6498500000000003
vertex 14.436100000000005 -0.12136000000000005 0.6498500000000003
vertex 14.375830000000006 -0.34645000000000015 0.6498500000000003
endloop
endfacet
facet normal 0 0 -1
outer loop
vertex 13.432420000000006 -0.12136000000000005 0.6498500000000003
vertex 14.375830000000006 -0.34645000000000015 0.6498500000000003
vertex 14.211010000000005 -0.5112700000000002 0.6498500000000003
endloop
endfacet
facet normal 0 0 -1
outer loop
vertex 13.432420000000006 -0.12136000000000005 0.6498500000000003
vertex 14.211010000000005 -0.5112700000000002 0.6498500000000003
vertex 13.986330000000006 -0.5715400000000002 0.6498500000000003
endloop
endfacet
facet normal 0 0 -1
outer loop
vertex 13.432420000000006 -0.12136000000000005 0.6498500000000003
vertex 13.986330000000006 -0.5715400000000002 0.6498500000000003
vertex 12.493110000000005 -0.5715400000000002 0.6498500000000003
endloop
endfacet
facet normal 0 0 -1
outer loop
vertex 13.432420000000006 -0.12136000000000005 0.6498500000000003
vertex 12.493110000000005 -0.5715400000000002 0.6498500000000003
vertex 11.593160000000005 -0.5715400000000002 0.6498500000000003
endloop
endfacet
facet normal 0 0 -1
outer loop
vertex 13.432420000000006 -0.12136000000000005 0.6498500000000003
vertex 11.593160000000005 -0.5715400000000002 0.6498500000000003
vertex 11.593160000000005 0.32841000000000015 0.6498500000000003
endloop
endfacet
facet normal 0 0 -1
outer loop
vertex 13.432420000000006 -0.12136000000000005 0.6498500000000003
vertex 11.593160000000005 0.32841000000000015 0.6498500000000003
vertex 12.493110000000005 0.32841000000000015 0.6498500000000003
endloop
endfacet
facet normal 0 0 -0.9999999999999999
outer loop
vertex -1.9839900000000008 -0.5145500000000002 0.6498500000000003
vertex -1.9257700000000006 -0.6309900000000003 0.6498500000000003
vertex -2.931910000000001 -0.6309900000000003 0.6498500000000003
endloop
endfacet
facet normal 0 0 -1
outer loop
vertex -1.9839900000000008 -0.5145500000000002 0.6498500000000003
vertex -2.931910000000001 -0.6309900000000003 0.6498500000000003
vertex -3.047940000000001 -0.5145500000000002 0.6498500000000003
endloop
endfacet
facet normal 0 0 -1
outer loop
vertex -2.213590000000001 -0.7785900000000003 0.6498500000000003
vertex -1.9257700000000006 -0.6309900000000003 0.6498500000000003
vertex -1.9167500000000006 -0.6486200000000002 0.6498500000000003
endloop
endfacet
facet normal 0 0 -1
outer loop
vertex -2.213590000000001 -0.7785900000000003 0.6498500000000003
vertex -1.9167500000000006 -0.6486200000000002 0.6498500000000003
vertex -1.8691900000000008 -0.8499300000000003 0.6498500000000003
endloop
endfacet
facet normal 0 0 -1
outer loop
vertex -2.213590000000001 -0.7785900000000003 0.6498500000000003
vertex -1.8691900000000008 -0.8499300000000003 0.6498500000000003
vertex -1.8691900000000008 -0.9561200000000004 0.6498500000000003
endloop
endfacet
facet normal 0 0 -1
outer loop
vertex -2.213590000000001 -0.7785900000000003 0.6498500000000003
vertex -1.8691900000000008 -0.9561200000000004 0.6498500000000003
vertex -2.769140000000001 -0.9561200000000004 0.6498500000000003
endloop
endfacet
facet normal 0 0 -1
outer loop
vertex -2.213590000000001 -0.7785900000000003 0.6498500000000003
vertex -2.769140000000001 -0.9561200000000004 0.6498500000000003
vertex -2.931910000000001 -0.6309900000000003 0.6498500000000003
endloop
endfacet
facet normal 0 0 -1
outer loop
vertex -2.213590000000001 -0.7785900000000003 0.6498500000000003
vertex -2.931910000000001 -0.6309900000000003 0.6498500000000003
vertex -1.9257700000000006 -0.6309900000000003 0.6498500000000003
endloop
endfacet
facet normal 0 0 -0.9999999999999999
outer loop
vertex -9.780960000000004 0.4001600000000001 0.6498500000000003
vertex -9.138900000000003 -1.2857600000000005 0.6498500000000003
vertex -10.101990000000004 -1.2857600000000005 0.6498500000000003
endloop
endfacet
facet normal 0 0 -1
outer loop
vertex -9.780960000000004 0.4001600000000001 0.6498500000000003
vertex -10.101990000000004 -1.2857600000000005 0.6498500000000003
vertex -10.744050000000003 0.4001600000000001 0.6498500000000003
endloop
endfacet
facet normal 0 0 -0.9999999999999999
outer loop
vertex -7.533340000000003 0.4001600000000001 0.6498500000000003
vertex -8.175810000000004 -1.2857600000000005 0.6498500000000003
vertex -9.138900000000003 -1.2857600000000005 0.6498500000000003
endloop
endfacet
facet normal 0 0 -0.9999999999999999
outer loop
vertex -7.533340000000003 0.4001600000000001 0.6498500000000003
vertex -9.138900000000003 -1.2857600000000005 0.6498500000000003
vertex -8.496430000000004 0.4001600000000001 0.6498500000000003
endloop
endfacet
facet normal 0 0 -1
outer loop
vertex -1.8691900000000008 -0.9561200000000004 0.6498500000000003
vertex -1.8691900000000008 -1.4723100000000005 0.6498500000000003
vertex -2.769140000000001 -1.4723100000000005 0.6498500000000003
endloop
endfacet
facet normal 0 0 -1
outer loop
vertex -1.8691900000000008 -0.9561200000000004 0.6498500000000003
vertex -2.769140000000001 -1.4723100000000005 0.6498500000000003
vertex -2.769140000000001 -0.9561200000000004 0.6498500000000003
endloop
endfacet
facet normal 0 0 -1
outer loop
vertex -2.213590000000001 -1.6498400000000006 0.6498500000000003
vertex -1.8691900000000008 -1.4723100000000005 0.6498500000000003
vertex -1.8691900000000008 -1.5785000000000007 0.6498500000000003
endloop
endfacet
facet normal 0 0 -1
outer loop
vertex -2.213590000000001 -1.6498400000000006 0.6498500000000003
vertex -1.8691900000000008 -1.5785000000000007 0.6498500000000003
vertex -1.9167500000000006 -1.7798100000000006 0.6498500000000003
endloop
endfacet
facet normal 0 0 -1
outer loop
vertex -2.213590000000001 -1.6498400000000006 0.6498500000000003
vertex -1.9167500000000006 -1.7798100000000006 0.6498500000000003
vertex -1.9257700000000006 -1.7978500000000006 0.6498500000000003
endloop
endfacet
facet normal 0 0 -0.9999999999999999
outer loop
vertex -2.213590000000001 -1.6498400000000006 0.6498500000000003
vertex -1.9257700000000006 -1.7978500000000006 0.6498500000000003
vertex -2.931910000000001 -1.7978500000000006 0.6498500000000003
endloop
endfacet
facet normal 0 0 -1
outer loop
vertex -2.213590000000001 -1.6498400000000006 0.6498500000000003
vertex -2.931910000000001 -1.7978500000000006 0.6498500000000003
vertex -2.769140000000001 -1.4723100000000005 0.6498500000000003
endloop
endfacet
facet normal 0 0 -1
outer loop
vertex -2.213590000000001 -1.6498400000000006 0.6498500000000003
vertex -2.769140000000001 -1.4723100000000005 0.6498500000000003
vertex -1.8691900000000008 -1.4723100000000005 0.6498500000000003
endloop
endfacet
facet normal 0 0 -1
outer loop
vertex -1.9257700000000006 -1.7978500000000006 0.6498500000000003
vertex -1.9839900000000008 -1.9138800000000007 0.6498500000000003
vertex -3.047940000000001 -1.9138800000000007 0.6498500000000003
endloop
endfacet
facet normal 0 0 -1
outer loop
vertex -1.9257700000000006 -1.7978500000000006 0.6498500000000003
vertex -3.047940000000001 -1.9138800000000007 0.6498500000000003
vertex -2.931910000000001 -1.7978500000000006 0.6498500000000003
endloop
endfacet
facet normal 0 0 -0.9999999999999999
outer loop
vertex -13.500480000000005 1.7031400000000005 0.6498500000000003
vertex -13.275390000000005 2.939700000000001 0.6498500000000003
vertex -13.110570000000004 2.774880000000001 0.6498500000000003
endloop
endfacet
facet normal 0 0 -1
outer loop
vertex -13.500480000000005 1.7031400000000005 0.6498500000000003
vertex -13.110570000000004 2.774880000000001 0.6498500000000003
vertex -13.050300000000005 2.550200000000001 0.6498500000000003
endloop
endfacet
facet normal 0 0 -1
outer loop
vertex -13.500480000000005 1.7031400000000005 0.6498500000000003
vertex -13.050300000000005 2.550200000000001 0.6498500000000003
vertex -13.050300000000005 -2.1000200000000007 0.6498500000000003
endloop
endfacet
facet normal 0 0 -1
outer loop
vertex -13.500480000000005 1.7031400000000005 0.6498500000000003
vertex -13.050300000000005 -2.1000200000000007 0.6498500000000003
vertex -13.950250000000006 -2.1000200000000007 0.6498500000000003
endloop
endfacet
facet normal 0 0 -1
outer loop
vertex -13.500480000000005 1.7031400000000005 0.6498500000000003
vertex -13.950250000000006 -2.1000200000000007 0.6498500000000003
vertex -13.950250000000006 2.550200000000001 0.6498500000000003
endloop
endfacet
facet normal 0 0 -1
outer loop
vertex -13.500480000000005 1.7031400000000005 0.6498500000000003
vertex -13.950250000000006 2.550200000000001 0.6498500000000003
vertex -13.889980000000005 2.774880000000001 0.6498500000000003
endloop
endfacet
facet normal 0 0 -1
outer loop
vertex -13.500480000000005 1.7031400000000005 0.6498500000000003
vertex -13.889980000000005 2.774880000000001 0.6498500000000003
vertex -13.725570000000005 2.939700000000001 0.6498500000000003
endloop
endfacet
facet normal 0 0 -1
outer loop
vertex -13.500480000000005 1.7031400000000005 0.6498500000000003
vertex -13.725570000000005 2.939700000000001 0.6498500000000003
vertex -13.500480000000005 2.999970000000001 0.6498500000000003
endloop
endfacet
facet normal 0 0 -1
outer loop
vertex -13.500480000000005 1.7031400000000005 0.6498500000000003
vertex -13.500480000000005 2.999970000000001 0.6498500000000003
vertex -13.275390000000005 2.939700000000001 0.6498500000000003
endloop
endfacet
facet normal 0 0 -1
outer loop
vertex -5.269320000000002 -0.32841000000000015 0.6498500000000003
vertex -5.269320000000002 -2.1000200000000007 0.6498500000000003
vertex -6.169270000000003 -2.1000200000000007 0.6498500000000003
endloop
endfacet
facet normal 0 0 -1
outer loop
vertex -5.269320000000002 -0.32841000000000015 0.6498500000000003
vertex -6.169270000000003 -2.1000200000000007 0.6498500000000003
vertex -6.169270000000003 -0.32841000000000015 0.6498500000000003
endloop
endfacet
facet normal 0 0 -1
outer loop
vertex -1.9839900000000008 -1.9138800000000007 0.6498500000000003
vertex -2.077060000000001 -2.1000200000000007 0.6498500000000003
vertex -3.6067700000000014 -2.1000200000000007 0.6498500000000003
endloop
endfacet
facet normal 0 0 -0.9999999999999999
outer loop
vertex -1.9839900000000008 -1.9138800000000007 0.6498500000000003
vertex -3.6067700000000014 -2.1000200000000007 0.6498500000000003
vertex -3.047940000000001 -1.9138800000000007 0.6498500000000003
endloop
endfacet
facet normal 0 0 -1
outer loop
vertex 0.6580500000000002 1.7031400000000005 0.6498500000000003
vertex 0.8831400000000004 2.939700000000001 0.6498500000000003
vertex 1.0479600000000004 2.774880000000001 0.6498500000000003
endloop
endfacet
facet normal 0 0 -1
outer loop
vertex 0.6580500000000002 1.7031400000000005 0.6498500000000003
vertex 1.0479600000000004 2.774880000000001 0.6498500000000003
vertex 1.1082300000000005 2.550200000000001 0.6498500000000003
endloop
endfacet
facet normal 0 0 -1
outer loop
vertex 0.6580500000000002 1.7031400000000005 0.6498500000000003
vertex 1.1082300000000005 2.550200000000001 0.6498500000000003
vertex 1.1082300000000005 -2.1000200000000007 0.6498500000000003
endloop
endfacet
facet normal 0 0 -1
outer loop
vertex 0.6580500000000002 1.7031400000000005 0.6498500000000003
vertex 1.1082300000000005 -2.1000200000000007 0.6498500000000003
vertex 0.20828000000000008 -2.1000200000000007 0.6498500000000003
endloop
endfacet
facet normal 0 0 -1
outer loop
vertex 0.6580500000000002 1.7031400000000005 0.6498500000000003
vertex 0.20828000000000008 -2.1000200000000007 0.6498500000000003
vertex 0.20828000000000008 2.550200000000001 0.6498500000000003
endloop
endfacet
facet normal 0 0 -1
outer loop
vertex 0.6580500000000002 1.7031400000000005 0.6498500000000003
vertex 0.20828000000000008 2.550200000000001 0.6498500000000003
vertex 0.2685500000000001 2.774880000000001 0.6498500000000003
endloop
endfacet
facet normal 0 0 -1
outer loop
vertex 0.6580500000000002 1.7031400000000005 0.6498500000000003
vertex 0.2685500000000001 2.774880000000001 0.6498500000000003
vertex 0.4329600000000002 2.939700000000001 0.6498500000000003
endloop
endfacet
facet normal 0 0 -1
outer loop
vertex 0.6580500000000002 1.7031400000000005 0.6498500000000003
vertex 0.4329600000000002 2.939700000000001 0.6498500000000003
vertex 0.6580500000000002 2.999970000000001 0.6498500000000003
endloop
endfacet
facet normal 0 0 -1
outer loop
vertex 0.6580500000000002 1.7031400000000005 0.6498500000000003
vertex 0.6580500000000002 2.999970000000001 0.6498500000000003
vertex 0.8831400000000004 2.939700000000001 0.6498500000000003
endloop
endfacet
facet normal 0 0 -1
outer loop
vertex 12.493110000000005 -0.5715400000000002 0.6498500000000003
vertex 12.493110000000005 -2.1000200000000007 0.6498500000000003
vertex 11.593160000000005 -2.1000200000000007 0.6498500000000003
endloop
endfacet
facet normal 0 0 -1
outer loop
vertex 12.493110000000005 -0.5715400000000002 0.6498500000000003
vertex 11.593160000000005 -2.1000200000000007 0.6498500000000003
vertex 11.593160000000005 -0.5715400000000002 0.6498500000000003
endloop
endfacet
facet normal 0 0 -1
outer loop
vertex 6.0298700000000025 -1.3390600000000006 0.6498500000000003
vertex 6.314820000000003 -0.10455000000000005 0.6498500000000003
vertex 7.277910000000003 -0.10455000000000005 0.6498500000000003
endloop
endfacet
facet normal 0 0 -0.9999999999999999
outer loop
vertex 6.0298700000000025 -1.3390600000000006 0.6498500000000003
vertex 7.277910000000003 -0.10455000000000005 0.6498500000000003
vertex 6.333270000000002 -2.585050000000001 0.6498500000000003
endloop
endfacet
facet normal 0 0 -0.9999999999999999
outer loop
vertex 6.0298700000000025 -1.3390600000000006 0.6498500000000003
vertex 6.333270000000002 -2.585050000000001 0.6498500000000003
vertex 5.424300000000002 -2.585050000000001 0.6498500000000003
endloop
endfacet
facet normal 0 0 -1
outer loop
vertex 6.0298700000000025 -1.3390600000000006 0.6498500000000003
vertex 5.424300000000002 -2.585050000000001 0.6498500000000003
vertex 5.414870000000002 -2.550200000000001 0.6498500000000003
endloop
endfacet
facet normal 0 0 -1
outer loop
vertex 6.0298700000000025 -1.3390600000000006 0.6498500000000003
vertex 5.414870000000002 -2.550200000000001 0.6498500000000003
vertex 5.414870000000002 -0.10455000000000005 0.6498500000000003
endloop
endfacet
facet normal 0 0 -1
outer loop
vertex 6.0298700000000025 -1.3390600000000006 0.6498500000000003
vertex 5.414870000000002 -0.10455000000000005 0.6498500000000003
vertex 6.314820000000003 -0.10455000000000005 0.6498500000000003
endloop
endfacet
facet normal 0 0 -1
outer loop
vertex 9.585800000000004 -1.3390600000000006 0.6498500000000003
vertex 9.300850000000004 -0.10455000000000005 0.6498500000000003
vertex 10.200800000000005 -0.10455000000000005 0.6498500000000003
endloop
endfacet
facet normal 0 0 -1
outer loop
vertex 9.585800000000004 -1.3390600000000006 0.6498500000000003
vertex 10.200800000000005 -0.10455000000000005 0.6498500000000003
vertex 10.200800000000005 -2.550200000000001 0.6498500000000003
endloop
endfacet
facet normal 0 0 -1
outer loop
vertex 9.585800000000004 -1.3390600000000006 0.6498500000000003
vertex 10.200800000000005 -2.550200000000001 0.6498500000000003
vertex 10.191370000000004 -2.585050000000001 0.6498500000000003
endloop
endfacet
facet normal 0 0 -1
outer loop
vertex 9.585800000000004 -1.3390600000000006 0.6498500000000003
vertex 10.191370000000004 -2.585050000000001 0.6498500000000003
vertex 9.282400000000003 -2.585050000000001 0.6498500000000003
endloop
endfacet
facet normal 0 0 -0.9999999999999999
outer loop
vertex 9.585800000000004 -1.3390600000000006 0.6498500000000003
vertex 9.282400000000003 -2.585050000000001 0.6498500000000003
vertex 8.337760000000003 -0.10455000000000005 0.6498500000000003
endloop
endfacet
facet normal 0 0 -1
outer loop
vertex 9.585800000000004 -1.3390600000000006 0.6498500000000003
vertex 8.337760000000003 -0.10455000000000005 0.6498500000000003
vertex 9.300850000000004 -0.10455000000000005 0.6498500000000003
endloop
endfacet
facet normal 0 0 -1
outer loop
vertex 5.784690000000002 -2.6367100000000008 0.6498500000000003
vertex 6.333270000000002 -2.585050000000001 0.6498500000000003
vertex 6.291040000000002 -2.6961600000000012 0.6498500000000003
endloop
endfacet
facet normal 0 0 -1
outer loop
vertex 5.784690000000002 -2.6367100000000008 0.6498500000000003
vertex 6.291040000000002 -2.6961600000000012 0.6498500000000003
vertex 5.454230000000002 -2.6961600000000012 0.6498500000000003
endloop
endfacet
facet normal 0 0 -1
outer loop
vertex 5.784690000000002 -2.6367100000000008 0.6498500000000003
vertex 5.454230000000002 -2.6961600000000012 0.6498500000000003
vertex 5.420610000000002 -2.621540000000001 0.6498500000000003
endloop
endfacet
facet normal 0 0 -0.9999999999999999
outer loop
vertex 5.784690000000002 -2.6367100000000008 0.6498500000000003
vertex 5.420610000000002 -2.621540000000001 0.6498500000000003
vertex 5.424300000000002 -2.585050000000001 0.6498500000000003
endloop
endfacet
facet normal 0 0 -1
outer loop
vertex 5.784690000000002 -2.6367100000000008 0.6498500000000003
vertex 5.424300000000002 -2.585050000000001 0.6498500000000003
vertex 6.333270000000002 -2.585050000000001 0.6498500000000003
endloop
endfacet
facet normal 0 0 -1
outer loop
vertex 9.830980000000004 -2.6367100000000008 0.6498500000000003
vertex 10.191370000000004 -2.585050000000001 0.6498500000000003
vertex 10.195060000000003 -2.621540000000001 0.6498500000000003
endloop
endfacet
facet normal 0 0 -1
outer loop
vertex 9.830980000000004 -2.6367100000000008 0.6498500000000003
vertex 10.195060000000003 -2.621540000000001 0.6498500000000003
vertex 10.161440000000004 -2.6961600000000012 0.6498500000000003
endloop
endfacet
facet normal 0 0 -1
outer loop
vertex 9.830980000000004 -2.6367100000000008 0.6498500000000003
vertex 10.161440000000004 -2.6961600000000012 0.6498500000000003
vertex 9.324630000000003 -2.6961600000000012 0.6498500000000003
endloop
endfacet
facet normal 0 0 -1
outer loop
vertex 9.830980000000004 -2.6367100000000008 0.6498500000000003
vertex 9.324630000000003 -2.6961600000000012 0.6498500000000003
vertex 9.282400000000003 -2.585050000000001 0.6498500000000003
endloop
endfacet
facet normal 0 0 -1
outer loop
vertex 9.830980000000004 -2.6367100000000008 0.6498500000000003
vertex 9.282400000000003 -2.585050000000001 0.6498500000000003
vertex 10.191370000000004 -2.585050000000001 0.6498500000000003
endloop
endfacet
facet normal 0 0 -1
outer loop
vertex 5.951970000000002 -2.716250000000001 0.6498500000000003
vertex 6.291040000000002 -2.6961600000000012 0.6498500000000003
vertex 6.285710000000003 -2.710100000000001 0.6498500000000003
endloop
endfacet
facet normal 0 0 -1
outer loop
vertex 5.951970000000002 -2.716250000000001 0.6498500000000003
vertex 6.285710000000003 -2.710100000000001 0.6498500000000003
vertex 6.263980000000003 -2.739620000000001 0.6498500000000003
endloop
endfacet
facet normal 0 0 -1
outer loop
vertex 5.951970000000002 -2.716250000000001 0.6498500000000003
vertex 6.263980000000003 -2.739620000000001 0.6498500000000003
vertex 5.465710000000002 -2.739620000000001 0.6498500000000003
endloop
endfacet
facet normal 0 0 -1
outer loop
vertex 5.951970000000002 -2.716250000000001 0.6498500000000003
vertex 5.465710000000002 -2.739620000000001 0.6498500000000003
vertex 5.454230000000002 -2.6961600000000012 0.6498500000000003
endloop
endfacet
facet normal 0 0 -1
outer loop
vertex 5.951970000000002 -2.716250000000001 0.6498500000000003
vertex 5.454230000000002 -2.6961600000000012 0.6498500000000003
vertex 6.291040000000002 -2.6961600000000012 0.6498500000000003
endloop
endfacet
facet normal 0 0 -1
outer loop
vertex 9.663700000000004 -2.716250000000001 0.6498500000000003
vertex 10.161440000000004 -2.6961600000000012 0.6498500000000003
vertex 10.149960000000004 -2.739620000000001 0.6498500000000003
endloop
endfacet
facet normal 0 0 -1
outer loop
vertex 9.663700000000004 -2.716250000000001 0.6498500000000003
vertex 10.149960000000004 -2.739620000000001 0.6498500000000003
vertex 9.351690000000003 -2.739620000000001 0.6498500000000003
endloop
endfacet
facet normal 0 0 -1
outer loop
vertex 9.663700000000004 -2.716250000000001 0.6498500000000003
vertex 9.351690000000003 -2.739620000000001 0.6498500000000003
vertex 9.330370000000004 -2.710100000000001 0.6498500000000003
endloop
endfacet
facet normal 0 0 -1
outer loop
vertex 9.663700000000004 -2.716250000000001 0.6498500000000003
vertex 9.330370000000004 -2.710100000000001 0.6498500000000003
vertex 9.324630000000003 -2.6961600000000012 0.6498500000000003
endloop
endfacet
facet normal 0 0 -1
outer loop
vertex 9.663700000000004 -2.716250000000001 0.6498500000000003
vertex 9.324630000000003 -2.6961600000000012 0.6498500000000003
vertex 10.161440000000004 -2.6961600000000012 0.6498500000000003
endloop
endfacet
facet normal 0 0 -1
outer loop
vertex -9.138900000000003 -2.1164200000000006 0.6498500000000003
vertex -9.138900000000003 -1.2857600000000005 0.6498500000000003
vertex -8.175810000000004 -1.2857600000000005 0.6498500000000003
endloop
endfacet
facet normal 0 0 -1
outer loop
vertex -9.138900000000003 -2.1164200000000006 0.6498500000000003
vertex -8.175810000000004 -1.2857600000000005 0.6498500000000003
vertex -8.718240000000003 -2.710100000000001 0.6498500000000003
endloop
endfacet
facet normal 0 0 -1
outer loop
vertex -9.138900000000003 -2.1164200000000006 0.6498500000000003
vertex -8.718240000000003 -2.710100000000001 0.6498500000000003
vertex -8.760470000000003 -2.768320000000001 0.6498500000000003
endloop
endfacet
facet normal 0 0 -0.9999999999999999
outer loop
vertex -9.138900000000003 -2.1164200000000006 0.6498500000000003
vertex -8.760470000000003 -2.768320000000001 0.6498500000000003
vertex -9.516920000000004 -2.768320000000001 0.6498500000000003
endloop
endfacet
facet normal 0 0 -1
outer loop
vertex -9.138900000000003 -2.1164200000000006 0.6498500000000003
vertex -9.516920000000004 -2.768320000000001 0.6498500000000003
vertex -9.559150000000004 -2.710100000000001 0.6498500000000003
endloop
endfacet
facet normal 0 0 -0.9999999999999999
outer loop
vertex -9.138900000000003 -2.1164200000000006 0.6498500000000003
vertex -9.559150000000004 -2.710100000000001 0.6498500000000003
vertex -10.101990000000004 -1.2857600000000005 0.6498500000000003
endloop
endfacet
facet normal 0 0 -1
outer loop
vertex -9.138900000000003 -2.1164200000000006 0.6498500000000003
vertex -10.101990000000004 -1.2857600000000005 0.6498500000000003
vertex -9.138900000000003 -1.2857600000000005 0.6498500000000003
endloop
endfacet
facet normal 0 0 -1
outer loop
vertex 5.865050000000002 -2.771600000000001 0.6498500000000003
vertex 6.263980000000003 -2.739620000000001 0.6498500000000003
vertex 6.254550000000003 -2.774880000000001 0.6498500000000003
endloop
endfacet
facet normal 0 0 -0.9999999999999999
outer loop
vertex 5.865050000000002 -2.771600000000001 0.6498500000000003
vertex 6.254550000000003 -2.774880000000001 0.6498500000000003
vertex 6.228720000000003 -2.800710000000001 0.6498500000000003
endloop
endfacet
facet normal 0 0 -1
outer loop
vertex 5.865050000000002 -2.771600000000001 0.6498500000000003
vertex 6.228720000000003 -2.800710000000001 0.6498500000000003
vertex 5.500970000000002 -2.800710000000001 0.6498500000000003
endloop
endfacet
facet normal 0 0 -1
outer loop
vertex 5.865050000000002 -2.771600000000001 0.6498500000000003
vertex 5.500970000000002 -2.800710000000001 0.6498500000000003
vertex 5.475140000000002 -2.774880000000001 0.6498500000000003
endloop
endfacet
facet normal 0 0 -1
outer loop
vertex 5.865050000000002 -2.771600000000001 0.6498500000000003
vertex 5.475140000000002 -2.774880000000001 0.6498500000000003
vertex 5.465710000000002 -2.739620000000001 0.6498500000000003
endloop
endfacet
facet normal 0 0 -1
outer loop
vertex 5.865050000000002 -2.771600000000001 0.6498500000000003
vertex 5.465710000000002 -2.739620000000001 0.6498500000000003
vertex 6.263980000000003 -2.739620000000001 0.6498500000000003
endloop
endfacet
facet normal 0 0 -1
outer loop
vertex 9.751030000000004 -2.771600000000001 0.6498500000000003
vertex 10.149960000000004 -2.739620000000001 0.6498500000000003
vertex 10.140530000000004 -2.774880000000001 0.6498500000000003
endloop
endfacet
facet normal 0 0 -1
outer loop
vertex 9.751030000000004 -2.771600000000001 0.6498500000000003
vertex 10.140530000000004 -2.774880000000001 0.6498500000000003
vertex 10.114700000000004 -2.800710000000001 0.6498500000000003
endloop
endfacet
facet normal 0 0 -1
outer loop
vertex 9.751030000000004 -2.771600000000001 0.6498500000000003
vertex 10.114700000000004 -2.800710000000001 0.6498500000000003
vertex 9.386950000000004 -2.800710000000001 0.6498500000000003
endloop
endfacet
facet normal 0 0 -1
outer loop
vertex 9.751030000000004 -2.771600000000001 0.6498500000000003
vertex 9.386950000000004 -2.800710000000001 0.6498500000000003
vertex 9.361120000000003 -2.774880000000001 0.6498500000000003
endloop
endfacet
facet normal 0 0 -1
outer loop
vertex 9.751030000000004 -2.771600000000001 0.6498500000000003
vertex 9.361120000000003 -2.774880000000001 0.6498500000000003
vertex 9.351690000000003 -2.739620000000001 0.6498500000000003
endloop
endfacet
facet normal 0 0 -1
outer loop
vertex 9.751030000000004 -2.771600000000001 0.6498500000000003
vertex 9.351690000000003 -2.739620000000001 0.6498500000000003
vertex 10.149960000000004 -2.739620000000001 0.6498500000000003
endloop
endfacet
facet normal 0 0 -1
outer loop
vertex 6.228720000000003 -2.800710000000001 0.6498500000000003
vertex 6.196740000000002 -2.8326900000000013 0.6498500000000003
vertex 5.515320000000002 -2.8326900000000013 0.6498500000000003
endloop
endfacet
facet normal 0 0 -1
outer loop
vertex 6.228720000000003 -2.800710000000001 0.6498500000000003
vertex 5.515320000000002 -2.8326900000000013 0.6498500000000003
vertex 5.500970000000002 -2.800710000000001 0.6498500000000003
endloop
endfacet
facet normal 0 0 -1
outer loop
vertex 10.114700000000004 -2.800710000000001 0.6498500000000003
vertex 10.100350000000004 -2.8326900000000013 0.6498500000000003
vertex 9.418930000000003 -2.8326900000000013 0.6498500000000003
endloop
endfacet
facet normal 0 0 -1
outer loop
vertex 10.114700000000004 -2.800710000000001 0.6498500000000003
vertex 9.418930000000003 -2.8326900000000013 0.6498500000000003
vertex 9.386950000000004 -2.800710000000001 0.6498500000000003
endloop
endfacet
facet normal 0 0 -1
outer loop
vertex -9.138490000000003 -2.821210000000001 0.6498500000000003
vertex -8.760470000000003 -2.768320000000001 0.6498500000000003
vertex -8.789580000000003 -2.833920000000001 0.6498500000000003
endloop
endfacet
facet normal 0 0 -1
outer loop
vertex -9.138490000000003 -2.821210000000001 0.6498500000000003
vertex -8.789580000000003 -2.833920000000001 0.6498500000000003
vertex -8.827300000000003 -2.861390000000001 0.6498500000000003
endloop
endfacet
facet normal 0 0 -1
outer loop
vertex -9.138490000000003 -2.821210000000001 0.6498500000000003
vertex -8.827300000000003 -2.861390000000001 0.6498500000000003
vertex -9.450090000000003 -2.861390000000001 0.6498500000000003
endloop
endfacet
facet normal 0 0 -1
outer loop
vertex -9.138490000000003 -2.821210000000001 0.6498500000000003
vertex -9.450090000000003 -2.861390000000001 0.6498500000000003
vertex -9.487810000000003 -2.833920000000001 0.6498500000000003
endloop
endfacet
facet normal 0 0 -1
outer loop
vertex -9.138490000000003 -2.821210000000001 0.6498500000000003
vertex -9.487810000000003 -2.833920000000001 0.6498500000000003
vertex -9.516920000000004 -2.768320000000001 0.6498500000000003
endloop
endfacet
facet normal 0 0 -1
outer loop
vertex -9.138490000000003 -2.821210000000001 0.6498500000000003
vertex -9.516920000000004 -2.768320000000001 0.6498500000000003
vertex -8.760470000000003 -2.768320000000001 0.6498500000000003
endloop
endfacet
facet normal 0 0 -1
outer loop
vertex 5.794530000000002 -2.852780000000001 0.6498500000000003
vertex 6.196740000000002 -2.8326900000000013 0.6498500000000003
vertex 6.161480000000003 -2.881890000000001 0.6498500000000003
endloop
endfacet
facet normal 0 0 -1
outer loop
vertex 5.794530000000002 -2.852780000000001 0.6498500000000003
vertex 6.161480000000003 -2.881890000000001 0.6498500000000003
vertex 5.582150000000002 -2.881890000000001 0.6498500000000003
endloop
endfacet
facet normal 0 0 -1
outer loop
vertex 5.794530000000002 -2.852780000000001 0.6498500000000003
vertex 5.582150000000002 -2.881890000000001 0.6498500000000003
vertex 5.516140000000002 -2.833920000000001 0.6498500000000003
endloop
endfacet
facet normal 0 0 -1
outer loop
vertex 5.794530000000002 -2.852780000000001 0.6498500000000003
vertex 5.516140000000002 -2.833920000000001 0.6498500000000003
vertex 5.515320000000002 -2.8326900000000013 0.6498500000000003
endloop
endfacet
facet normal 0 0 -1
outer loop
vertex 5.794530000000002 -2.852780000000001 0.6498500000000003
vertex 5.515320000000002 -2.8326900000000013 0.6498500000000003
vertex 6.196740000000002 -2.8326900000000013 0.6498500000000003
endloop
endfacet
facet normal 0 0 -1
outer loop
vertex 9.821140000000003 -2.852780000000001 0.6498500000000003
vertex 10.100350000000004 -2.8326900000000013 0.6498500000000003
vertex 10.099530000000003 -2.833920000000001 0.6498500000000003
endloop
endfacet
facet normal 0 0 -1
outer loop
vertex 9.821140000000003 -2.852780000000001 0.6498500000000003
vertex 10.099530000000003 -2.833920000000001 0.6498500000000003
vertex 10.033520000000003 -2.881890000000001 0.6498500000000003
endloop
endfacet
facet normal 0 0 -1
outer loop
vertex 9.821140000000003 -2.852780000000001 0.6498500000000003
vertex 10.033520000000003 -2.881890000000001 0.6498500000000003
vertex 9.454190000000004 -2.881890000000001 0.6498500000000003
endloop
endfacet
facet normal 0 0 -1
outer loop
vertex 9.821140000000003 -2.852780000000001 0.6498500000000003
vertex 9.454190000000004 -2.881890000000001 0.6498500000000003
vertex 9.418930000000003 -2.8326900000000013 0.6498500000000003
endloop
endfacet
facet normal 0 0 -1
outer loop
vertex 9.821140000000003 -2.852780000000001 0.6498500000000003
vertex 9.418930000000003 -2.8326900000000013 0.6498500000000003
vertex 10.100350000000004 -2.8326900000000013 0.6498500000000003
endloop
endfacet
facet normal 0 0 -1
outer loop
vertex 5.924500000000002 -2.898290000000001 0.6498500000000003
vertex 6.161480000000003 -2.881890000000001 0.6498500000000003
vertex 6.149180000000002 -2.899110000000001 0.6498500000000003
endloop
endfacet
facet normal 0 0 -1
outer loop
vertex 5.924500000000002 -2.898290000000001 0.6498500000000003
vertex 6.149180000000002 -2.899110000000001 0.6498500000000003
vertex 6.115970000000003 -2.913870000000001 0.6498500000000003
endloop
endfacet
facet normal 0 0 -1
outer loop
vertex 5.924500000000002 -2.898290000000001 0.6498500000000003
vertex 6.115970000000003 -2.913870000000001 0.6498500000000003
vertex 5.614130000000002 -2.913870000000001 0.6498500000000003
endloop
endfacet
facet normal 0 0 -1
outer loop
vertex 5.924500000000002 -2.898290000000001 0.6498500000000003
vertex 5.614130000000002 -2.913870000000001 0.6498500000000003
vertex 5.582150000000002 -2.881890000000001 0.6498500000000003
endloop
endfacet
facet normal 0 0 -1
outer loop
vertex 5.924500000000002 -2.898290000000001 0.6498500000000003
vertex 5.582150000000002 -2.881890000000001 0.6498500000000003
vertex 6.161480000000003 -2.881890000000001 0.6498500000000003
endloop
endfacet
facet normal 0 0 -1
outer loop
vertex 9.691170000000003 -2.898290000000001 0.6498500000000003
vertex 10.033520000000003 -2.881890000000001 0.6498500000000003
vertex 10.001540000000004 -2.913870000000001 0.6498500000000003
endloop
endfacet
facet normal 0 0 -0.9999999999999999
outer loop
vertex 9.691170000000003 -2.898290000000001 0.6498500000000003
vertex 10.001540000000004 -2.913870000000001 0.6498500000000003
vertex 9.500110000000003 -2.913870000000001 0.6498500000000003
endloop
endfacet
facet normal 0 0 -1
outer loop
vertex 9.691170000000003 -2.898290000000001 0.6498500000000003
vertex 9.500110000000003 -2.913870000000001 0.6498500000000003
vertex 9.466490000000004 -2.899110000000001 0.6498500000000003
endloop
endfacet
facet normal 0 0 -1
outer loop
vertex 9.691170000000003 -2.898290000000001 0.6498500000000003
vertex 9.466490000000004 -2.899110000000001 0.6498500000000003
vertex 9.454190000000004 -2.881890000000001 0.6498500000000003
endloop
endfacet
facet normal 0 0 -1
outer loop
vertex 9.691170000000003 -2.898290000000001 0.6498500000000003
vertex 9.454190000000004 -2.881890000000001 0.6498500000000003
vertex 10.033520000000003 -2.881890000000001 0.6498500000000003
endloop
endfacet
facet normal 0 0 -1
outer loop
vertex -9.138490000000003 -2.896240000000001 0.6498500000000003
vertex -8.827300000000003 -2.861390000000001 0.6498500000000003
vertex -8.854770000000004 -2.899110000000001 0.6498500000000003
endloop
endfacet
facet normal 0 0 -1
outer loop
vertex -9.138490000000003 -2.896240000000001 0.6498500000000003
vertex -8.854770000000004 -2.899110000000001 0.6498500000000003
vertex -8.920370000000004 -2.928220000000001 0.6498500000000003
endloop
endfacet
facet normal 0 0 -1
outer loop
vertex -9.138490000000003 -2.896240000000001 0.6498500000000003
vertex -8.920370000000004 -2.928220000000001 0.6498500000000003
vertex -9.357020000000004 -2.928220000000001 0.6498500000000003
endloop
endfacet
facet normal 0 0 -1
outer loop
vertex -9.138490000000003 -2.896240000000001 0.6498500000000003
vertex -9.357020000000004 -2.928220000000001 0.6498500000000003
vertex -9.422620000000004 -2.899110000000001 0.6498500000000003
endloop
endfacet
facet normal 0 0 -1
outer loop
vertex -9.138490000000003 -2.896240000000001 0.6498500000000003
vertex -9.422620000000004 -2.899110000000001 0.6498500000000003
vertex -9.450090000000003 -2.861390000000001 0.6498500000000003
endloop
endfacet
facet normal 0 0 -1
outer loop
vertex -9.138490000000003 -2.896240000000001 0.6498500000000003
vertex -9.450090000000003 -2.861390000000001 0.6498500000000003
vertex -8.827300000000003 -2.861390000000001 0.6498500000000003
endloop
endfacet
facet normal 0 0 -0.9999999999999999
outer loop
vertex 5.865050000000002 -2.9343700000000013 0.6498500000000003
vertex 6.115970000000003 -2.913870000000001 0.6498500000000003
vertex 6.0901400000000026 -2.939700000000001 0.6498500000000003
endloop
endfacet
facet normal 0 0 -0.9999999999999999
outer loop
vertex 5.865050000000002 -2.9343700000000013 0.6498500000000003
vertex 6.0901400000000026 -2.939700000000001 0.6498500000000003
vertex 6.0548800000000025 -2.949130000000001 0.6498500000000003
endloop
endfacet
facet normal 0 0 -1
outer loop
vertex 5.865050000000002 -2.9343700000000013 0.6498500000000003
vertex 6.0548800000000025 -2.949130000000001 0.6498500000000003
vertex 5.675220000000002 -2.949130000000001 0.6498500000000003
endloop
endfacet
facet normal 0 0 -1
outer loop
vertex 5.865050000000002 -2.9343700000000013 0.6498500000000003
vertex 5.675220000000002 -2.949130000000001 0.6498500000000003
vertex 5.639960000000002 -2.939700000000001 0.6498500000000003
endloop
endfacet
facet normal 0 0 -1
outer loop
vertex 5.865050000000002 -2.9343700000000013 0.6498500000000003
vertex 5.639960000000002 -2.939700000000001 0.6498500000000003
vertex 5.614130000000002 -2.913870000000001 0.6498500000000003
endloop
endfacet
facet normal 0 0 -1
outer loop
vertex 5.865050000000002 -2.9343700000000013 0.6498500000000003
vertex 5.614130000000002 -2.913870000000001 0.6498500000000003
vertex 6.115970000000003 -2.913870000000001 0.6498500000000003
endloop
endfacet
facet normal 0 0 -1
outer loop
vertex 9.750620000000003 -2.9343700000000013 0.6498500000000003
vertex 10.001540000000004 -2.913870000000001 0.6498500000000003
vertex 9.975710000000003 -2.939700000000001 0.6498500000000003
endloop
endfacet
facet normal 0 0 -1
outer loop
vertex 9.750620000000003 -2.9343700000000013 0.6498500000000003
vertex 9.975710000000003 -2.939700000000001 0.6498500000000003
vertex 9.940450000000004 -2.949130000000001 0.6498500000000003
endloop
endfacet
facet normal 0 0 -1
outer loop
vertex 9.750620000000003 -2.9343700000000013 0.6498500000000003
vertex 9.940450000000004 -2.949130000000001 0.6498500000000003
vertex 9.560790000000004 -2.949130000000001 0.6498500000000003
endloop
endfacet
facet normal 0 0 -1
outer loop
vertex 9.750620000000003 -2.9343700000000013 0.6498500000000003
vertex 9.560790000000004 -2.949130000000001 0.6498500000000003
vertex 9.525530000000003 -2.939700000000001 0.6498500000000003
endloop
endfacet
facet normal 0 0 -1
outer loop
vertex 9.750620000000003 -2.9343700000000013 0.6498500000000003
vertex 9.525530000000003 -2.939700000000001 0.6498500000000003
vertex 9.500110000000003 -2.913870000000001 0.6498500000000003
endloop
endfacet
facet normal 0 0 -1
outer loop
vertex 9.750620000000003 -2.9343700000000013 0.6498500000000003
vertex 9.500110000000003 -2.913870000000001 0.6498500000000003
vertex 10.001540000000004 -2.913870000000001 0.6498500000000003
endloop
endfacet
facet normal 0 0 -1
outer loop
vertex 6.0548800000000025 -2.949130000000001 0.6498500000000003
vertex 6.011010000000002 -2.9610200000000013 0.6498500000000003
vertex 5.691620000000002 -2.9610200000000013 0.6498500000000003
endloop
endfacet
facet normal 0 0 -1
outer loop
vertex 6.0548800000000025 -2.949130000000001 0.6498500000000003
vertex 5.691620000000002 -2.9610200000000013 0.6498500000000003
vertex 5.675220000000002 -2.949130000000001 0.6498500000000003
endloop
endfacet
facet normal 0 0 -1
outer loop
vertex 9.940450000000004 -2.949130000000001 0.6498500000000003
vertex 9.924460000000003 -2.9610200000000013 0.6498500000000003
vertex 9.604660000000004 -2.9610200000000013 0.6498500000000003
endloop
endfacet
facet normal 0 0 -1
outer loop
vertex 9.940450000000004 -2.949130000000001 0.6498500000000003
vertex 9.604660000000004 -2.9610200000000013 0.6498500000000003
vertex 9.560790000000004 -2.949130000000001 0.6498500000000003
endloop
endfacet
facet normal 0 0 -0.9999999999999999
outer loop
vertex -9.138490000000003 -2.958150000000001 0.6498500000000003
vertex -8.920370000000004 -2.928220000000001 0.6498500000000003
vertex -8.978590000000004 -2.970450000000001 0.6498500000000003
endloop
endfacet
facet normal 0 0 -1
outer loop
vertex -9.138490000000003 -2.958150000000001 0.6498500000000003
vertex -8.978590000000004 -2.970450000000001 0.6498500000000003
vertex -9.024920000000003 -2.975370000000001 0.6498500000000003
endloop
endfacet
facet normal 0 0 -1
outer loop
vertex -9.138490000000003 -2.958150000000001 0.6498500000000003
vertex -9.024920000000003 -2.975370000000001 0.6498500000000003
vertex -9.252470000000004 -2.975370000000001 0.6498500000000003
endloop
endfacet
facet normal 0 0 -1
outer loop
vertex -9.138490000000003 -2.958150000000001 0.6498500000000003
vertex -9.252470000000004 -2.975370000000001 0.6498500000000003
vertex -9.298800000000004 -2.970450000000001 0.6498500000000003
endloop
endfacet
facet normal 0 0 -1
outer loop
vertex -9.138490000000003 -2.958150000000001 0.6498500000000003
vertex -9.298800000000004 -2.970450000000001 0.6498500000000003
vertex -9.357020000000004 -2.928220000000001 0.6498500000000003
endloop
endfacet
facet normal 0 0 -0.9999999999999999
outer loop
vertex -9.138490000000003 -2.958150000000001 0.6498500000000003
vertex -9.357020000000004 -2.928220000000001 0.6498500000000003
vertex -8.920370000000004 -2.928220000000001 0.6498500000000003
endloop
endfacet
facet normal 0 0 -1
outer loop
vertex 5.832660000000002 -2.970040000000001 0.6498500000000003
vertex 6.011010000000002 -2.9610200000000013 0.6498500000000003
vertex 5.970830000000002 -2.978650000000001 0.6498500000000003
endloop
endfacet
facet normal 0 0 -0.9999999999999999
outer loop
vertex 5.832660000000002 -2.970040000000001 0.6498500000000003
vertex 5.970830000000002 -2.978650000000001 0.6498500000000003
vertex 5.785920000000002 -2.978650000000001 0.6498500000000003
endloop
endfacet
facet normal 0 0 -1
outer loop
vertex 5.832660000000002 -2.970040000000001 0.6498500000000003
vertex 5.785920000000002 -2.978650000000001 0.6498500000000003
vertex 5.704740000000002 -2.970450000000001 0.6498500000000003
endloop
endfacet
facet normal 0 0 -1
outer loop
vertex 5.832660000000002 -2.970040000000001 0.6498500000000003
vertex 5.704740000000002 -2.970450000000001 0.6498500000000003
vertex 5.691620000000002 -2.9610200000000013 0.6498500000000003
endloop
endfacet
facet normal 0 0 -1
outer loop
vertex 5.832660000000002 -2.970040000000001 0.6498500000000003
vertex 5.691620000000002 -2.9610200000000013 0.6498500000000003
vertex 6.011010000000002 -2.9610200000000013 0.6498500000000003
endloop
endfacet
facet normal 0 0 -1
outer loop
vertex 9.783010000000004 -2.970040000000001 0.6498500000000003
vertex 9.924460000000003 -2.9610200000000013 0.6498500000000003
vertex 9.910930000000004 -2.970450000000001 0.6498500000000003
endloop
endfacet
facet normal 0 0 -1
outer loop
vertex 9.783010000000004 -2.970040000000001 0.6498500000000003
vertex 9.910930000000004 -2.970450000000001 0.6498500000000003
vertex 9.829750000000004 -2.978650000000001 0.6498500000000003
endloop
endfacet
facet normal 0 0 -1
outer loop
vertex 9.783010000000004 -2.970040000000001 0.6498500000000003
vertex 9.829750000000004 -2.978650000000001 0.6498500000000003
vertex 9.644840000000004 -2.978650000000001 0.6498500000000003
endloop
endfacet
facet normal 0 0 -1
outer loop
vertex 9.783010000000004 -2.970040000000001 0.6498500000000003
vertex 9.644840000000004 -2.978650000000001 0.6498500000000003
vertex 9.604660000000004 -2.9610200000000013 0.6498500000000003
endloop
endfacet
facet normal 0 0 -1
outer loop
vertex 9.783010000000004 -2.970040000000001 0.6498500000000003
vertex 9.604660000000004 -2.9610200000000013 0.6498500000000003
vertex 9.924460000000003 -2.9610200000000013 0.6498500000000003
endloop
endfacet
facet normal 0 0 -1
outer loop
vertex -9.138900000000003 -2.982340000000001 0.6498500000000003
vertex -9.024920000000003 -2.975370000000001 0.6498500000000003
vertex -9.050750000000003 -2.9868500000000013 0.6498500000000003
endloop
endfacet
facet normal 0 0 -1
outer loop
vertex -9.138900000000003 -2.982340000000001 0.6498500000000003
vertex -9.050750000000003 -2.9868500000000013 0.6498500000000003
vertex -9.138900000000003 -2.9868500000000013 0.6498500000000003
endloop
endfacet
facet normal 0 0 -1
outer loop
vertex -9.138900000000003 -2.982340000000001 0.6498500000000003
vertex -9.138900000000003 -2.9868500000000013 0.6498500000000003
vertex -9.226640000000003 -2.9868500000000013 0.6498500000000003
endloop
endfacet
facet normal 0 0 -1
outer loop
vertex -9.138900000000003 -2.982340000000001 0.6498500000000003
vertex -9.226640000000003 -2.9868500000000013 0.6498500000000003
vertex -9.252470000000004 -2.975370000000001 0.6498500000000003
endloop
endfacet
facet normal 0 0 -1
outer loop
vertex -9.138900000000003 -2.982340000000001 0.6498500000000003
vertex -9.252470000000004 -2.975370000000001 0.6498500000000003
vertex -9.024920000000003 -2.975370000000001 0.6498500000000003
endloop
endfacet
facet normal 0 0 -1
outer loop
vertex 5.886370000000002 -2.9856200000000013 0.6498500000000003
vertex 5.970830000000002 -2.978650000000001 0.6498500000000003
vertex 5.945000000000002 -2.990540000000001 0.6498500000000003
endloop
endfacet
facet normal 0 0 -1
outer loop
vertex 5.886370000000002 -2.9856200000000013 0.6498500000000003
vertex 5.945000000000002 -2.990540000000001 0.6498500000000003
vertex 5.900310000000002 -2.990540000000001 0.6498500000000003
endloop
endfacet
facet normal 0 0 -1
outer loop
vertex 5.886370000000002 -2.9856200000000013 0.6498500000000003
vertex 5.900310000000002 -2.990540000000001 0.6498500000000003
vertex 5.829790000000002 -2.990540000000001 0.6498500000000003
endloop
endfacet
facet normal 0 0 -1
outer loop
vertex 5.886370000000002 -2.9856200000000013 0.6498500000000003
vertex 5.829790000000002 -2.990540000000001 0.6498500000000003
vertex 5.785920000000002 -2.978650000000001 0.6498500000000003
endloop
endfacet
facet normal 0 0 -1
outer loop
vertex 5.886370000000002 -2.9856200000000013 0.6498500000000003
vertex 5.785920000000002 -2.978650000000001 0.6498500000000003
vertex 5.970830000000002 -2.978650000000001 0.6498500000000003
endloop
endfacet
facet normal 0 0 -1
outer loop
vertex 9.729300000000004 -2.9856200000000013 0.6498500000000003
vertex 9.829750000000004 -2.978650000000001 0.6498500000000003
vertex 9.785880000000004 -2.990540000000001 0.6498500000000003
endloop
endfacet
facet normal 0 0 -1
outer loop
vertex 9.729300000000004 -2.9856200000000013 0.6498500000000003
vertex 9.785880000000004 -2.990540000000001 0.6498500000000003
vertex 9.715360000000004 -2.990540000000001 0.6498500000000003
endloop
endfacet
facet normal 0 0 -1
outer loop
vertex 9.729300000000004 -2.9856200000000013 0.6498500000000003
vertex 9.715360000000004 -2.990540000000001 0.6498500000000003
vertex 9.671080000000003 -2.990540000000001 0.6498500000000003
endloop
endfacet
facet normal 0 0 -0.9999999999999999
outer loop
vertex 9.729300000000004 -2.9856200000000013 0.6498500000000003
vertex 9.671080000000003 -2.990540000000001 0.6498500000000003
vertex 9.644840000000004 -2.978650000000001 0.6498500000000003
endloop
endfacet
facet normal 0 0 -1
outer loop
vertex 9.729300000000004 -2.9856200000000013 0.6498500000000003
vertex 9.644840000000004 -2.978650000000001 0.6498500000000003
vertex 9.829750000000004 -2.978650000000001 0.6498500000000003
endloop
endfacet
facet normal 0 0 -1
outer loop
vertex -9.138900000000003 -2.9868500000000013 0.6498500000000003
vertex -9.210240000000004 -2.9942300000000013 0.6498500000000003
vertex -9.226640000000003 -2.9868500000000013 0.6498500000000003
endloop
endfacet
facet normal 0 0 -1
outer loop
vertex -9.050750000000003 -2.9868500000000013 0.6498500000000003
vertex -9.067150000000003 -2.9942300000000013 0.6498500000000003
vertex -9.138900000000003 -2.9868500000000013 0.6498500000000003
endloop
endfacet
facet normal 0 0 -1
outer loop
vertex 5.945000000000002 -2.990540000000001 0.6498500000000003
vertex 5.936390000000002 -2.9942300000000013 0.6498500000000003
vertex 5.900310000000002 -2.990540000000001 0.6498500000000003
endloop
endfacet
facet normal 0 0 -1
outer loop
vertex 9.715360000000004 -2.990540000000001 0.6498500000000003
vertex 9.679280000000004 -2.9942300000000013 0.6498500000000003
vertex 9.671080000000003 -2.990540000000001 0.6498500000000003
endloop
endfacet
facet normal 0 0 -1
outer loop
vertex -13.500480000000005 -2.493620000000001 0.6498500000000003
vertex -13.950250000000006 -2.1000200000000007 0.6498500000000003
vertex -13.050300000000005 -2.1000200000000007 0.6498500000000003
endloop
endfacet
facet normal 0 0 -1
outer loop
vertex -13.500480000000005 -2.493620000000001 0.6498500000000003
vertex -13.050300000000005 -2.1000200000000007 0.6498500000000003
vertex -11.800620000000004 -2.1000200000000007 0.6498500000000003
endloop
endfacet
facet normal 0 0 -1
outer loop
vertex -13.500480000000005 -2.493620000000001 0.6498500000000003
vertex -11.800620000000004 -2.1000200000000007 0.6498500000000003
vertex -11.575530000000004 -2.1602900000000007 0.6498500000000003
endloop
endfacet
facet normal 0 0 -1
outer loop
vertex -13.500480000000005 -2.493620000000001 0.6498500000000003
vertex -11.575530000000004 -2.1602900000000007 0.6498500000000003
vertex -11.410710000000003 -2.325110000000001 0.6498500000000003
endloop
endfacet
facet normal 0 0 -1
outer loop
vertex -13.500480000000005 -2.493620000000001 0.6498500000000003
vertex -11.410710000000003 -2.325110000000001 0.6498500000000003
vertex -11.350440000000004 -2.550200000000001 0.6498500000000003
endloop
endfacet
facet normal 0 0 -1
outer loop
vertex -13.500480000000005 -2.493620000000001 0.6498500000000003
vertex -11.350440000000004 -2.550200000000001 0.6498500000000003
vertex -11.410710000000003 -2.774880000000001 0.6498500000000003
endloop
endfacet
facet normal 0 0 -1
outer loop
vertex -13.500480000000005 -2.493620000000001 0.6498500000000003
vertex -11.410710000000003 -2.774880000000001 0.6498500000000003
vertex -11.575530000000004 -2.939700000000001 0.6498500000000003
endloop
endfacet
facet normal 0 0 -1
outer loop
vertex -13.500480000000005 -2.493620000000001 0.6498500000000003
vertex -11.575530000000004 -2.939700000000001 0.6498500000000003
vertex -11.800620000000004 -2.999970000000001 0.6498500000000003
endloop
endfacet
facet normal 0 0 -1
outer loop
vertex -13.500480000000005 -2.493620000000001 0.6498500000000003
vertex -11.800620000000004 -2.999970000000001 0.6498500000000003
vertex -15.200340000000006 -2.999970000000001 0.6498500000000003
endloop
endfacet
facet normal 0 0 -1
outer loop
vertex -13.500480000000005 -2.493620000000001 0.6498500000000003
vertex -15.200340000000006 -2.999970000000001 0.6498500000000003
vertex -15.425430000000006 -2.939700000000001 0.6498500000000003
endloop
endfacet
facet normal 0 0 -1
outer loop
vertex -13.500480000000005 -2.493620000000001 0.6498500000000003
vertex -15.425430000000006 -2.939700000000001 0.6498500000000003
vertex -15.590250000000006 -2.774880000000001 0.6498500000000003
endloop
endfacet
facet normal 0 0 -1
outer loop
vertex -13.500480000000005 -2.493620000000001 0.6498500000000003
vertex -15.590250000000006 -2.774880000000001 0.6498500000000003
vertex -15.650520000000006 -2.550200000000001 0.6498500000000003
endloop
endfacet
facet normal 0 0 -1
outer loop
vertex -13.500480000000005 -2.493620000000001 0.6498500000000003
vertex -15.650520000000006 -2.550200000000001 0.6498500000000003
vertex -15.590250000000006 -2.325110000000001 0.6498500000000003
endloop
endfacet
facet normal 0 0 -1
outer loop
vertex -13.500480000000005 -2.493620000000001 0.6498500000000003
vertex -15.590250000000006 -2.325110000000001 0.6498500000000003
vertex -15.425430000000006 -2.1602900000000007 0.6498500000000003
endloop
endfacet
facet normal 0 0 -1
outer loop
vertex -13.500480000000005 -2.493620000000001 0.6498500000000003
vertex -15.425430000000006 -2.1602900000000007 0.6498500000000003
vertex -15.200340000000006 -2.1000200000000007 0.6498500000000003
endloop
endfacet
facet normal 0 0 -1
outer loop
vertex -13.500480000000005 -2.493620000000001 0.6498500000000003
vertex -15.200340000000006 -2.1000200000000007 0.6498500000000003
vertex -13.950250000000006 -2.1000200000000007 0.6498500000000003
endloop
endfacet
facet normal 0 0 -0.9999999999999999
outer loop
vertex -4.1102500000000015 -2.546510000000001 0.6498500000000003
vertex -5.269320000000002 -2.1000200000000007 0.6498500000000003
vertex -3.6067700000000014 -2.1000200000000007 0.6498500000000003
endloop
endfacet
facet normal 0 0 -1
outer loop
vertex -4.1102500000000015 -2.546510000000001 0.6498500000000003
vertex -3.6067700000000014 -2.1000200000000007 0.6498500000000003
vertex -2.077060000000001 -2.1000200000000007 0.6498500000000003
endloop
endfacet
facet normal 0 0 -1
outer loop
vertex -4.1102500000000015 -2.546510000000001 0.6498500000000003
vertex -2.077060000000001 -2.1000200000000007 0.6498500000000003
vertex -2.1594700000000007 -2.265660000000001 0.6498500000000003
endloop
endfacet
facet normal 0 0 -1
outer loop
vertex -4.1102500000000015 -2.546510000000001 0.6498500000000003
vertex -2.1594700000000007 -2.265660000000001 0.6498500000000003
vertex -2.2439300000000006 -2.382510000000001 0.6498500000000003
endloop
endfacet
facet normal 0 0 -1
outer loop
vertex -4.1102500000000015 -2.546510000000001 0.6498500000000003
vertex -2.2439300000000006 -2.382510000000001 0.6498500000000003
vertex -2.486650000000001 -2.625230000000001 0.6498500000000003
endloop
endfacet
facet normal 0 0 -1
outer loop
vertex -4.1102500000000015 -2.546510000000001 0.6498500000000003
vertex -2.486650000000001 -2.625230000000001 0.6498500000000003
vertex -2.662540000000001 -2.733880000000001 0.6498500000000003
endloop
endfacet
facet normal 0 0 -1
outer loop
vertex -4.1102500000000015 -2.546510000000001 0.6498500000000003
vertex -2.662540000000001 -2.733880000000001 0.6498500000000003
vertex -3.391110000000001 -2.9770100000000013 0.6498500000000003
endloop
endfacet
facet normal 0 0 -1
outer loop
vertex -4.1102500000000015 -2.546510000000001 0.6498500000000003
vertex -3.391110000000001 -2.9770100000000013 0.6498500000000003
vertex -3.5333800000000015 -2.999970000000001 0.6498500000000003
endloop
endfacet
facet normal 0 0 -1
outer loop
vertex -4.1102500000000015 -2.546510000000001 0.6498500000000003
vertex -3.5333800000000015 -2.999970000000001 0.6498500000000003
vertex -5.719090000000002 -2.999970000000001 0.6498500000000003
endloop
endfacet
facet normal 0 0 -0.9999999999999999
outer loop
vertex -4.1102500000000015 -2.546510000000001 0.6498500000000003
vertex -5.719090000000002 -2.999970000000001 0.6498500000000003
vertex -5.944180000000002 -2.939700000000001 0.6498500000000003
endloop
endfacet
facet normal 0 0 -1
outer loop
vertex -4.1102500000000015 -2.546510000000001 0.6498500000000003
vertex -5.944180000000002 -2.939700000000001 0.6498500000000003
vertex -6.109000000000003 -2.774880000000001 0.6498500000000003
endloop
endfacet
facet normal 0 0 -1
outer loop
vertex -4.1102500000000015 -2.546510000000001 0.6498500000000003
vertex -6.109000000000003 -2.774880000000001 0.6498500000000003
vertex -6.169270000000003 -2.550200000000001 0.6498500000000003
endloop
endfacet
facet normal 0 0 -0.9999999999999999
outer loop
vertex -4.1102500000000015 -2.546510000000001 0.6498500000000003
vertex -6.169270000000003 -2.550200000000001 0.6498500000000003
vertex -6.169270000000003 -2.1000200000000007 0.6498500000000003
endloop
endfacet
facet normal 0 0 -1
outer loop
vertex -4.1102500000000015 -2.546510000000001 0.6498500000000003
vertex -6.169270000000003 -2.1000200000000007 0.6498500000000003
vertex -5.269320000000002 -2.1000200000000007 0.6498500000000003
endloop
endfacet
facet normal 0 0 -1
outer loop
vertex 0.6580500000000002 -2.493620000000001 0.6498500000000003
vertex 0.20828000000000008 -2.1000200000000007 0.6498500000000003
vertex 1.1082300000000005 -2.1000200000000007 0.6498500000000003
endloop
endfacet
facet normal 0 0 -1
outer loop
vertex 0.6580500000000002 -2.493620000000001 0.6498500000000003
vertex 1.1082300000000005 -2.1000200000000007 0.6498500000000003
vertex 2.358320000000001 -2.1000200000000007 0.6498500000000003
endloop
endfacet
facet normal 0 0 -1
outer loop
vertex 0.6580500000000002 -2.493620000000001 0.6498500000000003
vertex 2.358320000000001 -2.1000200000000007 0.6498500000000003
vertex 2.583000000000001 -2.1602900000000007 0.6498500000000003
endloop
endfacet
facet normal 0 0 -0.9999999999999999
outer loop
vertex 0.6580500000000002 -2.493620000000001 0.6498500000000003
vertex 2.583000000000001 -2.1602900000000007 0.6498500000000003
vertex 2.747820000000001 -2.325110000000001 0.6498500000000003
endloop
endfacet
facet normal 0 0 -0.9999999999999999
outer loop
vertex 0.6580500000000002 -2.493620000000001 0.6498500000000003
vertex 2.747820000000001 -2.325110000000001 0.6498500000000003
vertex 2.808090000000001 -2.550200000000001 0.6498500000000003
endloop
endfacet
facet normal 0 0 -1
outer loop
vertex 0.6580500000000002 -2.493620000000001 0.6498500000000003
vertex 2.808090000000001 -2.550200000000001 0.6498500000000003
vertex 2.747820000000001 -2.774880000000001 0.6498500000000003
endloop
endfacet
facet normal 0 0 -1
outer loop
vertex 0.6580500000000002 -2.493620000000001 0.6498500000000003
vertex 2.747820000000001 -2.774880000000001 0.6498500000000003
vertex 2.583000000000001 -2.939700000000001 0.6498500000000003
endloop
endfacet
facet normal 0 0 -1
outer loop
vertex 0.6580500000000002 -2.493620000000001 0.6498500000000003
vertex 2.583000000000001 -2.939700000000001 0.6498500000000003
vertex 2.358320000000001 -2.999970000000001 0.6498500000000003
endloop
endfacet
facet normal 0 0 -1
outer loop
vertex 0.6580500000000002 -2.493620000000001 0.6498500000000003
vertex 2.358320000000001 -2.999970000000001 0.6498500000000003
vertex -1.0418100000000003 -2.999970000000001 0.6498500000000003
endloop
endfacet
facet normal 0 0 -0.9999999999999999
outer loop
vertex 0.6580500000000002 -2.493620000000001 0.6498500000000003
vertex -1.0418100000000003 -2.999970000000001 0.6498500000000003
vertex -1.2669000000000006 -2.939700000000001 0.6498500000000003
endloop
endfacet
facet normal 0 0 -1
outer loop
vertex 0.6580500000000002 -2.493620000000001 0.6498500000000003
vertex -1.2669000000000006 -2.939700000000001 0.6498500000000003
vertex -1.4317200000000005 -2.774880000000001 0.6498500000000003
endloop
endfacet
facet normal 0 0 -1
outer loop
vertex 0.6580500000000002 -2.493620000000001 0.6498500000000003
vertex -1.4317200000000005 -2.774880000000001 0.6498500000000003
vertex -1.4919900000000006 -2.550200000000001 0.6498500000000003
endloop
endfacet
facet normal 0 0 -0.9999999999999999
outer loop
vertex 0.6580500000000002 -2.493620000000001 0.6498500000000003
vertex -1.4919900000000006 -2.550200000000001 0.6498500000000003
vertex -1.4317200000000005 -2.325110000000001 0.6498500000000003
endloop
endfacet
facet normal 0 0 -0.9999999999999999
outer loop
vertex 0.6580500000000002 -2.493620000000001 0.6498500000000003
vertex -1.4317200000000005 -2.325110000000001 0.6498500000000003
vertex -1.2669000000000006 -2.1602900000000007 0.6498500000000003
endloop
endfacet
facet normal 0 0 -1
outer loop
vertex 0.6580500000000002 -2.493620000000001 0.6498500000000003
vertex -1.2669000000000006 -2.1602900000000007 0.6498500000000003
vertex -1.0418100000000003 -2.1000200000000007 0.6498500000000003
endloop
endfacet
facet normal 0 0 -0.9999999999999999
outer loop
vertex 0.6580500000000002 -2.493620000000001 0.6498500000000003
vertex -1.0418100000000003 -2.1000200000000007 0.6498500000000003
vertex 0.20828000000000008 -2.1000200000000007 0.6498500000000003
endloop
endfacet
facet normal 0 0 -1
outer loop
vertex 3.8056200000000016 0 0.6498500000000003
vertex 4.030710000000002 2.939700000000001 0.6498500000000003
vertex 4.195120000000002 2.774880000000001 0.6498500000000003
endloop
endfacet
facet normal 0 0 -1
outer loop
vertex 3.8056200000000016 0 0.6498500000000003
vertex 4.195120000000002 2.774880000000001 0.6498500000000003
vertex 4.255390000000002 2.550200000000001 0.6498500000000003
endloop
endfacet
facet normal 0 0 -1
outer loop
vertex 3.8056200000000016 0 0.6498500000000003
vertex 4.255390000000002 2.550200000000001 0.6498500000000003
vertex 4.255390000000002 -2.550200000000001 0.6498500000000003
endloop
endfacet
facet normal 0 0 -1
outer loop
vertex 3.8056200000000016 0 0.6498500000000003
vertex 4.255390000000002 -2.550200000000001 0.6498500000000003
vertex 4.195120000000002 -2.774880000000001 0.6498500000000003
endloop
endfacet
facet normal 0 0 -1
outer loop
vertex 3.8056200000000016 0 0.6498500000000003
vertex 4.195120000000002 -2.774880000000001 0.6498500000000003
vertex 4.030710000000002 -2.939700000000001 0.6498500000000003
endloop
endfacet
facet normal 0 0 -1
outer loop
vertex 3.8056200000000016 0 0.6498500000000003
vertex 4.030710000000002 -2.939700000000001 0.6498500000000003
vertex 3.8056200000000016 -2.999970000000001 0.6498500000000003
endloop
endfacet
facet normal 0 0 -1
outer loop
vertex 3.8056200000000016 0 0.6498500000000003
vertex 3.8056200000000016 -2.999970000000001 0.6498500000000003
vertex 3.5805300000000013 -2.939700000000001 0.6498500000000003
endloop
endfacet
facet normal 0 0 -1
outer loop
vertex 3.8056200000000016 0 0.6498500000000003
vertex 3.5805300000000013 -2.939700000000001 0.6498500000000003
vertex 3.415710000000001 -2.774880000000001 0.6498500000000003
endloop
endfacet
facet normal 0 0 -1
outer loop
vertex 3.8056200000000016 0 0.6498500000000003
vertex 3.415710000000001 -2.774880000000001 0.6498500000000003
vertex 3.355440000000001 -2.550200000000001 0.6498500000000003
endloop
endfacet
facet normal 0 0 -1
outer loop
vertex 3.8056200000000016 0 0.6498500000000003
vertex 3.355440000000001 -2.550200000000001 0.6498500000000003
vertex 3.355440000000001 2.550200000000001 0.6498500000000003
endloop
endfacet
facet normal 0 0 -1
outer loop
vertex 3.8056200000000016 0 0.6498500000000003
vertex 3.355440000000001 2.550200000000001 0.6498500000000003
vertex 3.415710000000001 2.774880000000001 0.6498500000000003
endloop
endfacet
facet normal 0 0 -1
outer loop
vertex 3.8056200000000016 0 0.6498500000000003
vertex 3.415710000000001 2.774880000000001 0.6498500000000003
vertex 3.5805300000000013 2.939700000000001 0.6498500000000003
endloop
endfacet
facet normal 0 0 -1
outer loop
vertex 3.8056200000000016 0 0.6498500000000003
vertex 3.5805300000000013 2.939700000000001 0.6498500000000003
vertex 3.8056200000000016 2.999970000000001 0.6498500000000003
endloop
endfacet
facet normal 0 0 -1
outer loop
vertex 3.8056200000000016 0 0.6498500000000003
vertex 3.8056200000000016 2.999970000000001 0.6498500000000003
vertex 4.030710000000002 2.939700000000001 0.6498500000000003
endloop
endfacet
facet normal 0 0 -1
outer loop
vertex 5.900310000000002 -2.990540000000001 0.6498500000000003
vertex 5.865050000000002 -2.999970000000001 0.6498500000000003
vertex 5.829790000000002 -2.990540000000001 0.6498500000000003
endloop
endfacet
facet normal 0 0 -1
outer loop
vertex 9.785880000000004 -2.990540000000001 0.6498500000000003
vertex 9.750620000000003 -2.999970000000001 0.6498500000000003
vertex 9.715360000000004 -2.990540000000001 0.6498500000000003
endloop
endfacet
facet normal 0 0 -1
outer loop
vertex 13.790350000000005 -2.562500000000001 0.6498500000000003
vertex 12.493110000000005 -2.1000200000000007 0.6498500000000003
vertex 15.200340000000006 -2.1000200000000007 0.6498500000000003
endloop
endfacet
facet normal 0 0 -0.9999999999999999
outer loop
vertex 13.790350000000005 -2.562500000000001 0.6498500000000003
vertex 15.200340000000006 -2.1000200000000007 0.6498500000000003
vertex 15.425430000000006 -2.1602900000000007 0.6498500000000003
endloop
endfacet
facet normal 0 0 -1
outer loop
vertex 13.790350000000005 -2.562500000000001 0.6498500000000003
vertex 15.425430000000006 -2.1602900000000007 0.6498500000000003
vertex 15.590250000000006 -2.325110000000001 0.6498500000000003
endloop
endfacet
facet normal 0 0 -0.9999999999999999
outer loop
vertex 13.790350000000005 -2.562500000000001 0.6498500000000003
vertex 15.590250000000006 -2.325110000000001 0.6498500000000003
vertex 15.650520000000006 -2.550200000000001 0.6498500000000003
endloop
endfacet
facet normal 0 0 -1
outer loop
vertex 13.790350000000005 -2.562500000000001 0.6498500000000003
vertex 15.650520000000006 -2.550200000000001 0.6498500000000003
vertex 15.590250000000006 -2.774880000000001 0.6498500000000003
endloop
endfacet
facet normal 0 0 -1
outer loop
vertex 13.790350000000005 -2.562500000000001 0.6498500000000003
vertex 15.590250000000006 -2.774880000000001 0.6498500000000003
vertex 15.425430000000006 -2.939700000000001 0.6498500000000003
endloop
endfacet
facet normal 0 0 -0.9999999999999999
outer loop
vertex 13.790350000000005 -2.562500000000001 0.6498500000000003
vertex 15.425430000000006 -2.939700000000001 0.6498500000000003
vertex 15.200340000000006 -2.999970000000001 0.6498500000000003
endloop
endfacet
facet normal 0 0 -1
outer loop
vertex 13.790350000000005 -2.562500000000001 0.6498500000000003
vertex 15.200340000000006 -2.999970000000001 0.6498500000000003
vertex 12.043340000000004 -2.999970000000001 0.6498500000000003
endloop
endfacet
facet normal 0 0 -1
outer loop
vertex 13.790350000000005 -2.562500000000001 0.6498500000000003
vertex 12.043340000000004 -2.999970000000001 0.6498500000000003
vertex 11.818250000000004 -2.939700000000001 0.6498500000000003
endloop
endfacet
facet normal 0 0 -1
outer loop
vertex 13.790350000000005 -2.562500000000001 0.6498500000000003
vertex 11.818250000000004 -2.939700000000001 0.6498500000000003
vertex 11.653430000000004 -2.774880000000001 0.6498500000000003
endloop
endfacet
facet normal 0 0 -1
outer loop
vertex 13.790350000000005 -2.562500000000001 0.6498500000000003
vertex 11.653430000000004 -2.774880000000001 0.6498500000000003
vertex 11.593160000000005 -2.550200000000001 0.6498500000000003
endloop
endfacet
facet normal 0 0 -1
outer loop
vertex 13.790350000000005 -2.562500000000001 0.6498500000000003
vertex 11.593160000000005 -2.550200000000001 0.6498500000000003
vertex 11.593160000000005 -2.1000200000000007 0.6498500000000003
endloop
endfacet
facet normal 0 0 -1
outer loop
vertex 13.790350000000005 -2.562500000000001 0.6498500000000003
vertex 11.593160000000005 -2.1000200000000007 0.6498500000000003
vertex 12.493110000000005 -2.1000200000000007 0.6498500000000003
endloop
endfacet
facet normal 0.9658535953212428 0.25908846443836303 0
outer loop
vertex -6.109000000000003 -2.774880000000001 0.6498500000000003
vertex -6.109000000000003 -2.774880000000001 0
vertex -6.169270000000003 -2.550200000000001 0
endloop
endfacet
facet normal 0.9658535953212428 0.25908846443836303 0
outer loop
vertex -6.109000000000003 -2.774880000000001 0.6498500000000003
vertex -6.169270000000003 -2.550200000000001 0
vertex -6.169270000000003 -2.550200000000001 0.6498500000000003
endloop
endfacet
facet normal 0.9658535953212428 -0.25908846443836303 0
outer loop
vertex -6.169270000000003 2.550200000000001 0.6498500000000003
vertex -6.169270000000003 2.550200000000001 0
vertex -6.109000000000003 2.774880000000001 0
endloop
endfacet
facet normal 0.9658535953212428 -0.25908846443836303 0
outer loop
vertex -6.169270000000003 2.550200000000001 0.6498500000000003
vertex -6.109000000000003 2.774880000000001 0
vertex -6.109000000000003 2.774880000000001 0.6498500000000003
endloop
endfacet
facet normal 0.7071067811865455 -0.7071067811865495 0
outer loop
vertex -6.031100000000002 2.852780000000001 0.2599400000000001
vertex -6.109000000000003 2.774880000000001 0.6498500000000003
vertex -6.109000000000003 2.774880000000001 0
endloop
endfacet
facet normal 0.7071067811865449 -0.7071067811865502 3.896461725861805e-16
outer loop
vertex -6.031100000000002 2.852780000000001 0.2599400000000001
vertex -6.109000000000003 2.774880000000001 0
vertex -6.049960000000002 2.833920000000001 0
endloop
endfacet
facet normal 0.7071067811865476 -0.7071067811865476 0
outer loop
vertex -6.031100000000002 2.852780000000001 0.2599400000000001
vertex -6.049960000000002 2.833920000000001 0
vertex -5.944180000000002 2.939700000000001 0
endloop
endfacet
facet normal 0.7071067811865476 -0.7071067811865476 0
outer loop
vertex -6.031100000000002 2.852780000000001 0.2599400000000001
vertex -5.944180000000002 2.939700000000001 0
vertex -5.944180000000002 2.939700000000001 0.6498500000000003
endloop
endfacet
facet normal 0.7071067811865465 -0.7071067811865485 4.1991719173466716e-16
outer loop
vertex -6.031100000000002 2.852780000000001 0.2599400000000001
vertex -5.944180000000002 2.939700000000001 0.6498500000000003
vertex -6.109000000000003 2.774880000000001 0.6498500000000003
endloop
endfacet
facet normal 0.2586481347709805 -0.9659716053691705 0
outer loop
vertex -5.944180000000002 2.939700000000001 0.6498500000000003
vertex -5.944180000000002 2.939700000000001 0
vertex -5.719090000000002 2.999970000000001 0
endloop
endfacet
facet normal 0.2586481347709805 -0.9659716053691705 0
outer loop
vertex -5.944180000000002 2.939700000000001 0.6498500000000003
vertex -5.719090000000002 2.999970000000001 0
vertex -5.719090000000002 2.999970000000001 0.6498500000000003
endloop
endfacet
facet normal -0.25908846443836253 -0.9658535953212429 0
outer loop
vertex -5.719090000000002 2.999970000000001 0.6498500000000003
vertex -5.719090000000002 2.999970000000001 0
vertex -5.494410000000002 2.939700000000001 0
endloop
endfacet
facet normal -0.25908846443836253 -0.9658535953212429 0
outer loop
vertex -5.719090000000002 2.999970000000001 0.6498500000000003
vertex -5.494410000000002 2.939700000000001 0
vertex -5.494410000000002 2.939700000000001 0.6498500000000003
endloop
endfacet
facet normal -0.7071067811865485 -0.7071067811865466 0
outer loop
vertex -5.494410000000002 2.939700000000001 0.6498500000000003
vertex -5.494410000000002 2.939700000000001 0
vertex -5.329590000000002 2.774880000000001 0
endloop
endfacet
facet normal -0.7071067811865485 -0.7071067811865466 0
outer loop
vertex -5.494410000000002 2.939700000000001 0.6498500000000003
vertex -5.329590000000002 2.774880000000001 0
vertex -5.329590000000002 2.774880000000001 0.6498500000000003
endloop
endfacet
facet normal -0.9658535953212428 -0.25908846443836303 0
outer loop
vertex -5.329590000000002 2.774880000000001 0.6498500000000003
vertex -5.329590000000002 2.774880000000001 0
vertex -5.269320000000002 2.550200000000001 0
endloop
endfacet
facet normal -0.9658535953212428 -0.25908846443836303 0
outer loop
vertex -5.329590000000002 2.774880000000001 0.6498500000000003
vertex -5.269320000000002 2.550200000000001 0
vertex -5.269320000000002 2.550200000000001 0.6498500000000003
endloop
endfacet
facet normal 0.2586481347709805 0.9659716053691705 0
outer loop
vertex -5.719090000000002 -2.999970000000001 0.6498500000000003
vertex -5.719090000000002 -2.999970000000001 0
vertex -5.944180000000002 -2.939700000000001 0
endloop
endfacet
facet normal 0.2586481347709805 0.9659716053691705 0
outer loop
vertex -5.719090000000002 -2.999970000000001 0.6498500000000003
vertex -5.944180000000002 -2.939700000000001 0
vertex -5.944180000000002 -2.939700000000001 0.6498500000000003
endloop
endfacet
facet normal -1 0 0
outer loop
vertex -5.269320000000002 -0.32841000000000015 0.6498500000000003
vertex -5.269320000000002 -0.32841000000000015 0
vertex -5.269320000000002 -2.1000200000000007 0
endloop
endfacet
facet normal -1 0 0
outer loop
vertex -5.269320000000002 -0.32841000000000015 0.6498500000000003
vertex -5.269320000000002 -2.1000200000000007 0
vertex -5.269320000000002 -2.1000200000000007 0.6498500000000003
endloop
endfacet
facet normal -0.9999999999999999 0 0
outer loop
vertex -5.269320000000002 2.550200000000001 0.6498500000000003
vertex -5.269320000000002 2.550200000000001 0
vertex -5.269320000000002 0.5715400000000002 0
endloop
endfacet
facet normal -0.9999999999999999 0 0
outer loop
vertex -5.269320000000002 2.550200000000001 0.6498500000000003
vertex -5.269320000000002 0.5715400000000002 0
vertex -5.269320000000002 0.5715400000000002 0.6498500000000003
endloop
endfacet
facet normal 0.31601893527087366 -0.9487528827625575 0
outer loop
vertex -3.6067700000000014 -2.1000200000000007 0.6498500000000003
vertex -3.6067700000000014 -2.1000200000000007 0
vertex -3.047940000000001 -1.9138800000000007 0
endloop
endfacet
facet normal 0.31601893527087366 -0.9487528827625575 0
outer loop
vertex -3.6067700000000014 -2.1000200000000007 0.6498500000000003
vertex -3.047940000000001 -1.9138800000000007 0
vertex -3.047940000000001 -1.9138800000000007 0.6498500000000003
endloop
endfacet
facet normal 0.7071067811865482 -0.7071067811865468 0
outer loop
vertex -3.047940000000001 -1.9138800000000007 0.6498500000000003
vertex -3.047940000000001 -1.9138800000000007 0
vertex -2.931910000000001 -1.7978500000000006 0
endloop
endfacet
facet normal 0.7071067811865482 -0.7071067811865468 0
outer loop
vertex -3.047940000000001 -1.9138800000000007 0.6498500000000003
vertex -2.931910000000001 -1.7978500000000006 0
vertex -2.931910000000001 -1.7978500000000006 0.6498500000000003
endloop
endfacet
facet normal 0.8944271909999159 -0.4472135954999579 0
outer loop
vertex -2.931910000000001 -1.7978500000000006 0.6498500000000003
vertex -2.931910000000001 -1.7978500000000006 0
vertex -2.769140000000001 -1.4723100000000005 0
endloop
endfacet
facet normal 0.8944271909999159 -0.4472135954999579 0
outer loop
vertex -2.931910000000001 -1.7978500000000006 0.6498500000000003
vertex -2.769140000000001 -1.4723100000000005 0
vertex -2.769140000000001 -1.4723100000000005 0.6498500000000003
endloop
endfacet
facet normal 1 0 0
outer loop
vertex -2.769140000000001 -1.4723100000000005 0.6498500000000003
vertex -2.769140000000001 -1.4723100000000005 0
vertex -2.769140000000001 -0.9561200000000004 0
endloop
endfacet
facet normal 1 0 0
outer loop
vertex -2.769140000000001 -1.4723100000000005 0.6498500000000003
vertex -2.769140000000001 -0.9561200000000004 0
vertex -2.769140000000001 -0.9561200000000004 0.6498500000000003
endloop
endfacet
facet normal 0.31601893527087377 0.9487528827625575 0
outer loop
vertex -3.047940000000001 -0.5145500000000002 0.6498500000000003
vertex -3.047940000000001 -0.5145500000000002 0
vertex -3.6067700000000014 -0.32841000000000015 0
endloop
endfacet
facet normal 0.31601893527087377 0.9487528827625575 0
outer loop
vertex -3.047940000000001 -0.5145500000000002 0.6498500000000003
vertex -3.6067700000000014 -0.32841000000000015 0
vertex -3.6067700000000014 -0.32841000000000015 0.6498500000000003
endloop
endfacet
facet normal -0.162092808313168 -0.9867755172749021 0
outer loop
vertex -3.5333800000000015 0.5715400000000002 0.6498500000000003
vertex -3.5333800000000015 0.5715400000000002 0
vertex -3.391110000000001 0.5481700000000002 0
endloop
endfacet
facet normal -0.162092808313168 -0.9867755172749021 0
outer loop
vertex -3.5333800000000015 0.5715400000000002 0.6498500000000003
vertex -3.391110000000001 0.5481700000000002 0
vertex -3.391110000000001 0.5481700000000002 0.6498500000000003
endloop
endfacet
facet normal -0.31606759212194885 -0.9487366743255125 0
outer loop
vertex -3.391110000000001 0.5481700000000002 0.6498500000000003
vertex -3.391110000000001 0.5481700000000002 0
vertex -2.662540000000001 0.3054500000000001 0
endloop
endfacet
facet normal -0.31606759212194885 -0.9487366743255125 0
outer loop
vertex -3.391110000000001 0.5481700000000002 0.6498500000000003
vertex -2.662540000000001 0.3054500000000001 0
vertex -2.662540000000001 0.3054500000000001 0.6498500000000003
endloop
endfacet
facet normal -0.5255351012051396 -0.8507719185547344 0
outer loop
vertex -2.662540000000001 0.3054500000000001 0.6498500000000003
vertex -2.662540000000001 0.3054500000000001 0
vertex -2.486650000000001 0.19680000000000009 0
endloop
endfacet
facet normal -0.5255351012051396 -0.8507719185547344 0
outer loop
vertex -2.662540000000001 0.3054500000000001 0.6498500000000003
vertex -2.486650000000001 0.19680000000000009 0
vertex -2.486650000000001 0.19680000000000009 0.6498500000000003
endloop
endfacet
facet normal -0.8114267011021458 -0.5844541972973494 0
outer loop
vertex -2.2439300000000006 -0.045920000000000016 0.6498500000000003
vertex -2.2439300000000006 -0.045920000000000016 0
vertex -2.1594700000000007 -0.16318000000000007 0
endloop
endfacet
facet normal -0.8114267011021458 -0.5844541972973494 0
outer loop
vertex -2.2439300000000006 -0.045920000000000016 0.6498500000000003
vertex -2.1594700000000007 -0.16318000000000007 0
vertex -2.1594700000000007 -0.16318000000000007 0.6498500000000003
endloop
endfacet
facet normal -0.8944271909999159 -0.4472135954999579 0
outer loop
vertex -2.1594700000000007 -0.16318000000000007 0.6498500000000003
vertex -2.1594700000000007 -0.16318000000000007 0
vertex -1.9167500000000006 -0.6486200000000002 0
endloop
endfacet
facet normal -0.8944271909999159 -0.4472135954999579 0
outer loop
vertex -2.1594700000000007 -0.16318000000000007 0.6498500000000003
vertex -1.9167500000000006 -0.6486200000000002 0
vertex -1.9167500000000006 -0.6486200000000002 0.6498500000000003
endloop
endfacet
facet normal -0.9732088095556795 -0.22992305887669723 0
outer loop
vertex -1.9167500000000006 -0.6486200000000002 0.6498500000000003
vertex -1.9167500000000006 -0.6486200000000002 0
vertex -1.8691900000000008 -0.8499300000000003 0
endloop
endfacet
facet normal -0.9732088095556795 -0.22992305887669723 0
outer loop
vertex -1.9167500000000006 -0.6486200000000002 0.6498500000000003
vertex -1.8691900000000008 -0.8499300000000003 0
vertex -1.8691900000000008 -0.8499300000000003 0.6498500000000003
endloop
endfacet
facet normal -0.9732088095556793 0.22992305887669745 0
outer loop
vertex -1.8691900000000008 -1.5785000000000007 0.6498500000000003
vertex -1.8691900000000008 -1.5785000000000007 0
vertex -1.9167500000000006 -1.7798100000000006 0
endloop
endfacet
facet normal -0.9732088095556793 0.22992305887669745 0
outer loop
vertex -1.8691900000000008 -1.5785000000000007 0.6498500000000003
vertex -1.9167500000000006 -1.7798100000000006 0
vertex -1.9167500000000006 -1.7798100000000006 0.6498500000000003
endloop
endfacet
facet normal -0.8944269684813174 0.4472134842406593 -0.0007053840445434514
outer loop
vertex -2.0155600000000007 -1.9778400000000007 0.38991000000000015
vertex -1.9257700000000006 -1.7978500000000006 0.6498500000000003
vertex -1.9167500000000006 -1.7798100000000006 0.6498500000000003
endloop
endfacet
facet normal -0.894797400548843 0.44647240896950546 0
outer loop
vertex -2.0155600000000007 -1.9778400000000007 0.38991000000000015
vertex -1.9167500000000006 -1.7798100000000006 0.6498500000000003
vertex -1.9167500000000006 -1.7798100000000006 0
endloop
endfacet
facet normal -0.8945780889510113 0.4469115853662435 0.0002786291216633712
outer loop
vertex -2.0155600000000007 -1.9778400000000007 0.38991000000000015
vertex -1.9167500000000006 -1.7798100000000006 0
vertex -2.1594700000000007 -2.265660000000001 0
endloop
endfacet
facet normal -0.8944271909999161 0.44721359549995765 0
outer loop
vertex -2.0155600000000007 -1.9778400000000007 0.38991000000000015
vertex -2.1594700000000007 -2.265660000000001 0
vertex -2.1594700000000007 -2.265660000000001 0.6498500000000003
endloop
endfacet
facet normal -0.8945838587451186 0.4468999119059749 -0.0004340635040094925
outer loop
vertex -2.0155600000000007 -1.9778400000000007 0.38991000000000015
vertex -2.1594700000000007 -2.265660000000001 0.6498500000000003
vertex -1.9257700000000006 -1.7978500000000006 0.6498500000000003
endloop
endfacet
facet normal -0.8104542106293652 0.5858019908408749 0
outer loop
vertex -2.1594700000000007 -2.265660000000001 0.6498500000000003
vertex -2.1594700000000007 -2.265660000000001 0
vertex -2.2439300000000006 -2.382510000000001 0
endloop
endfacet
facet normal -0.8104542106293652 0.5858019908408749 0
outer loop
vertex -2.1594700000000007 -2.265660000000001 0.6498500000000003
vertex -2.2439300000000006 -2.382510000000001 0
vertex -2.2439300000000006 -2.382510000000001 0.6498500000000003
endloop
endfacet
facet normal -0.7071067811865476 0.7071067811865476 0
outer loop
vertex -2.374720000000001 -2.513300000000001 0.2599400000000001
vertex -2.2439300000000006 -2.382510000000001 0.6498500000000003
vertex -2.2439300000000006 -2.382510000000001 0
endloop
endfacet
facet normal -0.7071067811865475 0.7071067811865475 0
outer loop
vertex -2.374720000000001 -2.513300000000001 0.2599400000000001
vertex -2.2439300000000006 -2.382510000000001 0
vertex -2.411620000000001 -2.550200000000001 0
endloop
endfacet
facet normal -0.7071067811865476 0.7071067811865476 0
outer loop
vertex -2.374720000000001 -2.513300000000001 0.2599400000000001
vertex -2.411620000000001 -2.550200000000001 0
vertex -2.486650000000001 -2.625230000000001 0
endloop
endfacet
facet normal -0.7071067811865476 0.7071067811865476 0
outer loop
vertex -2.374720000000001 -2.513300000000001 0.2599400000000001
vertex -2.486650000000001 -2.625230000000001 0
vertex -2.486650000000001 -2.625230000000001 0.6498500000000003
endloop
endfacet
facet normal -0.7071067811865476 0.7071067811865476 0
outer loop
vertex -2.374720000000001 -2.513300000000001 0.2599400000000001
vertex -2.486650000000001 -2.625230000000001 0.6498500000000003
vertex -2.2439300000000006 -2.382510000000001 0.6498500000000003
endloop
endfacet
facet normal -0.5255351012051392 0.8507719185547348 0
outer loop
vertex -2.486650000000001 -2.625230000000001 0.6498500000000003
vertex -2.486650000000001 -2.625230000000001 0
vertex -2.662540000000001 -2.733880000000001 0
endloop
endfacet
facet normal -0.5255351012051392 0.8507719185547348 0
outer loop
vertex -2.486650000000001 -2.625230000000001 0.6498500000000003
vertex -2.662540000000001 -2.733880000000001 0
vertex -2.662540000000001 -2.733880000000001 0.6498500000000003
endloop
endfacet
facet normal -0.31654803268233617 0.9485764824224469 0
outer loop
vertex -2.662540000000001 -2.733880000000001 0.6498500000000003
vertex -2.662540000000001 -2.733880000000001 0
vertex -3.391110000000001 -2.9770100000000013 0
endloop
endfacet
facet normal -0.31654803268233617 0.9485764824224469 0
outer loop
vertex -2.662540000000001 -2.733880000000001 0.6498500000000003
vertex -3.391110000000001 -2.9770100000000013 0
vertex -3.391110000000001 -2.9770100000000013 0.6498500000000003
endloop
endfacet
facet normal -0.15932188649183734 0.9872266895119287 0
outer loop
vertex -3.391110000000001 -2.9770100000000013 0.6498500000000003
vertex -3.391110000000001 -2.9770100000000013 0
vertex -3.5333800000000015 -2.999970000000001 0
endloop
endfacet
facet normal -0.15932188649183734 0.9872266895119287 0
outer loop
vertex -3.391110000000001 -2.9770100000000013 0.6498500000000003
vertex -3.5333800000000015 -2.999970000000001 0
vertex -3.5333800000000015 -2.999970000000001 0.6498500000000003
endloop
endfacet
facet normal 0 1 0
outer loop
vertex -11.800620000000004 -2.999970000000001 0.6498500000000003
vertex -11.800620000000004 -2.999970000000001 0
vertex -15.200340000000006 -2.999970000000001 0
endloop
endfacet
facet normal 0 1 0
outer loop
vertex -11.800620000000004 -2.999970000000001 0.6498500000000003
vertex -15.200340000000006 -2.999970000000001 0
vertex -15.200340000000006 -2.999970000000001 0.6498500000000003
endloop
endfacet
facet normal 0 1 0
outer loop
vertex -3.5333800000000015 -2.999970000000001 0.6498500000000003
vertex -3.5333800000000015 -2.999970000000001 0
vertex -5.719090000000002 -2.999970000000001 0
endloop
endfacet
facet normal 0 1 0
outer loop
vertex -3.5333800000000015 -2.999970000000001 0.6498500000000003
vertex -5.719090000000002 -2.999970000000001 0
vertex -5.719090000000002 -2.999970000000001 0.6498500000000003
endloop
endfacet
facet normal 0 1 0
outer loop
vertex 2.358320000000001 -2.999970000000001 0.6498500000000003
vertex 2.358320000000001 -2.999970000000001 0
vertex -1.0418100000000003 -2.999970000000001 0
endloop
endfacet
facet normal 0 1 0
outer loop
vertex 2.358320000000001 -2.999970000000001 0.6498500000000003
vertex -1.0418100000000003 -2.999970000000001 0
vertex -1.0418100000000003 -2.999970000000001 0.6498500000000003
endloop
endfacet
facet normal 0 1 0
outer loop
vertex 15.200340000000006 -2.999970000000001 0.6498500000000003
vertex 15.200340000000006 -2.999970000000001 0
vertex 12.043340000000004 -2.999970000000001 0
endloop
endfacet
facet normal 0 1 0
outer loop
vertex 15.200340000000006 -2.999970000000001 0.6498500000000003
vertex 12.043340000000004 -2.999970000000001 0
vertex 12.043340000000004 -2.999970000000001 0.6498500000000003
endloop
endfacet
facet normal 0.9658535953212428 -0.25908846443836303 0
outer loop
vertex 0.20828000000000008 2.550200000000001 0.6498500000000003
vertex 0.20828000000000008 2.550200000000001 0
vertex 0.2685500000000001 2.774880000000001 0
endloop
endfacet
facet normal 0.9658535953212428 -0.25908846443836303 0
outer loop
vertex 0.20828000000000008 2.550200000000001 0.6498500000000003
vertex 0.2685500000000001 2.774880000000001 0
vertex 0.2685500000000001 2.774880000000001 0.6498500000000003
endloop
endfacet
facet normal 0.7079868134938253 -0.7062256522662281 0
outer loop
vertex 0.2685500000000001 2.774880000000001 0.6498500000000003
vertex 0.2685500000000001 2.774880000000001 0
vertex 0.4329600000000002 2.939700000000001 0
endloop
endfacet
facet normal 0.7079868134938253 -0.7062256522662281 0
outer loop
vertex 0.2685500000000001 2.774880000000001 0.6498500000000003
vertex 0.4329600000000002 2.939700000000001 0
vertex 0.4329600000000002 2.939700000000001 0.6498500000000003
endloop
endfacet
facet normal 0.2586481347709802 -0.9659716053691707 0
outer loop
vertex 0.4329600000000002 2.939700000000001 0.6498500000000003
vertex 0.4329600000000002 2.939700000000001 0
vertex 0.6580500000000002 2.999970000000001 0
endloop
endfacet
facet normal 0.2586481347709802 -0.9659716053691707 0
outer loop
vertex 0.4329600000000002 2.939700000000001 0.6498500000000003
vertex 0.6580500000000002 2.999970000000001 0
vertex 0.6580500000000002 2.999970000000001 0.6498500000000003
endloop
endfacet
facet normal -0.2586481347709802 -0.9659716053691707 0
outer loop
vertex 0.6580500000000002 2.999970000000001 0.6498500000000003
vertex 0.6580500000000002 2.999970000000001 0
vertex 0.8831400000000004 2.939700000000001 0
endloop
endfacet
facet normal -0.2586481347709802 -0.9659716053691707 0
outer loop
vertex 0.6580500000000002 2.999970000000001 0.6498500000000003
vertex 0.8831400000000004 2.939700000000001 0
vertex 0.8831400000000004 2.939700000000001 0.6498500000000003
endloop
endfacet
facet normal -0.7071067811865477 -0.7071067811865472 0
outer loop
vertex 0.8831400000000004 2.939700000000001 0.6498500000000003
vertex 0.8831400000000004 2.939700000000001 0
vertex 1.0479600000000004 2.774880000000001 0
endloop
endfacet
facet normal -0.7071067811865477 -0.7071067811865472 0
outer loop
vertex 0.8831400000000004 2.939700000000001 0.6498500000000003
vertex 1.0479600000000004 2.774880000000001 0
vertex 1.0479600000000004 2.774880000000001 0.6498500000000003
endloop
endfacet
facet normal -0.9658535953212428 -0.25908846443836303 0
outer loop
vertex 1.0479600000000004 2.774880000000001 0.6498500000000003
vertex 1.0479600000000004 2.774880000000001 0
vertex 1.1082300000000005 2.550200000000001 0
endloop
endfacet
facet normal -0.9658535953212428 -0.25908846443836303 0
outer loop
vertex 1.0479600000000004 2.774880000000001 0.6498500000000003
vertex 1.1082300000000005 2.550200000000001 0
vertex 1.1082300000000005 2.550200000000001 0.6498500000000003
endloop
endfacet
facet normal 0 -1 0
outer loop
vertex 12.493110000000005 -2.1000200000000007 0.6498500000000003
vertex 12.493110000000005 -2.1000200000000007 0
vertex 15.200340000000006 -2.1000200000000007 0
endloop
endfacet
facet normal 0 -1 0
outer loop
vertex 12.493110000000005 -2.1000200000000007 0.6498500000000003
vertex 15.200340000000006 -2.1000200000000007 0
vertex 15.200340000000006 -2.1000200000000007 0.6498500000000003
endloop
endfacet
facet normal 0 -1 0
outer loop
vertex 1.1082300000000005 -2.1000200000000007 0.6498500000000003
vertex 1.1082300000000005 -2.1000200000000007 0
vertex 2.358320000000001 -2.1000200000000007 0
endloop
endfacet
facet normal 0 -1 0
outer loop
vertex 1.1082300000000005 -2.1000200000000007 0.6498500000000003
vertex 2.358320000000001 -2.1000200000000007 0
vertex 2.358320000000001 -2.1000200000000007 0.6498500000000003
endloop
endfacet
facet normal 0 -1 0
outer loop
vertex -1.0418100000000003 -2.1000200000000007 0.6498500000000003
vertex -1.0418100000000003 -2.1000200000000007 0
vertex 0.20828000000000008 -2.1000200000000007 0
endloop
endfacet
facet normal 0 -1 0
outer loop
vertex -1.0418100000000003 -2.1000200000000007 0.6498500000000003
vertex 0.20828000000000008 -2.1000200000000007 0
vertex 0.20828000000000008 -2.1000200000000007 0.6498500000000003
endloop
endfacet
facet normal 0 -1 0
outer loop
vertex -5.269320000000002 -2.1000200000000007 0.6498500000000003
vertex -5.269320000000002 -2.1000200000000007 0
vertex -3.6067700000000014 -2.1000200000000007 0
endloop
endfacet
facet normal 0 -1 0
outer loop
vertex -5.269320000000002 -2.1000200000000007 0.6498500000000003
vertex -3.6067700000000014 -2.1000200000000007 0
vertex -3.6067700000000014 -2.1000200000000007 0.6498500000000003
endloop
endfacet
facet normal 0 -1 0
outer loop
vertex -13.050300000000005 -2.1000200000000007 0.6498500000000003
vertex -13.050300000000005 -2.1000200000000007 0
vertex -11.800620000000004 -2.1000200000000007 0
endloop
endfacet
facet normal 0 -1 0
outer loop
vertex -13.050300000000005 -2.1000200000000007 0.6498500000000003
vertex -11.800620000000004 -2.1000200000000007 0
vertex -11.800620000000004 -2.1000200000000007 0.6498500000000003
endloop
endfacet
facet normal 0 -0.9999999999999999 0
outer loop
vertex -15.200340000000006 -2.1000200000000007 0.6498500000000003
vertex -15.200340000000006 -2.1000200000000007 0
vertex -13.950250000000006 -2.1000200000000007 0
endloop
endfacet
facet normal 0 -0.9999999999999999 0
outer loop
vertex -15.200340000000006 -2.1000200000000007 0.6498500000000003
vertex -13.950250000000006 -2.1000200000000007 0
vertex -13.950250000000006 -2.1000200000000007 0.6498500000000003
endloop
endfacet
facet normal 0.25864813477098003 -0.9659716053691708 0
outer loop
vertex -1.2669000000000006 -2.1602900000000007 0.6498500000000003
vertex -1.2669000000000006 -2.1602900000000007 0
vertex -1.0418100000000003 -2.1000200000000007 0
endloop
endfacet
facet normal 0.25864813477098003 -0.9659716053691708 0
outer loop
vertex -1.2669000000000006 -2.1602900000000007 0.6498500000000003
vertex -1.0418100000000003 -2.1000200000000007 0
vertex -1.0418100000000003 -2.1000200000000007 0.6498500000000003
endloop
endfacet
facet normal -0.25908846443836253 -0.9658535953212429 0
outer loop
vertex 2.358320000000001 -2.1000200000000007 0.6498500000000003
vertex 2.358320000000001 -2.1000200000000007 0
vertex 2.583000000000001 -2.1602900000000007 0
endloop
endfacet
facet normal -0.25908846443836253 -0.9658535953212429 0
outer loop
vertex 2.358320000000001 -2.1000200000000007 0.6498500000000003
vertex 2.583000000000001 -2.1602900000000007 0
vertex 2.583000000000001 -2.1602900000000007 0.6498500000000003
endloop
endfacet
facet normal -0.7071067811865485 -0.7071067811865466 0
outer loop
vertex 2.583000000000001 -2.1602900000000007 0.6498500000000003
vertex 2.583000000000001 -2.1602900000000007 0
vertex 2.747820000000001 -2.325110000000001 0
endloop
endfacet
facet normal -0.7071067811865485 -0.7071067811865466 0
outer loop
vertex 2.583000000000001 -2.1602900000000007 0.6498500000000003
vertex 2.747820000000001 -2.325110000000001 0
vertex 2.747820000000001 -2.325110000000001 0.6498500000000003
endloop
endfacet
facet normal -0.9659716053691708 -0.25864813477098003 0
outer loop
vertex 2.747820000000001 -2.325110000000001 0.6498500000000003
vertex 2.747820000000001 -2.325110000000001 0
vertex 2.808090000000001 -2.550200000000001 0
endloop
endfacet
facet normal -0.9659716053691708 -0.25864813477098003 0
outer loop
vertex 2.747820000000001 -2.325110000000001 0.6498500000000003
vertex 2.808090000000001 -2.550200000000001 0
vertex 2.808090000000001 -2.550200000000001 0.6498500000000003
endloop
endfacet
facet normal -0.9658535953212428 0.25908846443836303 0
outer loop
vertex 2.808090000000001 -2.550200000000001 0.6498500000000003
vertex 2.808090000000001 -2.550200000000001 0
vertex 2.747820000000001 -2.774880000000001 0
endloop
endfacet
facet normal -0.9658535953212428 0.25908846443836303 0
outer loop
vertex 2.808090000000001 -2.550200000000001 0.6498500000000003
vertex 2.747820000000001 -2.774880000000001 0
vertex 2.747820000000001 -2.774880000000001 0.6498500000000003
endloop
endfacet
facet normal -0.7071067811865485 0.7071067811865466 0
outer loop
vertex 2.747820000000001 -2.774880000000001 0.6498500000000003
vertex 2.747820000000001 -2.774880000000001 0
vertex 2.583000000000001 -2.939700000000001 0
endloop
endfacet
facet normal -0.7071067811865485 0.7071067811865466 0
outer loop
vertex 2.747820000000001 -2.774880000000001 0.6498500000000003
vertex 2.583000000000001 -2.939700000000001 0
vertex 2.583000000000001 -2.939700000000001 0.6498500000000003
endloop
endfacet
facet normal -0.25908846443836253 0.9658535953212429 0
outer loop
vertex 2.583000000000001 -2.939700000000001 0.6498500000000003
vertex 2.583000000000001 -2.939700000000001 0
vertex 2.358320000000001 -2.999970000000001 0
endloop
endfacet
facet normal -0.25908846443836253 0.9658535953212429 0
outer loop
vertex 2.583000000000001 -2.939700000000001 0.6498500000000003
vertex 2.358320000000001 -2.999970000000001 0
vertex 2.358320000000001 -2.999970000000001 0.6498500000000003
endloop
endfacet
facet normal 0.25864813477098003 0.9659716053691708 0
outer loop
vertex -1.0418100000000003 -2.999970000000001 0.6498500000000003
vertex -1.0418100000000003 -2.999970000000001 0
vertex -1.2669000000000006 -2.939700000000001 0
endloop
endfacet
facet normal 0.25864813477098003 0.9659716053691708 0
outer loop
vertex -1.0418100000000003 -2.999970000000001 0.6498500000000003
vertex -1.2669000000000006 -2.939700000000001 0
vertex -1.2669000000000006 -2.939700000000001 0.6498500000000003
endloop
endfacet
facet normal 0.7071067811865481 0.7071067811865471 0
outer loop
vertex -1.2669000000000006 -2.939700000000001 0.6498500000000003
vertex -1.2669000000000006 -2.939700000000001 0
vertex -1.4317200000000005 -2.774880000000001 0
endloop
endfacet
facet normal 0.7071067811865481 0.7071067811865471 0
outer loop
vertex -1.2669000000000006 -2.939700000000001 0.6498500000000003
vertex -1.4317200000000005 -2.774880000000001 0
vertex -1.4317200000000005 -2.774880000000001 0.6498500000000003
endloop
endfacet
facet normal 0.9658535953212428 0.25908846443836303 0
outer loop
vertex -1.4317200000000005 -2.774880000000001 0.6498500000000003
vertex -1.4317200000000005 -2.774880000000001 0
vertex -1.4919900000000006 -2.550200000000001 0
endloop
endfacet
facet normal 0.9658535953212428 0.25908846443836303 0
outer loop
vertex -1.4317200000000005 -2.774880000000001 0.6498500000000003
vertex -1.4919900000000006 -2.550200000000001 0
vertex -1.4919900000000006 -2.550200000000001 0.6498500000000003
endloop
endfacet
facet normal 0.9659716053691708 -0.25864813477098003 0
outer loop
vertex -1.4919900000000006 -2.550200000000001 0.6498500000000003
vertex -1.4919900000000006 -2.550200000000001 0
vertex -1.4317200000000005 -2.325110000000001 0
endloop
endfacet
facet normal 0.9659716053691708 -0.25864813477098003 0
outer loop
vertex -1.4919900000000006 -2.550200000000001 0.6498500000000003
vertex -1.4317200000000005 -2.325110000000001 0
vertex -1.4317200000000005 -2.325110000000001 0.6498500000000003
endloop
endfacet
facet normal 0.9658535953212428 0.25908846443836303 0
outer loop
vertex 3.415710000000001 -2.774880000000001 0.6498500000000003
vertex 3.415710000000001 -2.774880000000001 0
vertex 3.355440000000001 -2.550200000000001 0
endloop
endfacet
facet normal 0.9658535953212428 0.25908846443836303 0
outer loop
vertex 3.415710000000001 -2.774880000000001 0.6498500000000003
vertex 3.355440000000001 -2.550200000000001 0
vertex 3.355440000000001 -2.550200000000001 0.6498500000000003
endloop
endfacet
facet normal 0.9658535953212428 -0.25908846443836303 0
outer loop
vertex 3.355440000000001 2.550200000000001 0.6498500000000003
vertex 3.355440000000001 2.550200000000001 0
vertex 3.415710000000001 2.774880000000001 0
endloop
endfacet
facet normal 0.9658535953212428 -0.25908846443836303 0
outer loop
vertex 3.355440000000001 2.550200000000001 0.6498500000000003
vertex 3.415710000000001 2.774880000000001 0
vertex 3.415710000000001 2.774880000000001 0.6498500000000003
endloop
endfacet
facet normal 0.7071067811865475 -0.7071067811865475 0
outer loop
vertex 3.415710000000001 2.774880000000001 0.6498500000000003
vertex 3.415710000000001 2.774880000000001 0
vertex 3.5805300000000013 2.939700000000001 0
endloop
endfacet
facet normal 0.7071067811865475 -0.7071067811865475 0
outer loop
vertex 3.415710000000001 2.774880000000001 0.6498500000000003
vertex 3.5805300000000013 2.939700000000001 0
vertex 3.5805300000000013 2.939700000000001 0.6498500000000003
endloop
endfacet
facet normal 0.25864813477098003 -0.9659716053691708 0
outer loop
vertex 3.5805300000000013 2.939700000000001 0.6498500000000003
vertex 3.5805300000000013 2.939700000000001 0
vertex 3.8056200000000016 2.999970000000001 0
endloop
endfacet
facet normal 0.25864813477098003 -0.9659716053691708 0
outer loop
vertex 3.5805300000000013 2.939700000000001 0.6498500000000003
vertex 3.8056200000000016 2.999970000000001 0
vertex 3.8056200000000016 2.999970000000001 0.6498500000000003
endloop
endfacet
facet normal -0.25864813477098003 -0.9659716053691708 0
outer loop
vertex 3.8056200000000016 2.999970000000001 0.6498500000000003
vertex 3.8056200000000016 2.999970000000001 0
vertex 4.030710000000002 2.939700000000001 0
endloop
endfacet
facet normal -0.25864813477098003 -0.9659716053691708 0
outer loop
vertex 3.8056200000000016 2.999970000000001 0.6498500000000003
vertex 4.030710000000002 2.939700000000001 0
vertex 4.030710000000002 2.939700000000001 0.6498500000000003
endloop
endfacet
facet normal -0.7079868134938251 -0.7062256522662284 0
outer loop
vertex 4.030710000000002 2.939700000000001 0.6498500000000003
vertex 4.030710000000002 2.939700000000001 0
vertex 4.195120000000002 2.774880000000001 0
endloop
endfacet
facet normal -0.7079868134938251 -0.7062256522662284 0
outer loop
vertex 4.030710000000002 2.939700000000001 0.6498500000000003
vertex 4.195120000000002 2.774880000000001 0
vertex 4.195120000000002 2.774880000000001 0.6498500000000003
endloop
endfacet
facet normal -0.9658535953212428 -0.25908846443836303 0
outer loop
vertex 4.195120000000002 2.774880000000001 0.6498500000000003
vertex 4.195120000000002 2.774880000000001 0
vertex 4.255390000000002 2.550200000000001 0
endloop
endfacet
facet normal -0.9658535953212428 -0.25908846443836303 0
outer loop
vertex 4.195120000000002 2.774880000000001 0.6498500000000003
vertex 4.255390000000002 2.550200000000001 0
vertex 4.255390000000002 2.550200000000001 0.6498500000000003
endloop
endfacet
facet normal -0.7079868134938251 0.7062256522662284 0
outer loop
vertex 4.195120000000002 -2.774880000000001 0.6498500000000003
vertex 4.195120000000002 -2.774880000000001 0
vertex 4.030710000000002 -2.939700000000001 0
endloop
endfacet
facet normal -0.7079868134938251 0.7062256522662284 0
outer loop
vertex 4.195120000000002 -2.774880000000001 0.6498500000000003
vertex 4.030710000000002 -2.939700000000001 0
vertex 4.030710000000002 -2.939700000000001 0.6498500000000003
endloop
endfacet
facet normal -0.25864813477098003 0.9659716053691708 0
outer loop
vertex 4.030710000000002 -2.939700000000001 0.6498500000000003
vertex 4.030710000000002 -2.939700000000001 0
vertex 3.8056200000000016 -2.999970000000001 0
endloop
endfacet
facet normal -0.25864813477098003 0.9659716053691708 0
outer loop
vertex 4.030710000000002 -2.939700000000001 0.6498500000000003
vertex 3.8056200000000016 -2.999970000000001 0
vertex 3.8056200000000016 -2.999970000000001 0.6498500000000003
endloop
endfacet
facet normal 0.25864813477098003 0.9659716053691708 0
outer loop
vertex 3.8056200000000016 -2.999970000000001 0.6498500000000003
vertex 3.8056200000000016 -2.999970000000001 0
vertex 3.5805300000000013 -2.939700000000001 0
endloop
endfacet
facet normal 0.25864813477098003 0.9659716053691708 0
outer loop
vertex 3.8056200000000016 -2.999970000000001 0.6498500000000003
vertex 3.5805300000000013 -2.939700000000001 0
vertex 3.5805300000000013 -2.939700000000001 0.6498500000000003
endloop
endfacet
facet normal 0.7071067811865475 0.7071067811865475 0
outer loop
vertex 3.5805300000000013 -2.939700000000001 0.6498500000000003
vertex 3.5805300000000013 -2.939700000000001 0
vertex 3.415710000000001 -2.774880000000001 0
endloop
endfacet
facet normal 0.7071067811865475 0.7071067811865475 0
outer loop
vertex 3.5805300000000013 -2.939700000000001 0.6498500000000003
vertex 3.415710000000001 -2.774880000000001 0
vertex 3.415710000000001 -2.774880000000001 0.6498500000000003
endloop
endfacet
facet normal 0.7071067811865485 -0.7071067811865466 0
outer loop
vertex 5.475140000000002 2.774880000000001 0.6498500000000003
vertex 5.475140000000002 2.774880000000001 0
vertex 5.639960000000002 2.939700000000001 0
endloop
endfacet
facet normal 0.7071067811865485 -0.7071067811865466 0
outer loop
vertex 5.475140000000002 2.774880000000001 0.6498500000000003
vertex 5.639960000000002 2.939700000000001 0
vertex 5.639960000000002 2.939700000000001 0.6498500000000003
endloop
endfacet
facet normal 0.2586481347709805 -0.9659716053691705 0
outer loop
vertex 5.639960000000002 2.939700000000001 0.6498500000000003
vertex 5.639960000000002 2.939700000000001 0
vertex 5.865050000000002 2.999970000000001 0
endloop
endfacet
facet normal 0.2586481347709805 -0.9659716053691705 0
outer loop
vertex 5.639960000000002 2.939700000000001 0.6498500000000003
vertex 5.865050000000002 2.999970000000001 0
vertex 5.865050000000002 2.999970000000001 0.6498500000000003
endloop
endfacet
facet normal -0.25864813477097953 -0.9659716053691708 0
outer loop
vertex 5.865050000000002 2.999970000000001 0.6498500000000003
vertex 5.865050000000002 2.999970000000001 0
vertex 6.0901400000000026 2.939700000000001 0
endloop
endfacet
facet normal -0.25864813477097953 -0.9659716053691708 0
outer loop
vertex 5.865050000000002 2.999970000000001 0.6498500000000003
vertex 6.0901400000000026 2.939700000000001 0
vertex 6.0901400000000026 2.939700000000001 0.6498500000000003
endloop
endfacet
facet normal -0.7079868134938251 -0.7062256522662284 0
outer loop
vertex 6.0901400000000026 2.939700000000001 0.6498500000000003
vertex 6.0901400000000026 2.939700000000001 0
vertex 6.254550000000003 2.774880000000001 0
endloop
endfacet
facet normal -0.7079868134938251 -0.7062256522662284 0
outer loop
vertex 6.0901400000000026 2.939700000000001 0.6498500000000003
vertex 6.254550000000003 2.774880000000001 0
vertex 6.254550000000003 2.774880000000001 0.6498500000000003
endloop
endfacet
facet normal -0.9658535953212428 -0.25908846443836303 0
outer loop
vertex 6.254550000000003 2.774880000000001 0.6498500000000003
vertex 6.254550000000003 2.774880000000001 0
vertex 6.314820000000003 2.550200000000001 0
endloop
endfacet
facet normal -0.9658535953212428 -0.25908846443836303 0
outer loop
vertex 6.254550000000003 2.774880000000001 0.6498500000000003
vertex 6.314820000000003 2.550200000000001 0
vertex 6.314820000000003 2.550200000000001 0.6498500000000003
endloop
endfacet
facet normal 0.9652860442784943 0.2611950472753583 0
outer loop
vertex 5.424300000000002 -2.585050000000001 0.6498500000000003
vertex 5.424300000000002 -2.585050000000001 0
vertex 5.414870000000002 -2.550200000000001 0
endloop
endfacet
facet normal 0.9652860442784943 0.2611950472753583 0
outer loop
vertex 5.424300000000002 -2.585050000000001 0.6498500000000003
vertex 5.414870000000002 -2.550200000000001 0
vertex 5.414870000000002 -2.550200000000001 0.6498500000000003
endloop
endfacet
facet normal 0.9664851269264939 0.25672261183985895 0
outer loop
vertex 5.475140000000002 -2.774880000000001 0.6498500000000003
vertex 5.475140000000002 -2.774880000000001 0
vertex 5.454230000000002 -2.6961600000000012 0
endloop
endfacet
facet normal 0.9664851269264939 0.25672261183985895 0
outer loop
vertex 5.475140000000002 -2.774880000000001 0.6498500000000003
vertex 5.454230000000002 -2.6961600000000012 0
vertex 5.454230000000002 -2.6961600000000012 0.6498500000000003
endloop
endfacet
facet normal -0.9660482448389761 0.2583617398987968 0
outer loop
vertex 6.263980000000003 -2.739620000000001 0.6498500000000003
vertex 6.263980000000003 -2.739620000000001 0
vertex 6.254550000000003 -2.774880000000001 0
endloop
endfacet
facet normal -0.9660482448389761 0.2583617398987968 0
outer loop
vertex 6.263980000000003 -2.739620000000001 0.6498500000000003
vertex 6.254550000000003 -2.774880000000001 0
vertex 6.254550000000003 -2.774880000000001 0.6498500000000003
endloop
endfacet
facet normal -0.7071067811865476 0.7071067811865476 0
outer loop
vertex 6.115970000000003 -2.913870000000001 0.6498500000000003
vertex 6.115970000000003 -2.913870000000001 0
vertex 6.0901400000000026 -2.939700000000001 0
endloop
endfacet
facet normal -0.7071067811865476 0.7071067811865476 0
outer loop
vertex 6.115970000000003 -2.913870000000001 0.6498500000000003
vertex 6.0901400000000026 -2.939700000000001 0
vertex 6.0901400000000026 -2.939700000000001 0.6498500000000003
endloop
endfacet
facet normal -0.7071067811865476 0.7071067811865476 0
outer loop
vertex 6.226260000000003 -2.803170000000001 0.38991000000000015
vertex 6.228720000000003 -2.800710000000001 0.6498500000000003
vertex 6.254550000000003 -2.774880000000001 0.6498500000000003
endloop
endfacet
facet normal -0.7071067811865475 0.7071067811865475 0
outer loop
vertex 6.226260000000003 -2.803170000000001 0.38991000000000015
vertex 6.254550000000003 -2.774880000000001 0.6498500000000003
vertex 6.254550000000003 -2.774880000000001 0
endloop
endfacet
facet normal -0.7071067811865448 0.7071067811865502 3.945353498744933e-16
outer loop
vertex 6.226260000000003 -2.803170000000001 0.38991000000000015
vertex 6.254550000000003 -2.774880000000001 0
vertex 6.196740000000002 -2.8326900000000013 0
endloop
endfacet
facet normal -0.7071067811865422 0.7071067811865529 0
outer loop
vertex 6.226260000000003 -2.803170000000001 0.38991000000000015
vertex 6.196740000000002 -2.8326900000000013 0
vertex 6.196740000000002 -2.8326900000000013 0.6498500000000003
endloop
endfacet
facet normal -0.7071067811865426 0.7071067811865526 -9.22239461742426e-17
outer loop
vertex 6.226260000000003 -2.803170000000001 0.38991000000000015
vertex 6.196740000000002 -2.8326900000000013 0.6498500000000003
vertex 6.228720000000003 -2.800710000000001 0.6498500000000003
endloop
endfacet
facet normal -0.2583617398987968 0.9660482448389761 0
outer loop
vertex 5.900310000000002 -2.990540000000001 0.6498500000000003
vertex 5.900310000000002 -2.990540000000001 0
vertex 5.865050000000002 -2.999970000000001 0
endloop
endfacet
facet normal -0.2583617398987968 0.9660482448389761 0
outer loop
vertex 5.900310000000002 -2.990540000000001 0.6498500000000003
vertex 5.865050000000002 -2.999970000000001 0
vertex 5.865050000000002 -2.999970000000001 0.6498500000000003
endloop
endfacet
facet normal -0.26015288474288184 0.9655674376033798 0
outer loop
vertex 6.0901400000000026 -2.939700000000001 0.6498500000000003
vertex 6.0901400000000026 -2.939700000000001 0
vertex 6.011010000000002 -2.9610200000000013 0
endloop
endfacet
facet normal -0.26015288474288184 0.9655674376033798 0
outer loop
vertex 6.0901400000000026 -2.939700000000001 0.6498500000000003
vertex 6.011010000000002 -2.9610200000000013 0
vertex 6.011010000000002 -2.9610200000000013 0.6498500000000003
endloop
endfacet
facet normal 0.2583617398987968 0.9660482448389761 0
outer loop
vertex 5.675220000000002 -2.949130000000001 0.6498500000000003
vertex 5.675220000000002 -2.949130000000001 0
vertex 5.639960000000002 -2.939700000000001 0
endloop
endfacet
facet normal 0.2583617398987968 0.9660482448389761 0
outer loop
vertex 5.675220000000002 -2.949130000000001 0.6498500000000003
vertex 5.639960000000002 -2.939700000000001 0
vertex 5.639960000000002 -2.939700000000001 0.6498500000000003
endloop
endfacet
facet normal 0.26015288474288184 0.9655674376033798 0
outer loop
vertex 5.865050000000002 -2.999970000000001 0.6498500000000003
vertex 5.865050000000002 -2.999970000000001 0
vertex 5.785920000000002 -2.978650000000001 0
endloop
endfacet
facet normal 0.26015288474288184 0.9655674376033798 0
outer loop
vertex 5.865050000000002 -2.999970000000001 0.6498500000000003
vertex 5.785920000000002 -2.978650000000001 0
vertex 5.785920000000002 -2.978650000000001 0.6498500000000003
endloop
endfacet
facet normal 0.7071067811865476 0.7071067811865476 0
outer loop
vertex 5.500970000000002 -2.800710000000001 0.6498500000000003
vertex 5.500970000000002 -2.800710000000001 0
vertex 5.475140000000002 -2.774880000000001 0
endloop
endfacet
facet normal 0.7071067811865476 0.7071067811865476 0
outer loop
vertex 5.500970000000002 -2.800710000000001 0.6498500000000003
vertex 5.475140000000002 -2.774880000000001 0
vertex 5.475140000000002 -2.774880000000001 0.6498500000000003
endloop
endfacet
facet normal 0.7071067811865476 0.7071067811865476 0
outer loop
vertex 5.611670000000002 -2.911410000000001 0.38991000000000015
vertex 5.614130000000002 -2.913870000000001 0.6498500000000003
vertex 5.639960000000002 -2.939700000000001 0.6498500000000003
endloop
endfacet
facet normal 0.7071067811865475 0.7071067811865475 0
outer loop
vertex 5.611670000000002 -2.911410000000001 0.38991000000000015
vertex 5.639960000000002 -2.939700000000001 0.6498500000000003
vertex 5.639960000000002 -2.939700000000001 0
endloop
endfacet
facet normal 0.7071067811865476 0.7071067811865476 0
outer loop
vertex 5.611670000000002 -2.911410000000001 0.38991000000000015
vertex 5.639960000000002 -2.939700000000001 0
vertex 5.582150000000002 -2.881890000000001 0
endloop
endfacet
facet normal 0.7071067811865476 0.7071067811865476 0
outer loop
vertex 5.611670000000002 -2.911410000000001 0.38991000000000015
vertex 5.582150000000002 -2.881890000000001 0
vertex 5.582150000000002 -2.881890000000001 0.6498500000000003
endloop
endfacet
facet normal 0.7071067811865475 0.7071067811865475 0
outer loop
vertex 5.611670000000002 -2.911410000000001 0.38991000000000015
vertex 5.582150000000002 -2.881890000000001 0.6498500000000003
vertex 5.614130000000002 -2.913870000000001 0.6498500000000003
endloop
endfacet
facet normal 0.9949258920227889 -0.10061048346299689 0
outer loop
vertex 5.420610000000002 -2.621540000000001 0.6498500000000003
vertex 5.420610000000002 -2.621540000000001 0
vertex 5.424300000000002 -2.585050000000001 0
endloop
endfacet
facet normal 0.9949258920227889 -0.10061048346299689 0
outer loop
vertex 5.420610000000002 -2.621540000000001 0.6498500000000003
vertex 5.424300000000002 -2.585050000000001 0
vertex 5.424300000000002 -2.585050000000001 0.6498500000000003
endloop
endfacet
facet normal -0.8130546934301636 0.5821873113450539 0
outer loop
vertex 6.196740000000002 -2.8326900000000013 0.6498500000000003
vertex 6.196740000000002 -2.8326900000000013 0
vertex 6.149180000000002 -2.899110000000001 0
endloop
endfacet
facet normal -0.8130546934301636 0.5821873113450539 0
outer loop
vertex 6.196740000000002 -2.8326900000000013 0.6498500000000003
vertex 6.149180000000002 -2.899110000000001 0
vertex 6.149180000000002 -2.899110000000001 0.6498500000000003
endloop
endfacet
facet normal -0.8053368838936225 0.5928174284216936 0
outer loop
vertex 6.285710000000003 -2.710100000000001 0.6498500000000003
vertex 6.285710000000003 -2.710100000000001 0
vertex 6.263980000000003 -2.739620000000001 0
endloop
endfacet
facet normal -0.8053368838936225 0.5928174284216936 0
outer loop
vertex 6.285710000000003 -2.710100000000001 0.6498500000000003
vertex 6.263980000000003 -2.739620000000001 0
vertex 6.263980000000003 -2.739620000000001 0.6498500000000003
endloop
endfacet
facet normal -0.40660416836170676 0.9136044276769267 0
outer loop
vertex 6.011010000000002 -2.9610200000000013 0.6498500000000003
vertex 6.011010000000002 -2.9610200000000013 0
vertex 5.936390000000002 -2.9942300000000013 0
endloop
endfacet
facet normal -0.40660416836170676 0.9136044276769267 0
outer loop
vertex 6.011010000000002 -2.9610200000000013 0.6498500000000003
vertex 5.936390000000002 -2.9942300000000013 0
vertex 5.936390000000002 -2.9942300000000013 0.6498500000000003
endloop
endfacet
facet normal -0.4061384660534499 0.9138115486202562 0
outer loop
vertex 6.149180000000002 -2.899110000000001 0.6498500000000003
vertex 6.149180000000002 -2.899110000000001 0
vertex 6.115970000000003 -2.913870000000001 0
endloop
endfacet
facet normal -0.4061384660534499 0.9138115486202562 0
outer loop
vertex 6.149180000000002 -2.899110000000001 0.6498500000000003
vertex 6.115970000000003 -2.913870000000001 0
vertex 6.115970000000003 -2.913870000000001 0.6498500000000003
endloop
endfacet
facet normal 0.10049870596186852 0.994937189022498 0
outer loop
vertex 5.785920000000002 -2.978650000000001 0.6498500000000003
vertex 5.785920000000002 -2.978650000000001 0
vertex 5.704740000000002 -2.970450000000001 0
endloop
endfacet
facet normal 0.10049870596186852 0.994937189022498 0
outer loop
vertex 5.785920000000002 -2.978650000000001 0.6498500000000003
vertex 5.704740000000002 -2.970450000000001 0
vertex 5.704740000000002 -2.970450000000001 0.6498500000000003
endloop
endfacet
facet normal 0.10174201540996484 0.9948108173418293 0
outer loop
vertex 5.936390000000002 -2.9942300000000013 0.6498500000000003
vertex 5.936390000000002 -2.9942300000000013 0
vertex 5.900310000000002 -2.990540000000001 0
endloop
endfacet
facet normal 0.10174201540996484 0.9948108173418293 0
outer loop
vertex 5.936390000000002 -2.9942300000000013 0.6498500000000003
vertex 5.900310000000002 -2.990540000000001 0
vertex 5.900310000000002 -2.990540000000001 0.6498500000000003
endloop
endfacet
facet normal 0.587872900235764 0.8089533071620335 0
outer loop
vertex 5.582150000000002 -2.881890000000001 0.6498500000000003
vertex 5.582150000000002 -2.881890000000001 0
vertex 5.516140000000002 -2.833920000000001 0
endloop
endfacet
facet normal 0.587872900235764 0.8089533071620335 0
outer loop
vertex 5.582150000000002 -2.881890000000001 0.6498500000000003
vertex 5.516140000000002 -2.833920000000001 0
vertex 5.516140000000002 -2.833920000000001 0.6498500000000003
endloop
endfacet
facet normal 0.5854905538443576 0.8106792283998816 0
outer loop
vertex 5.704740000000002 -2.970450000000001 0.6498500000000003
vertex 5.704740000000002 -2.970450000000001 0
vertex 5.675220000000002 -2.949130000000001 0
endloop
endfacet
facet normal 0.5854905538443576 0.8106792283998816 0
outer loop
vertex 5.704740000000002 -2.970450000000001 0.6498500000000003
vertex 5.675220000000002 -2.949130000000001 0
vertex 5.675220000000002 -2.949130000000001 0.6498500000000003
endloop
endfacet
facet normal 0.911733943306288 0.4107812272039298 0
outer loop
vertex 5.454230000000002 -2.6961600000000012 0.6498500000000003
vertex 5.454230000000002 -2.6961600000000012 0
vertex 5.420610000000002 -2.621540000000001 0
endloop
endfacet
facet normal 0.911733943306288 0.4107812272039298 0
outer loop
vertex 5.454230000000002 -2.6961600000000012 0.6498500000000003
vertex 5.420610000000002 -2.621540000000001 0
vertex 5.420610000000002 -2.621540000000001 0.6498500000000003
endloop
endfacet
facet normal 0.9095957557288066 0.4154943575551196 0
outer loop
vertex 5.516140000000002 -2.833920000000001 0.6498500000000003
vertex 5.516140000000002 -2.833920000000001 0
vertex 5.500970000000002 -2.800710000000001 0
endloop
endfacet
facet normal 0.9095957557288066 0.4154943575551196 0
outer loop
vertex 5.516140000000002 -2.833920000000001 0.6498500000000003
vertex 5.500970000000002 -2.800710000000001 0
vertex 5.500970000000002 -2.800710000000001 0.6498500000000003
endloop
endfacet
facet normal 0.8083559597589164 -0.5886940141722535 0
outer loop
vertex 7.496440000000002 2.861390000000001 0.6498500000000003
vertex 7.496440000000002 2.861390000000001 0
vertex 7.5239100000000025 2.899110000000001 0
endloop
endfacet
facet normal 0.8083559597589164 -0.5886940141722535 0
outer loop
vertex 7.496440000000002 2.861390000000001 0.6498500000000003
vertex 7.5239100000000025 2.899110000000001 0
vertex 7.5239100000000025 2.899110000000001 0.6498500000000003
endloop
endfacet
facet normal 0.8094749729965967 -0.5871543818214755 0
outer loop
vertex 7.387380000000003 2.710100000000001 0.6498500000000003
vertex 7.387380000000003 2.710100000000001 0
vertex 7.429610000000003 2.768320000000001 0
endloop
endfacet
facet normal 0.8094749729965967 -0.5871543818214755 0
outer loop
vertex 7.387380000000003 2.710100000000001 0.6498500000000003
vertex 7.429610000000003 2.768320000000001 0
vertex 7.429610000000003 2.768320000000001 0.6498500000000003
endloop
endfacet
facet normal 0.4077828306037032 -0.9130789467865478 0
outer loop
vertex 7.694060000000003 2.975370000000001 0.6498500000000003
vertex 7.694060000000003 2.975370000000001 0
vertex 7.736290000000003 2.9942300000000013 0
endloop
endfacet
facet normal 0.4077828306037032 -0.9130789467865478 0
outer loop
vertex 7.694060000000003 2.975370000000001 0.6498500000000003
vertex 7.736290000000003 2.9942300000000013 0
vertex 7.736290000000003 2.9942300000000013 0.6498500000000003
endloop
endfacet
facet normal 0.40560834471676244 -0.9140469740096118 0
outer loop
vertex 7.5239100000000025 2.899110000000001 0.6498500000000003
vertex 7.5239100000000025 2.899110000000001 0
vertex 7.589510000000002 2.928220000000001 0
endloop
endfacet
facet normal 0.40560834471676244 -0.9140469740096118 0
outer loop
vertex 7.5239100000000025 2.899110000000001 0.6498500000000003
vertex 7.589510000000002 2.928220000000001 0
vertex 7.589510000000002 2.928220000000001 0.6498500000000003
endloop
endfacet
facet normal -0.10560091239582968 -0.9944085917273485 0
outer loop
vertex 7.921610000000003 2.975370000000001 0.6498500000000003
vertex 7.921610000000003 2.975370000000001 0
vertex 7.967940000000003 2.970450000000001 0
endloop
endfacet
facet normal -0.10560091239582968 -0.9944085917273485 0
outer loop
vertex 7.921610000000003 2.975370000000001 0.6498500000000003
vertex 7.967940000000003 2.970450000000001 0
vertex 7.967940000000003 2.970450000000001 0.6498500000000003
endloop
endfacet
facet normal -0.10231732906347053 -0.9947518103393014 0
outer loop
vertex 7.736290000000003 2.9942300000000013 0.6498500000000003
vertex 7.736290000000003 2.9942300000000013 0
vertex 7.808040000000003 2.9868500000000013 0
endloop
endfacet
facet normal -0.10231732906347053 -0.9947518103393014 0
outer loop
vertex 7.736290000000003 2.9942300000000013 0.6498500000000003
vertex 7.808040000000003 2.9868500000000013 0
vertex 7.808040000000003 2.9868500000000013 0.6498500000000003
endloop
endfacet
facet normal -0.5886940141722535 -0.8083559597589164 0
outer loop
vertex 8.119230000000003 2.861390000000001 0.6498500000000003
vertex 8.119230000000003 2.861390000000001 0
vertex 8.156950000000004 2.833920000000001 0
endloop
endfacet
facet normal -0.5886940141722535 -0.8083559597589164 0
outer loop
vertex 8.119230000000003 2.861390000000001 0.6498500000000003
vertex 8.156950000000004 2.833920000000001 0
vertex 8.156950000000004 2.833920000000001 0.6498500000000003
endloop
endfacet
facet normal -0.5871543818214784 -0.8094749729965944 0
outer loop
vertex 7.967940000000003 2.970450000000001 0.6498500000000003
vertex 7.967940000000003 2.970450000000001 0
vertex 8.026160000000003 2.928220000000001 0
endloop
endfacet
facet normal -0.5871543818214784 -0.8094749729965944 0
outer loop
vertex 7.967940000000003 2.970450000000001 0.6498500000000003
vertex 8.026160000000003 2.928220000000001 0
vertex 8.026160000000003 2.928220000000001 0.6498500000000003
endloop
endfacet
facet normal -0.9140469740096142 -0.4056083447167574 0
outer loop
vertex 8.156950000000004 2.833920000000001 0.6498500000000003
vertex 8.156950000000004 2.833920000000001 0
vertex 8.186060000000003 2.768320000000001 0
endloop
endfacet
facet normal -0.9140469740096142 -0.4056083447167574 0
outer loop
vertex 8.156950000000004 2.833920000000001 0.6498500000000003
vertex 8.186060000000003 2.768320000000001 0
vertex 8.186060000000003 2.768320000000001 0.6498500000000003
endloop
endfacet
facet normal 0 -1 0
outer loop
vertex -10.123720000000004 1.3001100000000005 0.6498500000000003
vertex -10.123720000000004 1.3001100000000005 0
vertex -8.153670000000004 1.3001100000000005 0
endloop
endfacet
facet normal 0 -1 0
outer loop
vertex -10.123720000000004 1.3001100000000005 0.6498500000000003
vertex -8.153670000000004 1.3001100000000005 0
vertex -8.153670000000004 1.3001100000000005 0.6498500000000003
endloop
endfacet
facet normal 0 1 0
outer loop
vertex -8.496430000000004 0.4001600000000001 0.6498500000000003
vertex -8.496430000000004 0.4001600000000001 0
vertex -9.780960000000004 0.4001600000000001 0
endloop
endfacet
facet normal 0 1 0
outer loop
vertex -8.496430000000004 0.4001600000000001 0.6498500000000003
vertex -9.780960000000004 0.4001600000000001 0
vertex -9.780960000000004 0.4001600000000001 0.6498500000000003
endloop
endfacet
facet normal 0.8106792283998874 0.5854905538443496 0
outer loop
vertex 9.351690000000003 -2.739620000000001 0.6498500000000003
vertex 9.351690000000003 -2.739620000000001 0
vertex 9.330370000000004 -2.710100000000001 0
endloop
endfacet
facet normal 0.8106792283998874 0.5854905538443496 0
outer loop
vertex 9.351690000000003 -2.739620000000001 0.6498500000000003
vertex 9.330370000000004 -2.710100000000001 0
vertex 9.330370000000004 -2.710100000000001 0.6498500000000003
endloop
endfacet
facet normal 0.8130546934301583 0.5821873113450611 0
outer loop
vertex 9.466490000000004 -2.899110000000001 0.6498500000000003
vertex 9.466490000000004 -2.899110000000001 0
vertex 9.418930000000003 -2.8326900000000013 0
endloop
endfacet
facet normal 0.8130546934301583 0.5821873113450611 0
outer loop
vertex 9.466490000000004 -2.899110000000001 0.6498500000000003
vertex 9.418930000000003 -2.8326900000000013 0
vertex 9.418930000000003 -2.8326900000000013 0.6498500000000003
endloop
endfacet
facet normal -0.9949258920227937 -0.10061048346294893 0
outer loop
vertex 10.191370000000004 -2.585050000000001 0.6498500000000003
vertex 10.191370000000004 -2.585050000000001 0
vertex 10.195060000000003 -2.621540000000001 0
endloop
endfacet
facet normal -0.9949258920227937 -0.10061048346294893 0
outer loop
vertex 10.191370000000004 -2.585050000000001 0.6498500000000003
vertex 10.195060000000003 -2.621540000000001 0
vertex 10.195060000000003 -2.621540000000001 0.6498500000000003
endloop
endfacet
facet normal -0.909595755728788 0.4154943575551598 0
outer loop
vertex 10.114700000000004 -2.800710000000001 0.6498500000000003
vertex 10.114700000000004 -2.800710000000001 0
vertex 10.099530000000003 -2.833920000000001 0
endloop
endfacet
facet normal -0.909595755728788 0.4154943575551598 0
outer loop
vertex 10.114700000000004 -2.800710000000001 0.6498500000000003
vertex 10.099530000000003 -2.833920000000001 0
vertex 10.099530000000003 -2.833920000000001 0.6498500000000003
endloop
endfacet
facet normal -0.911733943306292 0.41078122720392074 0
outer loop
vertex 10.195060000000003 -2.621540000000001 0.6498500000000003
vertex 10.195060000000003 -2.621540000000001 0
vertex 10.161440000000004 -2.6961600000000012 0
endloop
endfacet
facet normal -0.911733943306292 0.41078122720392074 0
outer loop
vertex 10.195060000000003 -2.621540000000001 0.6498500000000003
vertex 10.161440000000004 -2.6961600000000012 0
vertex 10.161440000000004 -2.6961600000000012 0.6498500000000003
endloop
endfacet
facet normal -0.5854905538443576 0.8106792283998816 0
outer loop
vertex 9.940450000000004 -2.949130000000001 0.6498500000000003
vertex 9.940450000000004 -2.949130000000001 0
vertex 9.910930000000004 -2.970450000000001 0
endloop
endfacet
facet normal -0.5854905538443576 0.8106792283998816 0
outer loop
vertex 9.940450000000004 -2.949130000000001 0.6498500000000003
vertex 9.910930000000004 -2.970450000000001 0
vertex 9.910930000000004 -2.970450000000001 0.6498500000000003
endloop
endfacet
facet normal -0.587872900235764 0.8089533071620335 0
outer loop
vertex 10.099530000000003 -2.833920000000001 0.6498500000000003
vertex 10.099530000000003 -2.833920000000001 0
vertex 10.033520000000003 -2.881890000000001 0
endloop
endfacet
facet normal -0.587872900235764 0.8089533071620335 0
outer loop
vertex 10.099530000000003 -2.833920000000001 0.6498500000000003
vertex 10.033520000000003 -2.881890000000001 0
vertex 10.033520000000003 -2.881890000000001 0.6498500000000003
endloop
endfacet
facet normal -0.10174201540996484 0.9948108173418293 0
outer loop
vertex 9.715360000000004 -2.990540000000001 0.6498500000000003
vertex 9.715360000000004 -2.990540000000001 0
vertex 9.679280000000004 -2.9942300000000013 0
endloop
endfacet
facet normal -0.10174201540996484 0.9948108173418293 0
outer loop
vertex 9.715360000000004 -2.990540000000001 0.6498500000000003
vertex 9.679280000000004 -2.9942300000000013 0
vertex 9.679280000000004 -2.9942300000000013 0.6498500000000003
endloop
endfacet
facet normal -0.10049870596186852 0.994937189022498 0
outer loop
vertex 9.910930000000004 -2.970450000000001 0.6498500000000003
vertex 9.910930000000004 -2.970450000000001 0
vertex 9.829750000000004 -2.978650000000001 0
endloop
endfacet
facet normal -0.10049870596186852 0.994937189022498 0
outer loop
vertex 9.910930000000004 -2.970450000000001 0.6498500000000003
vertex 9.829750000000004 -2.978650000000001 0
vertex 9.829750000000004 -2.978650000000001 0.6498500000000003
endloop
endfacet
facet normal 0.4019900620352044 0.9156440301912815 0
outer loop
vertex 9.500110000000003 -2.913870000000001 0.6498500000000003
vertex 9.500110000000003 -2.913870000000001 0
vertex 9.466490000000004 -2.899110000000001 0
endloop
endfacet
facet normal 0.4019900620352044 0.9156440301912815 0
outer loop
vertex 9.500110000000003 -2.913870000000001 0.6498500000000003
vertex 9.466490000000004 -2.899110000000001 0
vertex 9.466490000000004 -2.899110000000001 0.6498500000000003
endloop
endfacet
facet normal 0.4066041683617108 0.9136044276769251 0
outer loop
vertex 9.679280000000004 -2.9942300000000013 0.6498500000000003
vertex 9.679280000000004 -2.9942300000000013 0
vertex 9.604660000000004 -2.9610200000000013 0
endloop
endfacet
facet normal 0.4066041683617108 0.9136044276769251 0
outer loop
vertex 9.679280000000004 -2.9942300000000013 0.6498500000000003
vertex 9.604660000000004 -2.9610200000000013 0
vertex 9.604660000000004 -2.9610200000000013 0.6498500000000003
endloop
endfacet
facet normal 0.9658535953212437 -0.2590884644383595 0
outer loop
vertex 9.300850000000004 2.550200000000001 0.6498500000000003
vertex 9.300850000000004 2.550200000000001 0
vertex 9.361120000000003 2.774880000000001 0
endloop
endfacet
facet normal 0.9658535953212437 -0.2590884644383595 0
outer loop
vertex 9.300850000000004 2.550200000000001 0.6498500000000003
vertex 9.361120000000003 2.774880000000001 0
vertex 9.361120000000003 2.774880000000001 0.6498500000000003
endloop
endfacet
facet normal 0.2586481347709805 -0.9659716053691705 0
outer loop
vertex 9.525530000000003 2.939700000000001 0.6498500000000003
vertex 9.525530000000003 2.939700000000001 0
vertex 9.750620000000003 2.999970000000001 0
endloop
endfacet
facet normal 0.2586481347709805 -0.9659716053691705 0
outer loop
vertex 9.525530000000003 2.939700000000001 0.6498500000000003
vertex 9.750620000000003 2.999970000000001 0
vertex 9.750620000000003 2.999970000000001 0.6498500000000003
endloop
endfacet
facet normal -0.2586481347709805 -0.9659716053691705 0
outer loop
vertex 9.750620000000003 2.999970000000001 0.6498500000000003
vertex 9.750620000000003 2.999970000000001 0
vertex 9.975710000000003 2.939700000000001 0
endloop
endfacet
facet normal -0.2586481347709805 -0.9659716053691705 0
outer loop
vertex 9.750620000000003 2.999970000000001 0.6498500000000003
vertex 9.975710000000003 2.939700000000001 0
vertex 9.975710000000003 2.939700000000001 0.6498500000000003
endloop
endfacet
facet normal -0.7071067811865466 -0.7071067811865485 0
outer loop
vertex 9.975710000000003 2.939700000000001 0.6498500000000003
vertex 9.975710000000003 2.939700000000001 0
vertex 10.140530000000004 2.774880000000001 0
endloop
endfacet
facet normal -0.7071067811865466 -0.7071067811865485 0
outer loop
vertex 9.975710000000003 2.939700000000001 0.6498500000000003
vertex 10.140530000000004 2.774880000000001 0
vertex 10.140530000000004 2.774880000000001 0.6498500000000003
endloop
endfacet
facet normal 0.9660482448389761 0.2583617398987968 0
outer loop
vertex 9.361120000000003 -2.774880000000001 0.6498500000000003
vertex 9.361120000000003 -2.774880000000001 0
vertex 9.351690000000003 -2.739620000000001 0
endloop
endfacet
facet normal 0.9660482448389761 0.2583617398987968 0
outer loop
vertex 9.361120000000003 -2.774880000000001 0.6498500000000003
vertex 9.351690000000003 -2.739620000000001 0
vertex 9.351690000000003 -2.739620000000001 0.6498500000000003
endloop
endfacet
facet normal -0.9664851269264939 0.25672261183985895 0
outer loop
vertex 10.161440000000004 -2.6961600000000012 0.6498500000000003
vertex 10.161440000000004 -2.6961600000000012 0
vertex 10.140530000000004 -2.774880000000001 0
endloop
endfacet
facet normal -0.9664851269264939 0.25672261183985895 0
outer loop
vertex 10.161440000000004 -2.6961600000000012 0.6498500000000003
vertex 10.140530000000004 -2.774880000000001 0
vertex 10.140530000000004 -2.774880000000001 0.6498500000000003
endloop
endfacet
facet normal -0.9652860442784943 0.2611950472753583 0
outer loop
vertex 10.200800000000005 -2.550200000000001 0.6498500000000003
vertex 10.200800000000005 -2.550200000000001 0
vertex 10.191370000000004 -2.585050000000001 0
endloop
endfacet
facet normal -0.9652860442784943 0.2611950472753583 0
outer loop
vertex 10.200800000000005 -2.550200000000001 0.6498500000000003
vertex 10.191370000000004 -2.585050000000001 0
vertex 10.191370000000004 -2.585050000000001 0.6498500000000003
endloop
endfacet
facet normal -0.7071067811865572 0.7071067811865376 2.2295138987623915e-15
outer loop
vertex 10.004000000000003 -2.911410000000001 0.38991000000000015
vertex 10.001540000000004 -2.913870000000001 0.6498500000000003
vertex 10.033520000000003 -2.881890000000001 0.6498500000000003
endloop
endfacet
facet normal -0.7071067811865476 0.7071067811865476 0
outer loop
vertex 10.004000000000003 -2.911410000000001 0.38991000000000015
vertex 10.033520000000003 -2.881890000000001 0.6498500000000003
vertex 10.033520000000003 -2.881890000000001 0
endloop
endfacet
facet normal -0.7071067811865476 0.7071067811865476 0
outer loop
vertex 10.004000000000003 -2.911410000000001 0.38991000000000015
vertex 10.033520000000003 -2.881890000000001 0
vertex 9.975710000000003 -2.939700000000001 0
endloop
endfacet
facet normal -0.7071067811865475 0.7071067811865475 0
outer loop
vertex 10.004000000000003 -2.911410000000001 0.38991000000000015
vertex 9.975710000000003 -2.939700000000001 0
vertex 9.975710000000003 -2.939700000000001 0.6498500000000003
endloop
endfacet
facet normal -0.7071067811865354 0.7071067811865597 2.6461685127280885e-15
outer loop
vertex 10.004000000000003 -2.911410000000001 0.38991000000000015
vertex 9.975710000000003 -2.939700000000001 0.6498500000000003
vertex 10.001540000000004 -2.913870000000001 0.6498500000000003
endloop
endfacet
facet normal -0.7071067811865597 0.7071067811865354 0
outer loop
vertex 10.140530000000004 -2.774880000000001 0.6498500000000003
vertex 10.140530000000004 -2.774880000000001 0
vertex 10.114700000000004 -2.800710000000001 0
endloop
endfacet
facet normal -0.7071067811865597 0.7071067811865354 0
outer loop
vertex 10.140530000000004 -2.774880000000001 0.6498500000000003
vertex 10.114700000000004 -2.800710000000001 0
vertex 10.114700000000004 -2.800710000000001 0.6498500000000003
endloop
endfacet
facet normal -0.2601528847428791 0.9655674376033806 0
outer loop
vertex 9.829750000000004 -2.978650000000001 0.6498500000000003
vertex 9.829750000000004 -2.978650000000001 0
vertex 9.750620000000003 -2.999970000000001 0
endloop
endfacet
facet normal -0.2601528847428791 0.9655674376033806 0
outer loop
vertex 9.829750000000004 -2.978650000000001 0.6498500000000003
vertex 9.750620000000003 -2.999970000000001 0
vertex 9.750620000000003 -2.999970000000001 0.6498500000000003
endloop
endfacet
facet normal -0.2583617398988029 0.9660482448389747 0
outer loop
vertex 9.975710000000003 -2.939700000000001 0.6498500000000003
vertex 9.975710000000003 -2.939700000000001 0
vertex 9.940450000000004 -2.949130000000001 0
endloop
endfacet
facet normal -0.2583617398988029 0.9660482448389747 0
outer loop
vertex 9.975710000000003 -2.939700000000001 0.6498500000000003
vertex 9.940450000000004 -2.949130000000001 0
vertex 9.940450000000004 -2.949130000000001 0.6498500000000003
endloop
endfacet
facet normal 0.2601528847428791 0.9655674376033806 0
outer loop
vertex 9.604660000000004 -2.9610200000000013 0.6498500000000003
vertex 9.604660000000004 -2.9610200000000013 0
vertex 9.525530000000003 -2.939700000000001 0
endloop
endfacet
facet normal 0.2601528847428791 0.9655674376033806 0
outer loop
vertex 9.604660000000004 -2.9610200000000013 0.6498500000000003
vertex 9.525530000000003 -2.939700000000001 0
vertex 9.525530000000003 -2.939700000000001 0.6498500000000003
endloop
endfacet
facet normal 0.2583617398988029 0.9660482448389747 0
outer loop
vertex 9.750620000000003 -2.999970000000001 0.6498500000000003
vertex 9.750620000000003 -2.999970000000001 0
vertex 9.715360000000004 -2.990540000000001 0
endloop
endfacet
facet normal 0.2583617398988029 0.9660482448389747 0
outer loop
vertex 9.750620000000003 -2.999970000000001 0.6498500000000003
vertex 9.715360000000004 -2.990540000000001 0
vertex 9.715360000000004 -2.990540000000001 0.6498500000000003
endloop
endfacet
facet normal 0.7071067811865622 0.7071067811865329 -2.1372899525881316e-15
outer loop
vertex 9.389410000000003 -2.803170000000001 0.38991000000000015
vertex 9.386950000000004 -2.800710000000001 0.6498500000000003
vertex 9.418930000000003 -2.8326900000000013 0.6498500000000003
endloop
endfacet
facet normal 0.7071067811865527 0.7071067811865421 0
outer loop
vertex 9.389410000000003 -2.803170000000001 0.38991000000000015
vertex 9.418930000000003 -2.8326900000000013 0.6498500000000003
vertex 9.418930000000003 -2.8326900000000013 0
endloop
endfacet
facet normal 0.7071067811865501 0.7071067811865448 -3.9453534987449627e-16
outer loop
vertex 9.389410000000003 -2.803170000000001 0.38991000000000015
vertex 9.418930000000003 -2.8326900000000013 0
vertex 9.361120000000003 -2.774880000000001 0
endloop
endfacet
facet normal 0.7071067811865475 0.7071067811865475 0
outer loop
vertex 9.389410000000003 -2.803170000000001 0.38991000000000015
vertex 9.361120000000003 -2.774880000000001 0
vertex 9.361120000000003 -2.774880000000001 0.6498500000000003
endloop
endfacet
facet normal 0.7071067811865354 0.7071067811865597 -2.6461685127280885e-15
outer loop
vertex 9.389410000000003 -2.803170000000001 0.38991000000000015
vertex 9.361120000000003 -2.774880000000001 0.6498500000000003
vertex 9.386950000000004 -2.800710000000001 0.6498500000000003
endloop
endfacet
facet normal 0.7127408280944467 0.7014274816167687 0
outer loop
vertex 9.525530000000003 -2.939700000000001 0.6498500000000003
vertex 9.525530000000003 -2.939700000000001 0
vertex 9.500110000000003 -2.913870000000001 0
endloop
endfacet
facet normal 0.7127408280944467 0.7014274816167687 0
outer loop
vertex 9.525530000000003 -2.939700000000001 0.6498500000000003
vertex 9.500110000000003 -2.913870000000001 0
vertex 9.500110000000003 -2.913870000000001 0.6498500000000003
endloop
endfacet
facet normal 0.9658535953212437 0.2590884644383595 0
outer loop
vertex 11.653430000000004 -2.774880000000001 0.6498500000000003
vertex 11.653430000000004 -2.774880000000001 0
vertex 11.593160000000005 -2.550200000000001 0
endloop
endfacet
facet normal 0.9658535953212437 0.2590884644383595 0
outer loop
vertex 11.653430000000004 -2.774880000000001 0.6498500000000003
vertex 11.593160000000005 -2.550200000000001 0
vertex 11.593160000000005 -2.550200000000001 0.6498500000000003
endloop
endfacet
facet normal 0.7071067811865466 -0.7071067811865485 0
outer loop
vertex 11.653430000000004 2.774880000000001 0.6498500000000003
vertex 11.653430000000004 2.774880000000001 0
vertex 11.818250000000004 2.939700000000001 0
endloop
endfacet
facet normal 0.7071067811865466 -0.7071067811865485 0
outer loop
vertex 11.653430000000004 2.774880000000001 0.6498500000000003
vertex 11.818250000000004 2.939700000000001 0
vertex 11.818250000000004 2.939700000000001 0.6498500000000003
endloop
endfacet
facet normal 0.2586481347709805 -0.9659716053691705 0
outer loop
vertex 11.818250000000004 2.939700000000001 0.6498500000000003
vertex 11.818250000000004 2.939700000000001 0
vertex 12.043340000000004 2.999970000000001 0
endloop
endfacet
facet normal 0.2586481347709805 -0.9659716053691705 0
outer loop
vertex 11.818250000000004 2.939700000000001 0.6498500000000003
vertex 12.043340000000004 2.999970000000001 0
vertex 12.043340000000004 2.999970000000001 0.6498500000000003
endloop
endfacet
facet normal 0.2586481347709805 0.9659716053691705 0
outer loop
vertex 12.043340000000004 -2.999970000000001 0.6498500000000003
vertex 12.043340000000004 -2.999970000000001 0
vertex 11.818250000000004 -2.939700000000001 0
endloop
endfacet
facet normal 0.2586481347709805 0.9659716053691705 0
outer loop
vertex 12.043340000000004 -2.999970000000001 0.6498500000000003
vertex 11.818250000000004 -2.939700000000001 0
vertex 11.818250000000004 -2.939700000000001 0.6498500000000003
endloop
endfacet
facet normal 0.7071067811865511 0.7071067811865438 0
outer loop
vertex 11.731330000000005 -2.852780000000001 0.2599400000000001
vertex 11.818250000000004 -2.939700000000001 0.6498500000000003
vertex 11.818250000000004 -2.939700000000001 0
endloop
endfacet
facet normal 0.7071067811865506 0.7071067811865445 -4.2937753544380776e-16
outer loop
vertex 11.731330000000005 -2.852780000000001 0.2599400000000001
vertex 11.818250000000004 -2.939700000000001 0
vertex 11.712470000000005 -2.833920000000001 0
endloop
endfacet
facet normal 0.7071067811865396 0.7071067811865556 1.158947590256323e-15
outer loop
vertex 11.731330000000005 -2.852780000000001 0.2599400000000001
vertex 11.712470000000005 -2.833920000000001 0
vertex 11.653430000000004 -2.774880000000001 0
endloop
endfacet
facet normal 0.7071067811865415 0.7071067811865536 0
outer loop
vertex 11.731330000000005 -2.852780000000001 0.2599400000000001
vertex 11.653430000000004 -2.774880000000001 0
vertex 11.653430000000004 -2.774880000000001 0.6498500000000003
endloop
endfacet
facet normal 0.7071067811865465 0.7071067811865485 2.032780950897366e-15
outer loop
vertex 11.731330000000005 -2.852780000000001 0.2599400000000001
vertex 11.653430000000004 -2.774880000000001 0.6498500000000003
vertex 11.818250000000004 -2.939700000000001 0.6498500000000003
endloop
endfacet
facet normal -1 0 0
outer loop
vertex 12.493110000000005 -0.5715400000000002 0.6498500000000003
vertex 12.493110000000005 -0.5715400000000002 0
vertex 12.493110000000005 -2.1000200000000007 0
endloop
endfacet
facet normal -1 0 0
outer loop
vertex 12.493110000000005 -0.5715400000000002 0.6498500000000003
vertex 12.493110000000005 -2.1000200000000007 0
vertex 12.493110000000005 -2.1000200000000007 0.6498500000000003
endloop
endfacet
facet normal -1 0 0
outer loop
vertex 12.493110000000005 2.1000200000000007 0.6498500000000003
vertex 12.493110000000005 2.1000200000000007 0
vertex 12.493110000000005 0.32841000000000015 0
endloop
endfacet
facet normal -1 0 0
outer loop
vertex 12.493110000000005 2.1000200000000007 0.6498500000000003
vertex 12.493110000000005 0.32841000000000015 0
vertex 12.493110000000005 0.32841000000000015 0.6498500000000003
endloop
endfacet
facet normal -0.2586481347709805 -0.9659716053691705 0
outer loop
vertex 15.200340000000006 -2.1000200000000007 0.6498500000000003
vertex 15.200340000000006 -2.1000200000000007 0
vertex 15.425430000000006 -2.1602900000000007 0
endloop
endfacet
facet normal -0.2586481347709805 -0.9659716053691705 0
outer loop
vertex 15.200340000000006 -2.1000200000000007 0.6498500000000003
vertex 15.425430000000006 -2.1602900000000007 0
vertex 15.425430000000006 -2.1602900000000007 0.6498500000000003
endloop
endfacet
facet normal -0.7071067811865466 -0.7071067811865485 0
outer loop
vertex 15.425430000000006 -2.1602900000000007 0.6498500000000003
vertex 15.425430000000006 -2.1602900000000007 0
vertex 15.590250000000006 -2.325110000000001 0
endloop
endfacet
facet normal -0.7071067811865466 -0.7071067811865485 0
outer loop
vertex 15.425430000000006 -2.1602900000000007 0.6498500000000003
vertex 15.590250000000006 -2.325110000000001 0
vertex 15.590250000000006 -2.325110000000001 0.6498500000000003
endloop
endfacet
facet normal -0.9659716053691717 -0.2586481347709765 0
outer loop
vertex 15.590250000000006 -2.325110000000001 0.6498500000000003
vertex 15.590250000000006 -2.325110000000001 0
vertex 15.650520000000006 -2.550200000000001 0
endloop
endfacet
facet normal -0.9659716053691717 -0.2586481347709765 0
outer loop
vertex 15.590250000000006 -2.325110000000001 0.6498500000000003
vertex 15.650520000000006 -2.550200000000001 0
vertex 15.650520000000006 -2.550200000000001 0.6498500000000003
endloop
endfacet
facet normal -0.9658535953212437 0.2590884644383595 0
outer loop
vertex 15.650520000000006 -2.550200000000001 0.6498500000000003
vertex 15.650520000000006 -2.550200000000001 0
vertex 15.590250000000006 -2.774880000000001 0
endloop
endfacet
facet normal -0.9658535953212437 0.2590884644383595 0
outer loop
vertex 15.650520000000006 -2.550200000000001 0.6498500000000003
vertex 15.590250000000006 -2.774880000000001 0
vertex 15.590250000000006 -2.774880000000001 0.6498500000000003
endloop
endfacet
facet normal -0.7071067811865466 0.7071067811865485 0
outer loop
vertex 15.590250000000006 -2.774880000000001 0.6498500000000003
vertex 15.590250000000006 -2.774880000000001 0
vertex 15.425430000000006 -2.939700000000001 0
endloop
endfacet
facet normal -0.7071067811865466 0.7071067811865485 0
outer loop
vertex 15.590250000000006 -2.774880000000001 0.6498500000000003
vertex 15.425430000000006 -2.939700000000001 0
vertex 15.425430000000006 -2.939700000000001 0.6498500000000003
endloop
endfacet
facet normal -0.2586481347709805 0.9659716053691705 0
outer loop
vertex 15.425430000000006 -2.939700000000001 0.6498500000000003
vertex 15.425430000000006 -2.939700000000001 0
vertex 15.200340000000006 -2.999970000000001 0
endloop
endfacet
facet normal -0.2586481347709805 0.9659716053691705 0
outer loop
vertex 15.425430000000006 -2.939700000000001 0.6498500000000003
vertex 15.200340000000006 -2.999970000000001 0
vertex 15.200340000000006 -2.999970000000001 0.6498500000000003
endloop
endfacet
facet normal -0.2590884644383635 -0.9658535953212427 0
outer loop
vertex 13.986330000000006 0.32841000000000015 0.6498500000000003
vertex 13.986330000000006 0.32841000000000015 0
vertex 14.211010000000005 0.2681400000000001 0
endloop
endfacet
facet normal -0.2590884644383635 -0.9658535953212427 0
outer loop
vertex 13.986330000000006 0.32841000000000015 0.6498500000000003
vertex 14.211010000000005 0.2681400000000001 0
vertex 14.211010000000005 0.2681400000000001 0.6498500000000003
endloop
endfacet
facet normal -0.9659716053691716 -0.25864813477097665 0
outer loop
vertex 14.375830000000006 0.10373000000000004 0.6498500000000003
vertex 14.375830000000006 0.10373000000000004 0
vertex 14.436100000000005 -0.12136000000000005 0
endloop
endfacet
facet normal -0.9659716053691716 -0.25864813477097665 0
outer loop
vertex 14.375830000000006 0.10373000000000004 0.6498500000000003
vertex 14.436100000000005 -0.12136000000000005 0
vertex 14.436100000000005 -0.12136000000000005 0.6498500000000003
endloop
endfacet
facet normal -0.9659716053691716 0.25864813477097665 0
outer loop
vertex 14.436100000000005 -0.12136000000000005 0.6498500000000003
vertex 14.436100000000005 -0.12136000000000005 0
vertex 14.375830000000006 -0.34645000000000015 0
endloop
endfacet
facet normal -0.9659716053691716 0.25864813477097665 0
outer loop
vertex 14.436100000000005 -0.12136000000000005 0.6498500000000003
vertex 14.375830000000006 -0.34645000000000015 0
vertex 14.375830000000006 -0.34645000000000015 0.6498500000000003
endloop
endfacet
facet normal -0.7071067811865464 0.7071067811865488 0
outer loop
vertex 14.375830000000006 -0.34645000000000015 0.6498500000000003
vertex 14.375830000000006 -0.34645000000000015 0
vertex 14.211010000000005 -0.5112700000000002 0
endloop
endfacet
facet normal -0.7071067811865464 0.7071067811865488 0
outer loop
vertex 14.375830000000006 -0.34645000000000015 0.6498500000000003
vertex 14.211010000000005 -0.5112700000000002 0
vertex 14.211010000000005 -0.5112700000000002 0.6498500000000003
endloop
endfacet
facet normal -0.2590884644383631 0.9658535953212428 0
outer loop
vertex 14.211010000000005 -0.5112700000000002 0.6498500000000003
vertex 14.211010000000005 -0.5112700000000002 0
vertex 13.986330000000006 -0.5715400000000002 0
endloop
endfacet
facet normal -0.2590884644383631 0.9658535953212428 0
outer loop
vertex 14.211010000000005 -0.5112700000000002 0.6498500000000003
vertex 13.986330000000006 -0.5715400000000002 0
vertex 13.986330000000006 -0.5715400000000002 0.6498500000000003
endloop
endfacet
facet normal 0 -1 0
outer loop
vertex 12.043340000000004 2.999970000000001 0.6498500000000003
vertex 12.043340000000004 2.999970000000001 0
vertex 15.200340000000006 2.999970000000001 0
endloop
endfacet
facet normal 0 -1 0
outer loop
vertex 12.043340000000004 2.999970000000001 0.6498500000000003
vertex 15.200340000000006 2.999970000000001 0
vertex 15.200340000000006 2.999970000000001 0.6498500000000003
endloop
endfacet
facet normal -0.2586481347709805 -0.9659716053691705 0
outer loop
vertex 15.200340000000006 2.999970000000001 0.6498500000000003
vertex 15.200340000000006 2.999970000000001 0
vertex 15.425430000000006 2.939700000000001 0
endloop
endfacet
facet normal -0.2586481347709805 -0.9659716053691705 0
outer loop
vertex 15.200340000000006 2.999970000000001 0.6498500000000003
vertex 15.425430000000006 2.939700000000001 0
vertex 15.425430000000006 2.939700000000001 0.6498500000000003
endloop
endfacet
facet normal -0.7071067811865466 -0.7071067811865485 0
outer loop
vertex 15.425430000000006 2.939700000000001 0.6498500000000003
vertex 15.425430000000006 2.939700000000001 0
vertex 15.590250000000006 2.774880000000001 0
endloop
endfacet
facet normal -0.7071067811865466 -0.7071067811865485 0
outer loop
vertex 15.425430000000006 2.939700000000001 0.6498500000000003
vertex 15.590250000000006 2.774880000000001 0
vertex 15.590250000000006 2.774880000000001 0.6498500000000003
endloop
endfacet
facet normal -0.9658535953212437 -0.2590884644383595 0
outer loop
vertex 15.590250000000006 2.774880000000001 0.6498500000000003
vertex 15.590250000000006 2.774880000000001 0
vertex 15.650520000000006 2.550200000000001 0
endloop
endfacet
facet normal -0.9658535953212437 -0.2590884644383595 0
outer loop
vertex 15.590250000000006 2.774880000000001 0.6498500000000003
vertex 15.650520000000006 2.550200000000001 0
vertex 15.650520000000006 2.550200000000001 0.6498500000000003
endloop
endfacet
facet normal -0.9659716053691717 0.2586481347709765 0
outer loop
vertex 15.650520000000006 2.550200000000001 0.6498500000000003
vertex 15.650520000000006 2.550200000000001 0
vertex 15.590250000000006 2.325110000000001 0
endloop
endfacet
facet normal -0.9659716053691717 0.2586481347709765 0
outer loop
vertex 15.650520000000006 2.550200000000001 0.6498500000000003
vertex 15.590250000000006 2.325110000000001 0
vertex 15.590250000000006 2.325110000000001 0.6498500000000003
endloop
endfacet
facet normal -0.2586481347709805 0.9659716053691705 0
outer loop
vertex 15.425430000000006 2.1602900000000007 0.6498500000000003
vertex 15.425430000000006 2.1602900000000007 0
vertex 15.200340000000006 2.1000200000000007 0
endloop
endfacet
facet normal -0.2586481347709805 0.9659716053691705 0
outer loop
vertex 15.425430000000006 2.1602900000000007 0.6498500000000003
vertex 15.200340000000006 2.1000200000000007 0
vertex 15.200340000000006 2.1000200000000007 0.6498500000000003
endloop
endfacet
facet normal 0.9658535953212418 -0.25908846443836664 0
outer loop
vertex -13.950250000000006 2.550200000000001 0.6498500000000003
vertex -13.950250000000006 2.550200000000001 0
vertex -13.889980000000005 2.774880000000001 0
endloop
endfacet
facet normal 0.9658535953212418 -0.25908846443836664 0
outer loop
vertex -13.950250000000006 2.550200000000001 0.6498500000000003
vertex -13.889980000000005 2.774880000000001 0
vertex -13.889980000000005 2.774880000000001 0.6498500000000003
endloop
endfacet
facet normal 0.7079868134938251 -0.7062256522662284 0
outer loop
vertex -13.889980000000005 2.774880000000001 0.6498500000000003
vertex -13.889980000000005 2.774880000000001 0
vertex -13.725570000000005 2.939700000000001 0
endloop
endfacet
facet normal 0.7079868134938251 -0.7062256522662284 0
outer loop
vertex -13.889980000000005 2.774880000000001 0.6498500000000003
vertex -13.725570000000005 2.939700000000001 0
vertex -13.725570000000005 2.939700000000001 0.6498500000000003
endloop
endfacet
facet normal 0.2586481347709805 -0.9659716053691705 0
outer loop
vertex -13.725570000000005 2.939700000000001 0.6498500000000003
vertex -13.725570000000005 2.939700000000001 0
vertex -13.500480000000005 2.999970000000001 0
endloop
endfacet
facet normal 0.2586481347709805 -0.9659716053691705 0
outer loop
vertex -13.725570000000005 2.939700000000001 0.6498500000000003
vertex -13.500480000000005 2.999970000000001 0
vertex -13.500480000000005 2.999970000000001 0.6498500000000003
endloop
endfacet
facet normal -0.2586481347709805 -0.9659716053691705 0
outer loop
vertex -13.500480000000005 2.999970000000001 0.6498500000000003
vertex -13.500480000000005 2.999970000000001 0
vertex -13.275390000000005 2.939700000000001 0
endloop
endfacet
facet normal -0.2586481347709805 -0.9659716053691705 0
outer loop
vertex -13.500480000000005 2.999970000000001 0.6498500000000003
vertex -13.275390000000005 2.939700000000001 0
vertex -13.275390000000005 2.939700000000001 0.6498500000000003
endloop
endfacet
facet normal -0.707106781186544 -0.7071067811865511 0
outer loop
vertex -13.188470000000004 2.852780000000001 0.2599400000000001
vertex -13.275390000000005 2.939700000000001 0.6498500000000003
vertex -13.275390000000005 2.939700000000001 0
endloop
endfacet
facet normal -0.7071067811865506 -0.7071067811865445 4.4053019870208846e-15
outer loop
vertex -13.188470000000004 2.852780000000001 0.2599400000000001
vertex -13.275390000000005 2.939700000000001 0
vertex -13.169610000000006 2.833920000000001 0
endloop
endfacet
facet normal -0.7071067811865396 -0.7071067811865556 5.994556501325809e-15
outer loop
vertex -13.188470000000004 2.852780000000001 0.2599400000000001
vertex -13.169610000000006 2.833920000000001 0
vertex -13.110570000000004 2.774880000000001 0
endloop
endfacet
facet normal -0.7071067811865496 -0.7071067811865455 0
outer loop
vertex -13.188470000000004 2.852780000000001 0.2599400000000001
vertex -13.110570000000004 2.774880000000001 0
vertex -13.110570000000004 2.774880000000001 0.6498500000000003
endloop
endfacet
facet normal -0.7071067811865465 -0.7071067811865485 -1.1929465674280316e-15
outer loop
vertex -13.188470000000004 2.852780000000001 0.2599400000000001
vertex -13.110570000000004 2.774880000000001 0.6498500000000003
vertex -13.275390000000005 2.939700000000001 0.6498500000000003
endloop
endfacet
facet normal -0.9658535953212437 -0.2590884644383595 0
outer loop
vertex -13.110570000000004 2.774880000000001 0.6498500000000003
vertex -13.110570000000004 2.774880000000001 0
vertex -13.050300000000005 2.550200000000001 0
endloop
endfacet
facet normal -0.9658535953212437 -0.2590884644383595 0
outer loop
vertex -13.110570000000004 2.774880000000001 0.6498500000000003
vertex -13.050300000000005 2.550200000000001 0
vertex -13.050300000000005 2.550200000000001 0.6498500000000003
endloop
endfacet
facet normal 0.2586481347709805 -0.9659716053691705 0
outer loop
vertex -15.425430000000006 -2.1602900000000007 0.6498500000000003
vertex -15.425430000000006 -2.1602900000000007 0
vertex -15.200340000000006 -2.1000200000000007 0
endloop
endfacet
facet normal 0.2586481347709805 -0.9659716053691705 0
outer loop
vertex -15.425430000000006 -2.1602900000000007 0.6498500000000003
vertex -15.200340000000006 -2.1000200000000007 0
vertex -15.200340000000006 -2.1000200000000007 0.6498500000000003
endloop
endfacet
facet normal -0.2586481347709805 -0.9659716053691705 0
outer loop
vertex -11.800620000000004 -2.1000200000000007 0.6498500000000003
vertex -11.800620000000004 -2.1000200000000007 0
vertex -11.575530000000004 -2.1602900000000007 0
endloop
endfacet
facet normal -0.2586481347709805 -0.9659716053691705 0
outer loop
vertex -11.800620000000004 -2.1000200000000007 0.6498500000000003
vertex -11.575530000000004 -2.1602900000000007 0
vertex -11.575530000000004 -2.1602900000000007 0.6498500000000003
endloop
endfacet
facet normal -0.7071067811865466 -0.7071067811865485 0
outer loop
vertex -11.575530000000004 -2.1602900000000007 0.6498500000000003
vertex -11.575530000000004 -2.1602900000000007 0
vertex -11.410710000000003 -2.325110000000001 0
endloop
endfacet
facet normal -0.7071067811865466 -0.7071067811865485 0
outer loop
vertex -11.575530000000004 -2.1602900000000007 0.6498500000000003
vertex -11.410710000000003 -2.325110000000001 0
vertex -11.410710000000003 -2.325110000000001 0.6498500000000003
endloop
endfacet
facet normal -0.9659716053691717 -0.2586481347709765 0
outer loop
vertex -11.410710000000003 -2.325110000000001 0.6498500000000003
vertex -11.410710000000003 -2.325110000000001 0
vertex -11.350440000000004 -2.550200000000001 0
endloop
endfacet
facet normal -0.9659716053691717 -0.2586481347709765 0
outer loop
vertex -11.410710000000003 -2.325110000000001 0.6498500000000003
vertex -11.350440000000004 -2.550200000000001 0
vertex -11.350440000000004 -2.550200000000001 0.6498500000000003
endloop
endfacet
facet normal -0.9658535953212437 0.2590884644383595 0
outer loop
vertex -11.350440000000004 -2.550200000000001 0.6498500000000003
vertex -11.350440000000004 -2.550200000000001 0
vertex -11.410710000000003 -2.774880000000001 0
endloop
endfacet
facet normal -0.9658535953212437 0.2590884644383595 0
outer loop
vertex -11.350440000000004 -2.550200000000001 0.6498500000000003
vertex -11.410710000000003 -2.774880000000001 0
vertex -11.410710000000003 -2.774880000000001 0.6498500000000003
endloop
endfacet
facet normal -0.7071067811865415 0.7071067811865536 0
outer loop
vertex -11.488610000000005 -2.852780000000001 0.2599400000000001
vertex -11.410710000000003 -2.774880000000001 0.6498500000000003
vertex -11.410710000000003 -2.774880000000001 0
endloop
endfacet
facet normal -0.7071067811865396 0.7071067811865556 1.158947590256323e-15
outer loop
vertex -11.488610000000005 -2.852780000000001 0.2599400000000001
vertex -11.410710000000003 -2.774880000000001 0
vertex -11.469750000000005 -2.833920000000001 0
endloop
endfacet
facet normal -0.7071067811865506 0.7071067811865445 -4.2937753544380776e-16
outer loop
vertex -11.488610000000005 -2.852780000000001 0.2599400000000001
vertex -11.469750000000005 -2.833920000000001 0
vertex -11.575530000000004 -2.939700000000001 0
endloop
endfacet
facet normal -0.7071067811865511 0.7071067811865438 0
outer loop
vertex -11.488610000000005 -2.852780000000001 0.2599400000000001
vertex -11.575530000000004 -2.939700000000001 0
vertex -11.575530000000004 -2.939700000000001 0.6498500000000003
endloop
endfacet
facet normal -0.7071067811865465 0.7071067811865485 2.032780950897366e-15
outer loop
vertex -11.488610000000005 -2.852780000000001 0.2599400000000001
vertex -11.575530000000004 -2.939700000000001 0.6498500000000003
vertex -11.410710000000003 -2.774880000000001 0.6498500000000003
endloop
endfacet
facet normal -0.2586481347709805 0.9659716053691705 0
outer loop
vertex -11.575530000000004 -2.939700000000001 0.6498500000000003
vertex -11.575530000000004 -2.939700000000001 0
vertex -11.800620000000004 -2.999970000000001 0
endloop
endfacet
facet normal -0.2586481347709805 0.9659716053691705 0
outer loop
vertex -11.575530000000004 -2.939700000000001 0.6498500000000003
vertex -11.800620000000004 -2.999970000000001 0
vertex -11.800620000000004 -2.999970000000001 0.6498500000000003
endloop
endfacet
facet normal 0.2586481347709805 0.9659716053691705 0
outer loop
vertex -15.200340000000006 -2.999970000000001 0.6498500000000003
vertex -15.200340000000006 -2.999970000000001 0
vertex -15.425430000000006 -2.939700000000001 0
endloop
endfacet
facet normal 0.2586481347709805 0.9659716053691705 0
outer loop
vertex -15.200340000000006 -2.999970000000001 0.6498500000000003
vertex -15.425430000000006 -2.939700000000001 0
vertex -15.425430000000006 -2.939700000000001 0.6498500000000003
endloop
endfacet
facet normal 0.7071067811865466 0.7071067811865485 0
outer loop
vertex -15.425430000000006 -2.939700000000001 0.6498500000000003
vertex -15.425430000000006 -2.939700000000001 0
vertex -15.590250000000006 -2.774880000000001 0
endloop
endfacet
facet normal 0.7071067811865466 0.7071067811865485 0
outer loop
vertex -15.425430000000006 -2.939700000000001 0.6498500000000003
vertex -15.590250000000006 -2.774880000000001 0
vertex -15.590250000000006 -2.774880000000001 0.6498500000000003
endloop
endfacet
facet normal 0.9658535953212437 0.2590884644383595 0
outer loop
vertex -15.590250000000006 -2.774880000000001 0.6498500000000003
vertex -15.590250000000006 -2.774880000000001 0
vertex -15.650520000000006 -2.550200000000001 0
endloop
endfacet
facet normal 0.9658535953212437 0.2590884644383595 0
outer loop
vertex -15.590250000000006 -2.774880000000001 0.6498500000000003
vertex -15.650520000000006 -2.550200000000001 0
vertex -15.650520000000006 -2.550200000000001 0.6498500000000003
endloop
endfacet
facet normal 0.9659716053691717 -0.2586481347709765 0
outer loop
vertex -15.650520000000006 -2.550200000000001 0.6498500000000003
vertex -15.650520000000006 -2.550200000000001 0
vertex -15.590250000000006 -2.325110000000001 0
endloop
endfacet
facet normal 0.9659716053691717 -0.2586481347709765 0
outer loop
vertex -15.650520000000006 -2.550200000000001 0.6498500000000003
vertex -15.590250000000006 -2.325110000000001 0
vertex -15.590250000000006 -2.325110000000001 0.6498500000000003
endloop
endfacet
facet normal 0.7071067811865466 -0.7071067811865485 0
outer loop
vertex -15.590250000000006 -2.325110000000001 0.6498500000000003
vertex -15.590250000000006 -2.325110000000001 0
vertex -15.425430000000006 -2.1602900000000007 0
endloop
endfacet
facet normal 0.7071067811865466 -0.7071067811865485 0
outer loop
vertex -15.590250000000006 -2.325110000000001 0.6498500000000003
vertex -15.425430000000006 -2.1602900000000007 0
vertex -15.425430000000006 -2.1602900000000007 0.6498500000000003
endloop
endfacet
facet normal 0.9947722704662432 0.10211821537529724 0
outer loop
vertex -11.502140000000004 2.3898900000000007 0.6498500000000003
vertex -11.502140000000004 2.3898900000000007 0
vertex -11.525920000000005 2.621540000000001 0
endloop
endfacet
facet normal 0.9947722704662432 0.10211821537529724 0
outer loop
vertex -11.502140000000004 2.3898900000000007 0.6498500000000003
vertex -11.525920000000005 2.621540000000001 0
vertex -11.525920000000005 2.621540000000001 0.6498500000000003
endloop
endfacet
facet normal 0.9119873784136859 -0.41021826094669706 0
outer loop
vertex -11.525920000000005 2.621540000000001 0.6498500000000003
vertex -11.525920000000005 2.621540000000001 0
vertex -11.430390000000004 2.833920000000001 0
endloop
endfacet
facet normal 0.9119873784136859 -0.41021826094669706 0
outer loop
vertex -11.525920000000005 2.621540000000001 0.6498500000000003
vertex -11.430390000000004 2.833920000000001 0
vertex -11.430390000000004 2.833920000000001 0.6498500000000003
endloop
endfacet
facet normal 0.5863903041529396 -0.8100286483794401 0
outer loop
vertex -11.430390000000004 2.833920000000001 0.6498500000000003
vertex -11.430390000000004 2.833920000000001 0
vertex -11.241790000000004 2.970450000000001 0
endloop
endfacet
facet normal 0.5863903041529396 -0.8100286483794401 0
outer loop
vertex -11.430390000000004 2.833920000000001 0.6498500000000003
vertex -11.241790000000004 2.970450000000001 0
vertex -11.241790000000004 2.970450000000001 0.6498500000000003
endloop
endfacet
facet normal 0.10211821537529724 -0.9947722704662432 0
outer loop
vertex -11.241790000000004 2.970450000000001 0.6498500000000003
vertex -11.241790000000004 2.970450000000001 0
vertex -11.010140000000003 2.9942300000000013 0
endloop
endfacet
facet normal 0.10211821537529724 -0.9947722704662432 0
outer loop
vertex -11.241790000000004 2.970450000000001 0.6498500000000003
vertex -11.010140000000003 2.9942300000000013 0
vertex -11.010140000000003 2.9942300000000013 0.6498500000000003
endloop
endfacet
facet normal -0.4080960461040253 -0.9129389996896076 0
outer loop
vertex -11.010140000000003 2.9942300000000013 0.6498500000000003
vertex -11.010140000000003 2.9942300000000013 0
vertex -10.797350000000003 2.899110000000001 0
endloop
endfacet
facet normal -0.4080960461040253 -0.9129389996896076 0
outer loop
vertex -11.010140000000003 2.9942300000000013 0.6498500000000003
vertex -10.797350000000003 2.899110000000001 0
vertex -10.797350000000003 2.899110000000001 0.6498500000000003
endloop
endfacet
facet normal -0.8114675622854158 -0.5843974635114055 0
outer loop
vertex -10.797350000000003 2.899110000000001 0.6498500000000003
vertex -10.797350000000003 2.899110000000001 0
vertex -10.661230000000003 2.710100000000001 0
endloop
endfacet
facet normal -0.8114675622854158 -0.5843974635114055 0
outer loop
vertex -10.797350000000003 2.899110000000001 0.6498500000000003
vertex -10.661230000000003 2.710100000000001 0
vertex -10.661230000000003 2.710100000000001 0.6498500000000003
endloop
endfacet
facet normal 0.8094749729965967 0.5871543818214755 0
outer loop
vertex -9.516920000000004 -2.768320000000001 0.6498500000000003
vertex -9.516920000000004 -2.768320000000001 0
vertex -9.559150000000004 -2.710100000000001 0
endloop
endfacet
facet normal 0.8094749729965967 0.5871543818214755 0
outer loop
vertex -9.516920000000004 -2.768320000000001 0.6498500000000003
vertex -9.559150000000004 -2.710100000000001 0
vertex -9.559150000000004 -2.710100000000001 0.6498500000000003
endloop
endfacet
facet normal 0.8083559597589254 0.588694014172241 0
outer loop
vertex -9.422620000000004 -2.899110000000001 0.6498500000000003
vertex -9.422620000000004 -2.899110000000001 0
vertex -9.450090000000003 -2.861390000000001 0
endloop
endfacet
facet normal 0.8083559597589254 0.588694014172241 0
outer loop
vertex -9.422620000000004 -2.899110000000001 0.6498500000000003
vertex -9.450090000000003 -2.861390000000001 0
vertex -9.450090000000003 -2.861390000000001 0.6498500000000003
endloop
endfacet
facet normal -0.9345237329136103 -0.3559008185171973 0
outer loop
vertex -9.780960000000004 0.4001600000000001 0.6498500000000003
vertex -9.780960000000004 0.4001600000000001 0
vertex -9.138900000000003 -1.2857600000000005 0
endloop
endfacet
facet normal -0.9345237329136103 -0.3559008185171973 0
outer loop
vertex -9.780960000000004 0.4001600000000001 0.6498500000000003
vertex -9.138900000000003 -1.2857600000000005 0
vertex -9.138900000000003 -1.2857600000000005 0.6498500000000003
endloop
endfacet
facet normal -0.9344059286674128 -0.3562099949063612 0
outer loop
vertex -10.661230000000003 2.710100000000001 0.6498500000000003
vertex -10.661230000000003 2.710100000000001 0
vertex -10.123720000000004 1.3001100000000005 0
endloop
endfacet
facet normal -0.9344059286674128 -0.3562099949063612 0
outer loop
vertex -10.661230000000003 2.710100000000001 0.6498500000000003
vertex -10.123720000000004 1.3001100000000005 0
vertex -10.123720000000004 1.3001100000000005 0.6498500000000003
endloop
endfacet
facet normal -0.9140469740096142 0.4056083447167574 0
outer loop
vertex -8.760470000000003 -2.768320000000001 0.6498500000000003
vertex -8.760470000000003 -2.768320000000001 0
vertex -8.789580000000003 -2.833920000000001 0
endloop
endfacet
facet normal -0.9140469740096142 0.4056083447167574 0
outer loop
vertex -8.760470000000003 -2.768320000000001 0.6498500000000003
vertex -8.789580000000003 -2.833920000000001 0
vertex -8.789580000000003 -2.833920000000001 0.6498500000000003
endloop
endfacet
facet normal -0.5871543818214726 0.8094749729965988 0
outer loop
vertex -8.920370000000004 -2.928220000000001 0.6498500000000003
vertex -8.920370000000004 -2.928220000000001 0
vertex -8.978590000000004 -2.970450000000001 0
endloop
endfacet
facet normal -0.5871543818214726 0.8094749729965988 0
outer loop
vertex -8.920370000000004 -2.928220000000001 0.6498500000000003
vertex -8.978590000000004 -2.970450000000001 0
vertex -8.978590000000004 -2.970450000000001 0.6498500000000003
endloop
endfacet
facet normal -0.5886940141722535 0.8083559597589164 0
outer loop
vertex -8.789580000000003 -2.833920000000001 0.6498500000000003
vertex -8.789580000000003 -2.833920000000001 0
vertex -8.827300000000003 -2.861390000000001 0
endloop
endfacet
facet normal -0.5886940141722535 0.8083559597589164 0
outer loop
vertex -8.789580000000003 -2.833920000000001 0.6498500000000003
vertex -8.827300000000003 -2.861390000000001 0
vertex -8.827300000000003 -2.861390000000001 0.6498500000000003
endloop
endfacet
facet normal -0.10289915108550297 0.9946917938265515 0
outer loop
vertex -9.138900000000003 -2.9868500000000013 0.6498500000000003
vertex -9.138900000000003 -2.9868500000000013 0
vertex -9.210240000000004 -2.9942300000000013 0
endloop
endfacet
facet normal -0.10289915108550297 0.9946917938265515 0
outer loop
vertex -9.138900000000003 -2.9868500000000013 0.6498500000000003
vertex -9.210240000000004 -2.9942300000000013 0
vertex -9.210240000000004 -2.9942300000000013 0.6498500000000003
endloop
endfacet
facet normal -0.10560091239583168 0.9944085917273482 0
outer loop
vertex -8.978590000000004 -2.970450000000001 0.6498500000000003
vertex -8.978590000000004 -2.970450000000001 0
vertex -9.024920000000003 -2.975370000000001 0
endloop
endfacet
facet normal -0.10560091239583168 0.9944085917273482 0
outer loop
vertex -8.978590000000004 -2.970450000000001 0.6498500000000003
vertex -9.024920000000003 -2.975370000000001 0
vertex -9.024920000000003 -2.975370000000001 0.6498500000000003
endloop
endfacet
facet normal 0.40560834471676244 0.9140469740096118 0
outer loop
vertex -9.357020000000004 -2.928220000000001 0.6498500000000003
vertex -9.357020000000004 -2.928220000000001 0
vertex -9.422620000000004 -2.899110000000001 0
endloop
endfacet
facet normal 0.40560834471676244 0.9140469740096118 0
outer loop
vertex -9.357020000000004 -2.928220000000001 0.6498500000000003
vertex -9.422620000000004 -2.899110000000001 0
vertex -9.422620000000004 -2.899110000000001 0.6498500000000003
endloop
endfacet
facet normal 0.4077828306037032 0.9130789467865478 0
outer loop
vertex -9.210240000000004 -2.9942300000000013 0.6498500000000003
vertex -9.210240000000004 -2.9942300000000013 0
vertex -9.252470000000004 -2.975370000000001 0
endloop
endfacet
facet normal 0.4077828306037032 0.9130789467865478 0
outer loop
vertex -9.210240000000004 -2.9942300000000013 0.6498500000000003
vertex -9.252470000000004 -2.975370000000001 0
vertex -9.252470000000004 -2.975370000000001 0.6498500000000003
endloop
endfacet
facet normal 0.8106328577138081 -0.5855547540535768 0
outer loop
vertex -7.616570000000003 2.710100000000001 0.6498500000000003
vertex -7.616570000000003 2.710100000000001 0
vertex -7.4800400000000025 2.899110000000001 0
endloop
endfacet
facet normal 0.8106328577138081 -0.5855547540535768 0
outer loop
vertex -7.616570000000003 2.710100000000001 0.6498500000000003
vertex -7.4800400000000025 2.899110000000001 0
vertex -7.4800400000000025 2.899110000000001 0.6498500000000003
endloop
endfacet
facet normal 0.4080960461040253 -0.9129389996896076 0
outer loop
vertex -7.4800400000000025 2.899110000000001 0.6498500000000003
vertex -7.4800400000000025 2.899110000000001 0
vertex -7.267250000000002 2.9942300000000013 0
endloop
endfacet
facet normal 0.4080960461040253 -0.9129389996896076 0
outer loop
vertex -7.4800400000000025 2.899110000000001 0.6498500000000003
vertex -7.267250000000002 2.9942300000000013 0
vertex -7.267250000000002 2.9942300000000013 0.6498500000000003
endloop
endfacet
facet normal -0.10211821537529724 -0.9947722704662432 0
outer loop
vertex -7.267250000000002 2.9942300000000013 0.6498500000000003
vertex -7.267250000000002 2.9942300000000013 0
vertex -7.035600000000002 2.970450000000001 0
endloop
endfacet
facet normal -0.10211821537529724 -0.9947722704662432 0
outer loop
vertex -7.267250000000002 2.9942300000000013 0.6498500000000003
vertex -7.035600000000002 2.970450000000001 0
vertex -7.035600000000002 2.970450000000001 0.6498500000000003
endloop
endfacet
facet normal -0.5863903041529416 -0.810028648379439 0
outer loop
vertex -7.035600000000002 2.970450000000001 0.6498500000000003
vertex -7.035600000000002 2.970450000000001 0
vertex -6.847000000000002 2.833920000000001 0
endloop
endfacet
facet normal -0.5863903041529416 -0.810028648379439 0
outer loop
vertex -7.035600000000002 2.970450000000001 0.6498500000000003
vertex -6.847000000000002 2.833920000000001 0
vertex -6.847000000000002 2.833920000000001 0.6498500000000003
endloop
endfacet
facet normal -0.9119873784136873 -0.41021826094669384 0
outer loop
vertex -6.847000000000002 2.833920000000001 0.6498500000000003
vertex -6.847000000000002 2.833920000000001 0
vertex -6.751470000000003 2.621540000000001 0
endloop
endfacet
facet normal -0.9119873784136873 -0.41021826094669384 0
outer loop
vertex -6.847000000000002 2.833920000000001 0.6498500000000003
vertex -6.751470000000003 2.621540000000001 0
vertex -6.751470000000003 2.621540000000001 0.6498500000000003
endloop
endfacet
facet normal -0.9947722704662435 0.10211821537529346 0
outer loop
vertex -6.751470000000003 2.621540000000001 0.6498500000000003
vertex -6.751470000000003 2.621540000000001 0
vertex -6.775250000000002 2.3898900000000007 0
endloop
endfacet
facet normal -0.9947722704662435 0.10211821537529346 0
outer loop
vertex -6.751470000000003 2.621540000000001 0.6498500000000003
vertex -6.775250000000002 2.3898900000000007 0
vertex -6.775250000000002 2.3898900000000007 0.6498500000000003
endloop
endfacet
facet normal -0.8083559597589073 0.588694014172266 0
outer loop
vertex -8.827300000000003 -2.861390000000001 0.6498500000000003
vertex -8.827300000000003 -2.861390000000001 0
vertex -8.854770000000004 -2.899110000000001 0
endloop
endfacet
facet normal -0.8083559597589073 0.588694014172266 0
outer loop
vertex -8.827300000000003 -2.861390000000001 0.6498500000000003
vertex -8.854770000000004 -2.899110000000001 0
vertex -8.854770000000004 -2.899110000000001 0.6498500000000003
endloop
endfacet
facet normal -0.8094749729965967 0.5871543818214755 0
outer loop
vertex -8.718240000000003 -2.710100000000001 0.6498500000000003
vertex -8.718240000000003 -2.710100000000001 0
vertex -8.760470000000003 -2.768320000000001 0
endloop
endfacet
facet normal -0.8094749729965967 0.5871543818214755 0
outer loop
vertex -8.718240000000003 -2.710100000000001 0.6498500000000003
vertex -8.760470000000003 -2.768320000000001 0
vertex -8.760470000000003 -2.768320000000001 0.6498500000000003
endloop
endfacet
facet normal -0.4077828306037032 0.9130789467865478 0
outer loop
vertex -9.024920000000003 -2.975370000000001 0.6498500000000003
vertex -9.024920000000003 -2.975370000000001 0
vertex -9.067150000000003 -2.9942300000000013 0
endloop
endfacet
facet normal -0.4077828306037032 0.9130789467865478 0
outer loop
vertex -9.024920000000003 -2.975370000000001 0.6498500000000003
vertex -9.067150000000003 -2.9942300000000013 0
vertex -9.067150000000003 -2.9942300000000013 0.6498500000000003
endloop
endfacet
facet normal -0.40560834471676244 0.9140469740096118 0
outer loop
vertex -8.854770000000004 -2.899110000000001 0.6498500000000003
vertex -8.854770000000004 -2.899110000000001 0
vertex -8.920370000000004 -2.928220000000001 0
endloop
endfacet
facet normal -0.40560834471676244 0.9140469740096118 0
outer loop
vertex -8.854770000000004 -2.899110000000001 0.6498500000000003
vertex -8.920370000000004 -2.928220000000001 0
vertex -8.920370000000004 -2.928220000000001 0.6498500000000003
endloop
endfacet
facet normal 0.10560091239583168 0.9944085917273482 0
outer loop
vertex -9.252470000000004 -2.975370000000001 0.6498500000000003
vertex -9.252470000000004 -2.975370000000001 0
vertex -9.298800000000004 -2.970450000000001 0
endloop
endfacet
facet normal 0.10560091239583168 0.9944085917273482 0
outer loop
vertex -9.252470000000004 -2.975370000000001 0.6498500000000003
vertex -9.298800000000004 -2.970450000000001 0
vertex -9.298800000000004 -2.970450000000001 0.6498500000000003
endloop
endfacet
facet normal 0.10231732906347053 0.9947518103393014 0
outer loop
vertex -9.067150000000003 -2.9942300000000013 0.6498500000000003
vertex -9.067150000000003 -2.9942300000000013 0
vertex -9.138900000000003 -2.9868500000000013 0
endloop
endfacet
facet normal 0.10231732906347053 0.9947518103393014 0
outer loop
vertex -9.067150000000003 -2.9942300000000013 0.6498500000000003
vertex -9.138900000000003 -2.9868500000000013 0
vertex -9.138900000000003 -2.9868500000000013 0.6498500000000003
endloop
endfacet
facet normal 0.5886940141722535 0.8083559597589164 0
outer loop
vertex -9.450090000000003 -2.861390000000001 0.6498500000000003
vertex -9.450090000000003 -2.861390000000001 0
vertex -9.487810000000003 -2.833920000000001 0
endloop
endfacet
facet normal 0.5886940141722535 0.8083559597589164 0
outer loop
vertex -9.450090000000003 -2.861390000000001 0.6498500000000003
vertex -9.487810000000003 -2.833920000000001 0
vertex -9.487810000000003 -2.833920000000001 0.6498500000000003
endloop
endfacet
facet normal 0.5871543818214726 0.8094749729965988 0
outer loop
vertex -9.298800000000004 -2.970450000000001 0.6498500000000003
vertex -9.298800000000004 -2.970450000000001 0
vertex -9.357020000000004 -2.928220000000001 0
endloop
endfacet
facet normal 0.5871543818214726 0.8094749729965988 0
outer loop
vertex -9.298800000000004 -2.970450000000001 0.6498500000000003
vertex -9.357020000000004 -2.928220000000001 0
vertex -9.357020000000004 -2.928220000000001 0.6498500000000003
endloop
endfacet
facet normal 0.9140469740096049 0.405608344716778 0
outer loop
vertex -9.487810000000003 -2.833920000000001 0.6498500000000003
vertex -9.487810000000003 -2.833920000000001 0
vertex -9.516920000000004 -2.768320000000001 0
endloop
endfacet
facet normal 0.9140469740096049 0.405608344716778 0
outer loop
vertex -9.487810000000003 -2.833920000000001 0.6498500000000003
vertex -9.516920000000004 -2.768320000000001 0
vertex -9.516920000000004 -2.768320000000001 0.6498500000000003
endloop
endfacet
facet normal 0.9344963440784769 -0.3559727277530694 0
outer loop
vertex -8.153670000000004 1.3001100000000005 0.6498500000000003
vertex -8.153670000000004 1.3001100000000005 0
vertex -7.616570000000003 2.710100000000001 0
endloop
endfacet
facet normal 0.9344963440784769 -0.3559727277530694 0
outer loop
vertex -8.153670000000004 1.3001100000000005 0.6498500000000003
vertex -7.616570000000003 2.710100000000001 0
vertex -7.616570000000003 2.710100000000001 0.6498500000000003
endloop
endfacet
facet normal 0.9344481293114827 -0.3560992749589231 0
outer loop
vertex -9.138900000000003 -1.2857600000000005 0.6498500000000003
vertex -9.138900000000003 -1.2857600000000005 0
vertex -8.496430000000004 0.4001600000000001 0
endloop
endfacet
facet normal 0.9344481293114827 -0.3560992749589231 0
outer loop
vertex -9.138900000000003 -1.2857600000000005 0.6498500000000003
vertex -8.496430000000004 0.4001600000000001 0
vertex -8.496430000000004 0.4001600000000001 0.6498500000000003
endloop
endfacet
facet normal 0 1 0
outer loop
vertex 13.986330000000006 -0.5715400000000002 0.6498500000000003
vertex 13.986330000000006 -0.5715400000000002 0
vertex 12.493110000000005 -0.5715400000000002 0
endloop
endfacet
facet normal 0 1 0
outer loop
vertex 13.986330000000006 -0.5715400000000002 0.6498500000000003
vertex 12.493110000000005 -0.5715400000000002 0
vertex 12.493110000000005 -0.5715400000000002 0.6498500000000003
endloop
endfacet
facet normal 0 1 0
outer loop
vertex 15.200340000000006 2.1000200000000007 0.6498500000000003
vertex 15.200340000000006 2.1000200000000007 0
vertex 12.493110000000005 2.1000200000000007 0
endloop
endfacet
facet normal 0 1 0
outer loop
vertex 15.200340000000006 2.1000200000000007 0.6498500000000003
vertex 12.493110000000005 2.1000200000000007 0
vertex 12.493110000000005 2.1000200000000007 0.6498500000000003
endloop
endfacet
facet normal 0.9140469740096095 -0.4056083447167676 0
outer loop
vertex 7.429610000000003 2.768320000000001 0.6498500000000003
vertex 7.429610000000003 2.768320000000001 0
vertex 7.458720000000003 2.833920000000001 0
endloop
endfacet
facet normal 0.9140469740096095 -0.4056083447167676 0
outer loop
vertex 7.429610000000003 2.768320000000001 0.6498500000000003
vertex 7.458720000000003 2.833920000000001 0
vertex 7.458720000000003 2.833920000000001 0.6498500000000003
endloop
endfacet
facet normal 0.5871543818214726 -0.8094749729965988 0
outer loop
vertex 7.589510000000002 2.928220000000001 0.6498500000000003
vertex 7.589510000000002 2.928220000000001 0
vertex 7.647730000000003 2.970450000000001 0
endloop
endfacet
facet normal 0.5871543818214726 -0.8094749729965988 0
outer loop
vertex 7.589510000000002 2.928220000000001 0.6498500000000003
vertex 7.647730000000003 2.970450000000001 0
vertex 7.647730000000003 2.970450000000001 0.6498500000000003
endloop
endfacet
facet normal 0.5886940141722625 -0.8083559597589097 0
outer loop
vertex 7.458720000000003 2.833920000000001 0.6498500000000003
vertex 7.458720000000003 2.833920000000001 0
vertex 7.496440000000002 2.861390000000001 0
endloop
endfacet
facet normal 0.5886940141722625 -0.8083559597589097 0
outer loop
vertex 7.458720000000003 2.833920000000001 0.6498500000000003
vertex 7.496440000000002 2.861390000000001 0
vertex 7.496440000000002 2.861390000000001 0.6498500000000003
endloop
endfacet
facet normal 0.10289915108550424 -0.9946917938265514 0
outer loop
vertex 7.808040000000003 2.9868500000000013 0.6498500000000003
vertex 7.808040000000003 2.9868500000000013 0
vertex 7.879380000000003 2.9942300000000013 0
endloop
endfacet
facet normal 0.10289915108550424 -0.9946917938265514 0
outer loop
vertex 7.808040000000003 2.9868500000000013 0.6498500000000003
vertex 7.879380000000003 2.9942300000000013 0
vertex 7.879380000000003 2.9942300000000013 0.6498500000000003
endloop
endfacet
facet normal 0.10560091239582968 -0.9944085917273485 0
outer loop
vertex 7.647730000000003 2.970450000000001 0.6498500000000003
vertex 7.647730000000003 2.970450000000001 0
vertex 7.694060000000003 2.975370000000001 0
endloop
endfacet
facet normal 0.10560091239582968 -0.9944085917273485 0
outer loop
vertex 7.647730000000003 2.970450000000001 0.6498500000000003
vertex 7.694060000000003 2.975370000000001 0
vertex 7.694060000000003 2.975370000000001 0.6498500000000003
endloop
endfacet
facet normal -0.40560834471676244 -0.9140469740096118 0
outer loop
vertex 8.026160000000003 2.928220000000001 0.6498500000000003
vertex 8.026160000000003 2.928220000000001 0
vertex 8.091760000000003 2.899110000000001 0
endloop
endfacet
facet normal -0.40560834471676244 -0.9140469740096118 0
outer loop
vertex 8.026160000000003 2.928220000000001 0.6498500000000003
vertex 8.091760000000003 2.899110000000001 0
vertex 8.091760000000003 2.899110000000001 0.6498500000000003
endloop
endfacet
facet normal -0.4077828306037032 -0.9130789467865478 0
outer loop
vertex 7.879380000000003 2.9942300000000013 0.6498500000000003
vertex 7.879380000000003 2.9942300000000013 0
vertex 7.921610000000003 2.975370000000001 0
endloop
endfacet
facet normal -0.4077828306037032 -0.9130789467865478 0
outer loop
vertex 7.879380000000003 2.9942300000000013 0.6498500000000003
vertex 7.921610000000003 2.975370000000001 0
vertex 7.921610000000003 2.975370000000001 0.6498500000000003
endloop
endfacet
facet normal -0.8094749729965967 -0.5871543818214755 0
outer loop
vertex 8.186060000000003 2.768320000000001 0.6498500000000003
vertex 8.186060000000003 2.768320000000001 0
vertex 8.228290000000003 2.710100000000001 0
endloop
endfacet
facet normal -0.8094749729965967 -0.5871543818214755 0
outer loop
vertex 8.186060000000003 2.768320000000001 0.6498500000000003
vertex 8.228290000000003 2.710100000000001 0
vertex 8.228290000000003 2.710100000000001 0.6498500000000003
endloop
endfacet
facet normal -0.8083559597589073 -0.588694014172266 0
outer loop
vertex 8.091760000000003 2.899110000000001 0.6498500000000003
vertex 8.091760000000003 2.899110000000001 0
vertex 8.119230000000003 2.861390000000001 0
endloop
endfacet
facet normal -0.8083559597589073 -0.588694014172266 0
outer loop
vertex 8.091760000000003 2.899110000000001 0.6498500000000003
vertex 8.119230000000003 2.861390000000001 0
vertex 8.119230000000003 2.861390000000001 0.6498500000000003
endloop
endfacet
facet normal 0.7071067811865476 0.7071067811865476 0
outer loop
vertex -6.031100000000002 -2.852780000000001 0.2599400000000001
vertex -5.944180000000002 -2.939700000000001 0.6498500000000003
vertex -5.944180000000002 -2.939700000000001 0
endloop
endfacet
facet normal 0.7071067811865476 0.7071067811865476 0
outer loop
vertex -6.031100000000002 -2.852780000000001 0.2599400000000001
vertex -5.944180000000002 -2.939700000000001 0
vertex -6.049960000000002 -2.833920000000001 0
endloop
endfacet
facet normal 0.7071067811865449 0.7071067811865502 3.896461725861805e-16
outer loop
vertex -6.031100000000002 -2.852780000000001 0.2599400000000001
vertex -6.049960000000002 -2.833920000000001 0
vertex -6.109000000000003 -2.774880000000001 0
endloop
endfacet
facet normal 0.7071067811865455 0.7071067811865495 0
outer loop
vertex -6.031100000000002 -2.852780000000001 0.2599400000000001
vertex -6.109000000000003 -2.774880000000001 0
vertex -6.109000000000003 -2.774880000000001 0.6498500000000003
endloop
endfacet
facet normal 0.7071067811865465 0.7071067811865485 4.1991719173466716e-16
outer loop
vertex -6.031100000000002 -2.852780000000001 0.2599400000000001
vertex -6.109000000000003 -2.774880000000001 0.6498500000000003
vertex -5.944180000000002 -2.939700000000001 0.6498500000000003
endloop
endfacet
facet normal 0.8942015535504241 0.44766458607757675 0
outer loop
vertex -2.769140000000001 -0.9561200000000004 0.6498500000000003
vertex -2.769140000000001 -0.9561200000000004 0
vertex -2.931910000000001 -0.6309900000000003 0
endloop
endfacet
facet normal 0.8942015535504241 0.44766458607757675 0
outer loop
vertex -2.769140000000001 -0.9561200000000004 0.6498500000000003
vertex -2.931910000000001 -0.6309900000000003 0
vertex -2.931910000000001 -0.6309900000000003 0.6498500000000003
endloop
endfacet
facet normal 0.70835278141927 0.7058585814846937 0
outer loop
vertex -2.931910000000001 -0.6309900000000003 0.6498500000000003
vertex -2.931910000000001 -0.6309900000000003 0
vertex -3.047940000000001 -0.5145500000000002 0
endloop
endfacet
facet normal 0.70835278141927 0.7058585814846937 0
outer loop
vertex -2.931910000000001 -0.6309900000000003 0.6498500000000003
vertex -3.047940000000001 -0.5145500000000002 0
vertex -3.047940000000001 -0.5145500000000002 0.6498500000000003
endloop
endfacet
facet normal -0.7071067811865474 -0.7071067811865477 0
outer loop
vertex -2.486650000000001 0.19680000000000009 0.6498500000000003
vertex -2.486650000000001 0.19680000000000009 0
vertex -2.2439300000000006 -0.045920000000000016 0
endloop
endfacet
facet normal -0.7071067811865474 -0.7071067811865477 0
outer loop
vertex -2.486650000000001 0.19680000000000009 0.6498500000000003
vertex -2.2439300000000006 -0.045920000000000016 0
vertex -2.2439300000000006 -0.045920000000000016 0.6498500000000003
endloop
endfacet
facet normal -1 0 0
outer loop
vertex -1.8691900000000008 -1.2140100000000005 0.43337000000000014
vertex -1.8691900000000008 -1.4723100000000005 0.6498500000000003
vertex -1.8691900000000008 -0.9561200000000004 0.6498500000000003
endloop
endfacet
facet normal -0.9999999999999999 0 0
outer loop
vertex -1.8691900000000008 -1.2140100000000005 0.43337000000000014
vertex -1.8691900000000008 -0.9561200000000004 0.6498500000000003
vertex -1.8691900000000008 -0.8499300000000003 0.6498500000000003
endloop
endfacet
facet normal -1 0 0
outer loop
vertex -1.8691900000000008 -1.2140100000000005 0.43337000000000014
vertex -1.8691900000000008 -0.8499300000000003 0.6498500000000003
vertex -1.8691900000000008 -0.8499300000000003 0
endloop
endfacet
facet normal -1 0 0
outer loop
vertex -1.8691900000000008 -1.2140100000000005 0.43337000000000014
vertex -1.8691900000000008 -0.8499300000000003 0
vertex -1.8691900000000008 -1.5785000000000007 0
endloop
endfacet
facet normal -1 0 0
outer loop
vertex -1.8691900000000008 -1.2140100000000005 0.43337000000000014
vertex -1.8691900000000008 -1.5785000000000007 0
vertex -1.8691900000000008 -1.5785000000000007 0.6498500000000003
endloop
endfacet
facet normal -1 0 0
outer loop
vertex -1.8691900000000008 -1.2140100000000005 0.43337000000000014
vertex -1.8691900000000008 -1.5785000000000007 0.6498500000000003
vertex -1.8691900000000008 -1.4723100000000005 0.6498500000000003
endloop
endfacet
facet normal 0 1 0
outer loop
vertex -3.6067700000000014 -0.32841000000000015 0.6498500000000003
vertex -3.6067700000000014 -0.32841000000000015 0
vertex -5.269320000000002 -0.32841000000000015 0
endloop
endfacet
facet normal 0 1 0
outer loop
vertex -3.6067700000000014 -0.32841000000000015 0.6498500000000003
vertex -5.269320000000002 -0.32841000000000015 0
vertex -5.269320000000002 -0.32841000000000015 0.6498500000000003
endloop
endfacet
facet normal 0 -0.9999999999999999 0
outer loop
vertex -5.269320000000002 0.5715400000000002 0.6498500000000003
vertex -5.269320000000002 0.5715400000000002 0
vertex -3.5333800000000015 0.5715400000000002 0
endloop
endfacet
facet normal 0 -0.9999999999999999 0
outer loop
vertex -5.269320000000002 0.5715400000000002 0.6498500000000003
vertex -3.5333800000000015 0.5715400000000002 0
vertex -3.5333800000000015 0.5715400000000002 0.6498500000000003
endloop
endfacet
facet normal 1 0 0
outer loop
vertex 0.20828000000000008 -0.18163000000000007 0.09266000000000003
vertex 0.20828000000000008 -2.1000200000000007 0.6498500000000003
vertex 0.20828000000000008 -2.1000200000000007 0
endloop
endfacet
facet normal 1 0 0
outer loop
vertex 0.20828000000000008 -0.18163000000000007 0.09266000000000003
vertex 0.20828000000000008 -2.1000200000000007 0
vertex 0.20828000000000008 -1.7798100000000006 0
endloop
endfacet
facet normal 1 0 0
outer loop
vertex 0.20828000000000008 -0.18163000000000007 0.09266000000000003
vertex 0.20828000000000008 -1.7798100000000006 0
vertex 0.20828000000000008 -1.5785000000000007 0
endloop
endfacet
facet normal 1 0 0
outer loop
vertex 0.20828000000000008 -0.18163000000000007 0.09266000000000003
vertex 0.20828000000000008 -1.5785000000000007 0
vertex 0.20828000000000008 -0.8499300000000003 0
endloop
endfacet
facet normal 1 0 0
outer loop
vertex 0.20828000000000008 -0.18163000000000007 0.09266000000000003
vertex 0.20828000000000008 -0.8499300000000003 0
vertex 0.20828000000000008 -0.6486200000000002 0
endloop
endfacet
facet normal 1 0 0
outer loop
vertex 0.20828000000000008 -0.18163000000000007 0.09266000000000003
vertex 0.20828000000000008 -0.6486200000000002 0
vertex 0.20828000000000008 -0.16318000000000007 0
endloop
endfacet
facet normal 1 0 0
outer loop
vertex 0.20828000000000008 -0.18163000000000007 0.09266000000000003
vertex 0.20828000000000008 -0.16318000000000007 0
vertex 0.20828000000000008 -0.045920000000000016 0
endloop
endfacet
facet normal 1 0 0
outer loop
vertex 0.20828000000000008 -0.18163000000000007 0.09266000000000003
vertex 0.20828000000000008 -0.045920000000000016 0
vertex 0.20828000000000008 0.19680000000000009 0
endloop
endfacet
facet normal 1 0 0
outer loop
vertex 0.20828000000000008 -0.18163000000000007 0.09266000000000003
vertex 0.20828000000000008 0.19680000000000009 0
vertex 0.20828000000000008 0.3054500000000001 0
endloop
endfacet
facet normal 1 0 0
outer loop
vertex 0.20828000000000008 -0.18163000000000007 0.09266000000000003
vertex 0.20828000000000008 0.3054500000000001 0
vertex 0.20828000000000008 0.5481700000000002 0
endloop
endfacet
facet normal 1 0 0
outer loop
vertex 0.20828000000000008 -0.18163000000000007 0.09266000000000003
vertex 0.20828000000000008 0.5481700000000002 0
vertex 0.20828000000000008 0.5715400000000002 0
endloop
endfacet
facet normal 1 0 0
outer loop
vertex 0.20828000000000008 -0.18163000000000007 0.09266000000000003
vertex 0.20828000000000008 0.5715400000000002 0
vertex 0.20828000000000008 2.550200000000001 0
endloop
endfacet
facet normal 0.9999999999999999 0 0
outer loop
vertex 0.20828000000000008 -0.18163000000000007 0.09266000000000003
vertex 0.20828000000000008 2.550200000000001 0
vertex 0.20828000000000008 2.550200000000001 0.6498500000000003
endloop
endfacet
facet normal 1 0 0
outer loop
vertex 0.20828000000000008 -0.18163000000000007 0.09266000000000003
vertex 0.20828000000000008 2.550200000000001 0.6498500000000003
vertex 0.20828000000000008 -2.1000200000000007 0.6498500000000003
endloop
endfacet
facet normal -1 0 0
outer loop
vertex 1.1082300000000005 2.550200000000001 0.6498500000000003
vertex 1.1082300000000005 2.550200000000001 0
vertex 1.1082300000000005 -2.1000200000000007 0
endloop
endfacet
facet normal -1 0 0
outer loop
vertex 1.1082300000000005 2.550200000000001 0.6498500000000003
vertex 1.1082300000000005 -2.1000200000000007 0
vertex 1.1082300000000005 -2.1000200000000007 0.6498500000000003
endloop
endfacet
facet normal 0.7071067811865475 -0.7071067811865475 0
outer loop
vertex -1.3538200000000005 -2.247210000000001 0.2599400000000001
vertex -1.4317200000000005 -2.325110000000001 0.6498500000000003
vertex -1.4317200000000005 -2.325110000000001 0
endloop
endfacet
facet normal 0.7071067811865476 -0.7071067811865476 0
outer loop
vertex -1.3538200000000005 -2.247210000000001 0.2599400000000001
vertex -1.4317200000000005 -2.325110000000001 0
vertex -1.3722700000000005 -2.265660000000001 0
endloop
endfacet
facet normal 0.7071067811865482 -0.7071067811865467 -1.0636255893403099e-16
outer loop
vertex -1.3538200000000005 -2.247210000000001 0.2599400000000001
vertex -1.3722700000000005 -2.265660000000001 0
vertex -1.2669000000000006 -2.1602900000000007 0
endloop
endfacet
facet normal 0.7071067811865485 -0.7071067811865466 0
outer loop
vertex -1.3538200000000005 -2.247210000000001 0.2599400000000001
vertex -1.2669000000000006 -2.1602900000000007 0
vertex -1.2669000000000006 -2.1602900000000007 0.6498500000000003
endloop
endfacet
facet normal 0.7071067811865479 -0.707106781186547 1.9087145078848548e-16
outer loop
vertex -1.3538200000000005 -2.247210000000001 0.2599400000000001
vertex -1.2669000000000006 -2.1602900000000007 0.6498500000000003
vertex -1.4317200000000005 -2.325110000000001 0.6498500000000003
endloop
endfacet
facet normal 1 0 0
outer loop
vertex 3.355440000000001 -0.9409500000000004 0.18573000000000006
vertex 3.355440000000001 -2.550200000000001 0.6498500000000003
vertex 3.355440000000001 -2.550200000000001 0
endloop
endfacet
facet normal 0.9999999999999999 0 0
outer loop
vertex 3.355440000000001 -0.9409500000000004 0.18573000000000006
vertex 3.355440000000001 -2.550200000000001 0
vertex 3.355440000000001 -2.325110000000001 0
endloop
endfacet
facet normal 1 0 0
outer loop
vertex 3.355440000000001 -0.9409500000000004 0.18573000000000006
vertex 3.355440000000001 -2.325110000000001 0
vertex 3.355440000000001 -2.1602900000000007 0
endloop
endfacet
facet normal 1 0 0
outer loop
vertex 3.355440000000001 -0.9409500000000004 0.18573000000000006
vertex 3.355440000000001 -2.1602900000000007 0
vertex 3.355440000000001 -2.1000200000000007 0
endloop
endfacet
facet normal 1 0 0
outer loop
vertex 3.355440000000001 -0.9409500000000004 0.18573000000000006
vertex 3.355440000000001 -2.1000200000000007 0
vertex 3.355440000000001 2.550200000000001 0
endloop
endfacet
facet normal 1 0 0
outer loop
vertex 3.355440000000001 -0.9409500000000004 0.18573000000000006
vertex 3.355440000000001 2.550200000000001 0
vertex 3.355440000000001 2.550200000000001 0.6498500000000003
endloop
endfacet
facet normal 1 0 0
outer loop
vertex 3.355440000000001 -0.9409500000000004 0.18573000000000006
vertex 3.355440000000001 2.550200000000001 0.6498500000000003
vertex 3.355440000000001 -2.550200000000001 0.6498500000000003
endloop
endfacet
facet normal -1 0 0
outer loop
vertex 4.255390000000002 2.550200000000001 0.6498500000000003
vertex 4.255390000000002 2.550200000000001 0
vertex 4.255390000000002 -2.550200000000001 0
endloop
endfacet
facet normal -1 0 0
outer loop
vertex 4.255390000000002 2.550200000000001 0.6498500000000003
vertex 4.255390000000002 -2.550200000000001 0
vertex 4.255390000000002 -2.550200000000001 0.6498500000000003
endloop
endfacet
facet normal -0.9658535953212428 0.25908846443836303 0
outer loop
vertex 4.255390000000002 -2.550200000000001 0.6498500000000003
vertex 4.255390000000002 -2.550200000000001 0
vertex 4.195120000000002 -2.774880000000001 0
endloop
endfacet
facet normal -0.9658535953212428 0.25908846443836303 0
outer loop
vertex 4.255390000000002 -2.550200000000001 0.6498500000000003
vertex 4.195120000000002 -2.774880000000001 0
vertex 4.195120000000002 -2.774880000000001 0.6498500000000003
endloop
endfacet
facet normal 1 0 0
outer loop
vertex 5.414870000000002 -0.02091000000000001 0.38991000000000015
vertex 5.414870000000002 -0.10455000000000005 0.6498500000000003
vertex 5.414870000000002 -2.550200000000001 0.6498500000000003
endloop
endfacet
facet normal 0.9999999999999999 0 0
outer loop
vertex 5.414870000000002 -0.02091000000000001 0.38991000000000015
vertex 5.414870000000002 -2.550200000000001 0.6498500000000003
vertex 5.414870000000002 -2.550200000000001 0
endloop
endfacet
facet normal 1 0 0
outer loop
vertex 5.414870000000002 -0.02091000000000001 0.38991000000000015
vertex 5.414870000000002 -2.550200000000001 0
vertex 5.414870000000002 2.550200000000001 0
endloop
endfacet
facet normal 1 0 0
outer loop
vertex 5.414870000000002 -0.02091000000000001 0.38991000000000015
vertex 5.414870000000002 2.550200000000001 0
vertex 5.414870000000002 2.550200000000001 0.6498500000000003
endloop
endfacet
facet normal 1 0 0
outer loop
vertex 5.414870000000002 -0.02091000000000001 0.38991000000000015
vertex 5.414870000000002 2.550200000000001 0.6498500000000003
vertex 5.414870000000002 -0.10455000000000005 0.6498500000000003
endloop
endfacet
facet normal 0.9658535953212428 -0.25908846443836303 0
outer loop
vertex 5.414870000000002 2.550200000000001 0.6498500000000003
vertex 5.414870000000002 2.550200000000001 0
vertex 5.475140000000002 2.774880000000001 0
endloop
endfacet
facet normal 0.9658535953212428 -0.25908846443836303 0
outer loop
vertex 5.414870000000002 2.550200000000001 0.6498500000000003
vertex 5.475140000000002 2.774880000000001 0
vertex 5.475140000000002 2.774880000000001 0.6498500000000003
endloop
endfacet
facet normal -1 0 0
outer loop
vertex 6.314820000000003 2.550200000000001 0.6498500000000003
vertex 6.314820000000003 2.550200000000001 0
vertex 6.314820000000003 -0.10455000000000005 0
endloop
endfacet
facet normal -1 0 0
outer loop
vertex 6.314820000000003 2.550200000000001 0.6498500000000003
vertex 6.314820000000003 -0.10455000000000005 0
vertex 6.314820000000003 -0.10455000000000005 0.6498500000000003
endloop
endfacet
facet normal 0.9344532292276828 -0.3560858918659312 0
outer loop
vertex 6.314820000000003 -0.10455000000000005 0.6498500000000003
vertex 6.314820000000003 -0.10455000000000005 0
vertex 7.387380000000003 2.710100000000001 0
endloop
endfacet
facet normal 0.9344532292276828 -0.3560858918659312 0
outer loop
vertex 6.314820000000003 -0.10455000000000005 0.6498500000000003
vertex 7.387380000000003 2.710100000000001 0
vertex 7.387380000000003 2.710100000000001 0.6498500000000003
endloop
endfacet
facet normal -0.9344801399873034 0.35601526367462105 0
outer loop
vertex 7.808040000000003 1.2857600000000005 0.6498500000000003
vertex 7.808040000000003 1.2857600000000005 0
vertex 6.285710000000003 -2.710100000000001 0
endloop
endfacet
facet normal -0.9344801399873034 0.35601526367462105 0
outer loop
vertex 7.808040000000003 1.2857600000000005 0.6498500000000003
vertex 6.285710000000003 -2.710100000000001 0
vertex 6.285710000000003 -2.710100000000001 0.6498500000000003
endloop
endfacet
facet normal -0.9344532292276826 -0.3560858918659314 0
outer loop
vertex 8.228290000000003 2.710100000000001 0.6498500000000003
vertex 8.228290000000003 2.710100000000001 0
vertex 9.300850000000004 -0.10455000000000005 0
endloop
endfacet
facet normal -0.9344532292276826 -0.3560858918659314 0
outer loop
vertex 8.228290000000003 2.710100000000001 0.6498500000000003
vertex 9.300850000000004 -0.10455000000000005 0
vertex 9.300850000000004 -0.10455000000000005 0.6498500000000003
endloop
endfacet
facet normal 0.7079868134938251 -0.7062256522662284 0
outer loop
vertex 9.361120000000003 2.774880000000001 0.6498500000000003
vertex 9.361120000000003 2.774880000000001 0
vertex 9.525530000000003 2.939700000000001 0
endloop
endfacet
facet normal 0.7079868134938251 -0.7062256522662284 0
outer loop
vertex 9.361120000000003 2.774880000000001 0.6498500000000003
vertex 9.525530000000003 2.939700000000001 0
vertex 9.525530000000003 2.939700000000001 0.6498500000000003
endloop
endfacet
facet normal -0.9658535953212418 -0.25908846443836664 0
outer loop
vertex 10.140530000000004 2.774880000000001 0.6498500000000003
vertex 10.140530000000004 2.774880000000001 0
vertex 10.200800000000005 2.550200000000001 0
endloop
endfacet
facet normal -0.9658535953212418 -0.25908846443836664 0
outer loop
vertex 10.140530000000004 2.774880000000001 0.6498500000000003
vertex 10.200800000000005 2.550200000000001 0
vertex 10.200800000000005 2.550200000000001 0.6498500000000003
endloop
endfacet
facet normal 1 0 0
outer loop
vertex 9.300850000000004 -0.10455000000000005 0.6498500000000003
vertex 9.300850000000004 -0.10455000000000005 0
vertex 9.300850000000004 2.550200000000001 0
endloop
endfacet
facet normal 1 0 0
outer loop
vertex 9.300850000000004 -0.10455000000000005 0.6498500000000003
vertex 9.300850000000004 2.550200000000001 0
vertex 9.300850000000004 2.550200000000001 0.6498500000000003
endloop
endfacet
facet normal 1 0 0
outer loop
vertex 11.593160000000005 -0.030340000000000013 0.4874900000000002
vertex 11.593160000000005 2.1000200000000007 0.6498500000000003
vertex 11.593160000000005 0.32841000000000015 0.6498500000000003
endloop
endfacet
facet normal 1 0 0
outer loop
vertex 11.593160000000005 -0.030340000000000013 0.4874900000000002
vertex 11.593160000000005 0.32841000000000015 0.6498500000000003
vertex 11.593160000000005 -0.5715400000000002 0.6498500000000003
endloop
endfacet
facet normal 1 0 0
outer loop
vertex 11.593160000000005 -0.030340000000000013 0.4874900000000002
vertex 11.593160000000005 -0.5715400000000002 0.6498500000000003
vertex 11.593160000000005 -2.1000200000000007 0.6498500000000003
endloop
endfacet
facet normal 1 0 0
outer loop
vertex 11.593160000000005 -0.030340000000000013 0.4874900000000002
vertex 11.593160000000005 -2.1000200000000007 0.6498500000000003
vertex 11.593160000000005 -2.550200000000001 0.6498500000000003
endloop
endfacet
facet normal 1 0 0
outer loop
vertex 11.593160000000005 -0.030340000000000013 0.4874900000000002
vertex 11.593160000000005 -2.550200000000001 0.6498500000000003
vertex 11.593160000000005 -2.550200000000001 0
endloop
endfacet
facet normal 1 0 0
outer loop
vertex 11.593160000000005 -0.030340000000000013 0.4874900000000002
vertex 11.593160000000005 -2.550200000000001 0
vertex 11.593160000000005 2.550200000000001 0
endloop
endfacet
facet normal 1 0 0
outer loop
vertex 11.593160000000005 -0.030340000000000013 0.4874900000000002
vertex 11.593160000000005 2.550200000000001 0
vertex 11.593160000000005 2.550200000000001 0.6498500000000003
endloop
endfacet
facet normal 1 0 0
outer loop
vertex 11.593160000000005 -0.030340000000000013 0.4874900000000002
vertex 11.593160000000005 2.550200000000001 0.6498500000000003
vertex 11.593160000000005 2.1000200000000007 0.6498500000000003
endloop
endfacet
facet normal 0.9658535953212437 -0.2590884644383595 0
outer loop
vertex 11.593160000000005 2.550200000000001 0.6498500000000003
vertex 11.593160000000005 2.550200000000001 0
vertex 11.653430000000004 2.774880000000001 0
endloop
endfacet
facet normal 0.9658535953212437 -0.2590884644383595 0
outer loop
vertex 11.593160000000005 2.550200000000001 0.6498500000000003
vertex 11.653430000000004 2.774880000000001 0
vertex 11.653430000000004 2.774880000000001 0.6498500000000003
endloop
endfacet
facet normal -0.7062256522662272 -0.7079868134938263 0
outer loop
vertex 14.211010000000005 0.2681400000000001 0.6498500000000003
vertex 14.211010000000005 0.2681400000000001 0
vertex 14.375830000000006 0.10373000000000004 0
endloop
endfacet
facet normal -0.7062256522662272 -0.7079868134938263 0
outer loop
vertex 14.211010000000005 0.2681400000000001 0.6498500000000003
vertex 14.375830000000006 0.10373000000000004 0
vertex 14.375830000000006 0.10373000000000004 0.6498500000000003
endloop
endfacet
facet normal -0.7071067811865466 0.7071067811865485 0
outer loop
vertex 15.590250000000006 2.325110000000001 0.6498500000000003
vertex 15.590250000000006 2.325110000000001 0
vertex 15.425430000000006 2.1602900000000007 0
endloop
endfacet
facet normal -0.7071067811865466 0.7071067811865485 0
outer loop
vertex 15.590250000000006 2.325110000000001 0.6498500000000003
vertex 15.425430000000006 2.1602900000000007 0
vertex 15.425430000000006 2.1602900000000007 0.6498500000000003
endloop
endfacet
facet normal 1 0 0
outer loop
vertex -13.950250000000006 -2.1000200000000007 0.6498500000000003
vertex -13.950250000000006 -2.1000200000000007 0
vertex -13.950250000000006 2.550200000000001 0
endloop
endfacet
facet normal 1 0 0
outer loop
vertex -13.950250000000006 -2.1000200000000007 0.6498500000000003
vertex -13.950250000000006 2.550200000000001 0
vertex -13.950250000000006 2.550200000000001 0.6498500000000003
endloop
endfacet
facet normal -1 0 0
outer loop
vertex -13.050300000000005 0.6580500000000002 0.2599400000000001
vertex -13.050300000000005 2.550200000000001 0.6498500000000003
vertex -13.050300000000005 2.550200000000001 0
endloop
endfacet
facet normal -1 0 0
outer loop
vertex -13.050300000000005 0.6580500000000002 0.2599400000000001
vertex -13.050300000000005 2.550200000000001 0
vertex -13.050300000000005 2.3898900000000007 0
endloop
endfacet
facet normal -1 0 0
outer loop
vertex -13.050300000000005 0.6580500000000002 0.2599400000000001
vertex -13.050300000000005 2.3898900000000007 0
vertex -13.050300000000005 -2.1000200000000007 0
endloop
endfacet
facet normal -1 0 0
outer loop
vertex -13.050300000000005 0.6580500000000002 0.2599400000000001
vertex -13.050300000000005 -2.1000200000000007 0
vertex -13.050300000000005 -2.1000200000000007 0.6498500000000003
endloop
endfacet
facet normal -1 0 0
outer loop
vertex -13.050300000000005 0.6580500000000002 0.2599400000000001
vertex -13.050300000000005 -2.1000200000000007 0.6498500000000003
vertex -13.050300000000005 2.550200000000001 0.6498500000000003
endloop
endfacet
facet normal 0.9344794039842292 0.35601719555279854 0
outer loop
vertex -9.559150000000004 -2.710100000000001 0.6498500000000003
vertex -9.559150000000004 -2.710100000000001 0
vertex -11.502140000000004 2.3898900000000007 0
endloop
endfacet
facet normal 0.9344794039842292 0.35601719555279854 0
outer loop
vertex -9.559150000000004 -2.710100000000001 0.6498500000000003
vertex -11.502140000000004 2.3898900000000007 0
vertex -11.502140000000004 2.3898900000000007 0.6498500000000003
endloop
endfacet
facet normal 0 -1 0
outer loop
vertex 12.493110000000005 0.32841000000000015 0.6498500000000003
vertex 12.493110000000005 0.32841000000000015 0
vertex 13.986330000000006 0.32841000000000015 0
endloop
endfacet
facet normal 0 -1 0
outer loop
vertex 12.493110000000005 0.32841000000000015 0.6498500000000003
vertex 13.986330000000006 0.32841000000000015 0
vertex 13.986330000000006 0.32841000000000015 0.6498500000000003
endloop
endfacet
facet normal 0.9344801399873032 0.3560152636746212 0
outer loop
vertex 9.330370000000004 -2.710100000000001 0.6498500000000003
vertex 9.330370000000004 -2.710100000000001 0
vertex 7.808040000000003 1.2857600000000005 0
endloop
endfacet
facet normal 0.9344801399873032 0.3560152636746212 0
outer loop
vertex 9.330370000000004 -2.710100000000001 0.6498500000000003
vertex 7.808040000000003 1.2857600000000005 0
vertex 7.808040000000003 1.2857600000000005 0.6498500000000003
endloop
endfacet
facet normal 1 0 0
outer loop
vertex -6.169270000000003 0.06642000000000002 0.40631000000000017
vertex -6.169270000000003 0.5715400000000002 0.6498500000000003
vertex -6.169270000000003 -0.32841000000000015 0.6498500000000003
endloop
endfacet
facet normal 1 0 0
outer loop
vertex -6.169270000000003 0.06642000000000002 0.40631000000000017
vertex -6.169270000000003 -0.32841000000000015 0.6498500000000003
vertex -6.169270000000003 -2.1000200000000007 0.6498500000000003
endloop
endfacet
facet normal 1 0 0
outer loop
vertex -6.169270000000003 0.06642000000000002 0.40631000000000017
vertex -6.169270000000003 -2.1000200000000007 0.6498500000000003
vertex -6.169270000000003 -2.550200000000001 0.6498500000000003
endloop
endfacet
facet normal 0.9999999999999999 0 0
outer loop
vertex -6.169270000000003 0.06642000000000002 0.40631000000000017
vertex -6.169270000000003 -2.550200000000001 0.6498500000000003
vertex -6.169270000000003 -2.550200000000001 0
endloop
endfacet
facet normal 1 0 0
outer loop
vertex -6.169270000000003 0.06642000000000002 0.40631000000000017
vertex -6.169270000000003 -2.550200000000001 0
vertex -6.169270000000003 2.3898900000000007 0
endloop
endfacet
facet normal 1 0 0
outer loop
vertex -6.169270000000003 0.06642000000000002 0.40631000000000017
vertex -6.169270000000003 2.3898900000000007 0
vertex -6.169270000000003 2.550200000000001 0
endloop
endfacet
facet normal 1 0 0
outer loop
vertex -6.169270000000003 0.06642000000000002 0.40631000000000017
vertex -6.169270000000003 2.550200000000001 0
vertex -6.169270000000003 2.550200000000001 0.6498500000000003
endloop
endfacet
facet normal 1 0 0
outer loop
vertex -6.169270000000003 0.06642000000000002 0.40631000000000017
vertex -6.169270000000003 2.550200000000001 0.6498500000000003
vertex -6.169270000000003 0.5715400000000002 0.6498500000000003
endloop
endfacet
facet normal -1 0 0
outer loop
vertex 10.200800000000005 -0.02091000000000001 0.38991000000000015
vertex 10.200800000000005 -0.10455000000000005 0.6498500000000003
vertex 10.200800000000005 2.550200000000001 0.6498500000000003
endloop
endfacet
facet normal -1 0 0
outer loop
vertex 10.200800000000005 -0.02091000000000001 0.38991000000000015
vertex 10.200800000000005 2.550200000000001 0.6498500000000003
vertex 10.200800000000005 2.550200000000001 0
endloop
endfacet
facet normal -1 0 0
outer loop
vertex 10.200800000000005 -0.02091000000000001 0.38991000000000015
vertex 10.200800000000005 2.550200000000001 0
vertex 10.200800000000005 -2.550200000000001 0
endloop
endfacet
facet normal -0.9999999999999999 0 0
outer loop
vertex 10.200800000000005 -0.02091000000000001 0.38991000000000015
vertex 10.200800000000005 -2.550200000000001 0
vertex 10.200800000000005 -2.550200000000001 0.6498500000000003
endloop
endfacet
facet normal -1 0 0
outer loop
vertex 10.200800000000005 -0.02091000000000001 0.38991000000000015
vertex 10.200800000000005 -2.550200000000001 0.6498500000000003
vertex 10.200800000000005 -0.10455000000000005 0.6498500000000003
endloop
endfacet
facet normal -0.9344794039842292 0.3560171955527987 0
outer loop
vertex -6.775250000000002 2.3898900000000007 0.6498500000000003
vertex -6.775250000000002 2.3898900000000007 0
vertex -8.718240000000003 -2.710100000000001 0
endloop
endfacet
facet normal -0.9344794039842292 0.3560171955527987 0
outer loop
vertex -6.775250000000002 2.3898900000000007 0.6498500000000003
vertex -8.718240000000003 -2.710100000000001 0
vertex -8.718240000000003 -2.710100000000001 0.6498500000000003
endloop
endfacet
facet normal 0 0 1
outer loop
vertex 0 21.94976000000001 2.999970000000001
vertex -18.999810000000007 25.000160000000008 2.999970000000001
vertex -19.783320000000007 24.94850000000001 2.999970000000001
endloop
endfacet
facet normal 0 0 1
outer loop
vertex 0 21.94976000000001 2.999970000000001
vertex -19.783320000000007 24.94850000000001 2.999970000000001
vertex -20.55289000000001 24.79557000000001 2.999970000000001
endloop
endfacet
facet normal 0 0 1
outer loop
vertex 0 21.94976000000001 2.999970000000001
vertex -20.55289000000001 24.79557000000001 2.999970000000001
vertex -21.29622000000001 24.54342000000001 2.999970000000001
endloop
endfacet
facet normal 0 0 1
outer loop
vertex 0 21.94976000000001 2.999970000000001
vertex -21.29622000000001 24.54342000000001 2.999970000000001
vertex -22.000190000000007 24.19615000000001 2.999970000000001
endloop
endfacet
facet normal 0 0 1
outer loop
vertex 0 21.94976000000001 2.999970000000001
vertex -22.000190000000007 24.19615000000001 2.999970000000001
vertex -22.652500000000007 23.760320000000007 2.999970000000001
endloop
endfacet
facet normal 0 0 1
outer loop
vertex 0 21.94976000000001 2.999970000000001
vertex -22.652500000000007 23.760320000000007 2.999970000000001
vertex -23.242490000000007 23.242490000000007 2.999970000000001
endloop
endfacet
facet normal 0 0 1
outer loop
vertex 0 21.94976000000001 2.999970000000001
vertex -23.242490000000007 23.242490000000007 2.999970000000001
vertex -23.760320000000007 22.652500000000007 2.999970000000001
endloop
endfacet
facet normal 0 0 0.9999999999999999
outer loop
vertex 0 21.94976000000001 2.999970000000001
vertex -23.760320000000007 22.652500000000007 2.999970000000001
vertex -24.19615000000001 22.000190000000007 2.999970000000001
endloop
endfacet
facet normal 0 0 1
outer loop
vertex 0 21.94976000000001 2.999970000000001
vertex -24.19615000000001 22.000190000000007 2.999970000000001
vertex -24.54342000000001 21.29622000000001 2.999970000000001
endloop
endfacet
facet normal 0 0 1
outer loop
vertex 0 21.94976000000001 2.999970000000001
vertex -24.54342000000001 21.29622000000001 2.999970000000001
vertex -24.79557000000001 20.55289000000001 2.999970000000001
endloop
endfacet
facet normal 0 0 1
outer loop
vertex 0 21.94976000000001 2.999970000000001
vertex -24.79557000000001 20.55289000000001 2.999970000000001
vertex -24.94850000000001 19.783320000000007 2.999970000000001
endloop
endfacet
facet normal 0 0 1
outer loop
vertex 0 21.94976000000001 2.999970000000001
vertex -24.94850000000001 19.783320000000007 2.999970000000001
vertex -25.000160000000008 18.999810000000007 2.999970000000001
endloop
endfacet
facet normal 0 0 1
outer loop
vertex 0 21.94976000000001 2.999970000000001
vertex -25.000160000000008 18.999810000000007 2.999970000000001
vertex -25.000160000000008 14.999850000000006 2.999970000000001
endloop
endfacet
facet normal 0 0 1
outer loop
vertex 0 21.94976000000001 2.999970000000001
vertex -25.000160000000008 14.999850000000006 2.999970000000001
vertex 0 14.999850000000006 2.999970000000001
endloop
endfacet
facet normal 0 0 1
outer loop
vertex 0 21.94976000000001 2.999970000000001
vertex 0 14.999850000000006 2.999970000000001
vertex 25.000160000000008 14.999850000000006 2.999970000000001
endloop
endfacet
facet normal 0 0 1
outer loop
vertex 0 21.94976000000001 2.999970000000001
vertex 25.000160000000008 14.999850000000006 2.999970000000001
vertex 25.000160000000008 18.999810000000007 2.999970000000001
endloop
endfacet
facet normal 0 0 1
outer loop
vertex 0 21.94976000000001 2.999970000000001
vertex 25.000160000000008 18.999810000000007 2.999970000000001
vertex 24.94850000000001 19.783320000000007 2.999970000000001
endloop
endfacet
facet normal 0 0 1
outer loop
vertex 0 21.94976000000001 2.999970000000001
vertex 24.94850000000001 19.783320000000007 2.999970000000001
vertex 24.79557000000001 20.55289000000001 2.999970000000001
endloop
endfacet
facet normal 0 0 1
outer loop
vertex 0 21.94976000000001 2.999970000000001
vertex 24.79557000000001 20.55289000000001 2.999970000000001
vertex 24.54342000000001 21.29622000000001 2.999970000000001
endloop
endfacet
facet normal 0 0 1
outer loop
vertex 0 21.94976000000001 2.999970000000001
vertex 24.54342000000001 21.29622000000001 2.999970000000001
vertex 24.19615000000001 22.000190000000007 2.999970000000001
endloop
endfacet
facet normal 0 0 0.9999999999999999
outer loop
vertex 0 21.94976000000001 2.999970000000001
vertex 24.19615000000001 22.000190000000007 2.999970000000001
vertex 23.760320000000007 22.652500000000007 2.999970000000001
endloop
endfacet
facet normal 0 0 1
outer loop
vertex 0 21.94976000000001 2.999970000000001
vertex 23.760320000000007 22.652500000000007 2.999970000000001
vertex 23.242490000000007 23.242490000000007 2.999970000000001
endloop
endfacet
facet normal 0 0 1
outer loop
vertex 0 21.94976000000001 2.999970000000001
vertex 23.242490000000007 23.242490000000007 2.999970000000001
vertex 22.652500000000007 23.760320000000007 2.999970000000001
endloop
endfacet
facet normal 0 0 1
outer loop
vertex 0 21.94976000000001 2.999970000000001
vertex 22.652500000000007 23.760320000000007 2.999970000000001
vertex 22.000190000000007 24.19615000000001 2.999970000000001
endloop
endfacet
facet normal 0 0 1
outer loop
vertex 0 21.94976000000001 2.999970000000001
vertex 22.000190000000007 24.19615000000001 2.999970000000001
vertex 21.29622000000001 24.54342000000001 2.999970000000001
endloop
endfacet
facet normal 0 0 1
outer loop
vertex 0 21.94976000000001 2.999970000000001
vertex 21.29622000000001 24.54342000000001 2.999970000000001
vertex 20.55289000000001 24.79557000000001 2.999970000000001
endloop
endfacet
facet normal 0 0 1
outer loop
vertex 0 21.94976000000001 2.999970000000001
vertex 20.55289000000001 24.79557000000001 2.999970000000001
vertex 19.783320000000007 24.94850000000001 2.999970000000001
endloop
endfacet
facet normal 0 0 1
outer loop
vertex 0 21.94976000000001 2.999970000000001
vertex 19.783320000000007 24.94850000000001 2.999970000000001
vertex 18.999810000000007 25.000160000000008 2.999970000000001
endloop
endfacet
facet normal 0 0 1
outer loop
vertex 0 21.94976000000001 2.999970000000001
vertex 18.999810000000007 25.000160000000008 2.999970000000001
vertex -18.999810000000007 25.000160000000008 2.999970000000001
endloop
endfacet
facet normal 0 0 0.9999999999999999
outer loop
vertex 0 14.999850000000006 2.999970000000001
vertex 1.3074900000000005 14.942860000000005 2.999970000000001
vertex 25.000160000000008 14.942860000000005 2.999970000000001
endloop
endfacet
facet normal 0 0 1
outer loop
vertex 0 14.999850000000006 2.999970000000001
vertex 25.000160000000008 14.942860000000005 2.999970000000001
vertex 25.000160000000008 14.999850000000006 2.999970000000001
endloop
endfacet
facet normal 0 0 0.9999999999999999
outer loop
vertex -25.000160000000008 14.999850000000006 2.999970000000001
vertex -25.000160000000008 14.942860000000005 2.999970000000001
vertex -1.3074900000000005 14.942860000000005 2.999970000000001
endloop
endfacet
facet normal 0 0 1
outer loop
vertex -25.000160000000008 14.999850000000006 2.999970000000001
vertex -1.3074900000000005 14.942860000000005 2.999970000000001
vertex 0 14.999850000000006 2.999970000000001
endloop
endfacet
facet normal 0 0 1
outer loop
vertex 1.3074900000000005 14.942860000000005 2.999970000000001
vertex 2.604730000000001 14.772300000000005 2.999970000000001
vertex 25.000160000000008 14.772300000000005 2.999970000000001
endloop
endfacet
facet normal 0 0 1
outer loop
vertex 1.3074900000000005 14.942860000000005 2.999970000000001
vertex 25.000160000000008 14.772300000000005 2.999970000000001
vertex 25.000160000000008 14.942860000000005 2.999970000000001
endloop
endfacet
facet normal 0 0 1
outer loop
vertex -25.000160000000008 14.942860000000005 2.999970000000001
vertex -25.000160000000008 14.772300000000005 2.999970000000001
vertex -2.604730000000001 14.772300000000005 2.999970000000001
endloop
endfacet
facet normal 0 0 1
outer loop
vertex -25.000160000000008 14.942860000000005 2.999970000000001
vertex -2.604730000000001 14.772300000000005 2.999970000000001
vertex -1.3074900000000005 14.942860000000005 2.999970000000001
endloop
endfacet
facet normal 0 0 1
outer loop
vertex 2.604730000000001 14.772300000000005 2.999970000000001
vertex 3.8822900000000016 14.488990000000005 2.999970000000001
vertex 25.000160000000008 14.488990000000005 2.999970000000001
endloop
endfacet
facet normal 0 0 1
outer loop
vertex 2.604730000000001 14.772300000000005 2.999970000000001
vertex 25.000160000000008 14.488990000000005 2.999970000000001
vertex 25.000160000000008 14.772300000000005 2.999970000000001
endloop
endfacet
facet normal 0 0 1
outer loop
vertex -25.000160000000008 14.772300000000005 2.999970000000001
vertex -25.000160000000008 14.488990000000005 2.999970000000001
vertex -3.8822900000000016 14.488990000000005 2.999970000000001
endloop
endfacet
facet normal 0 0 1
outer loop
vertex -25.000160000000008 14.772300000000005 2.999970000000001
vertex -3.8822900000000016 14.488990000000005 2.999970000000001
vertex -2.604730000000001 14.772300000000005 2.999970000000001
endloop
endfacet
facet normal 0 0 0.9999999999999999
outer loop
vertex 3.8822900000000016 14.488990000000005 2.999970000000001
vertex 5.130330000000002 14.095390000000005 2.999970000000001
vertex 25.000160000000008 14.095390000000005 2.999970000000001
endloop
endfacet
facet normal 0 0 1
outer loop
vertex 3.8822900000000016 14.488990000000005 2.999970000000001
vertex 25.000160000000008 14.095390000000005 2.999970000000001
vertex 25.000160000000008 14.488990000000005 2.999970000000001
endloop
endfacet
facet normal 0 0 0.9999999999999999
outer loop
vertex -25.000160000000008 14.488990000000005 2.999970000000001
vertex -25.000160000000008 14.095390000000005 2.999970000000001
vertex -5.130330000000002 14.095390000000005 2.999970000000001
endloop
endfacet
facet normal 0 0 1
outer loop
vertex -25.000160000000008 14.488990000000005 2.999970000000001
vertex -5.130330000000002 14.095390000000005 2.999970000000001
vertex -3.8822900000000016 14.488990000000005 2.999970000000001
endloop
endfacet
facet normal 0 0 1
outer loop
vertex 5.130330000000002 14.095390000000005 2.999970000000001
vertex 6.339420000000002 13.594780000000005 2.999970000000001
vertex 25.000160000000008 13.594780000000005 2.999970000000001
endloop
endfacet
facet normal 0 0 1
outer loop
vertex 5.130330000000002 14.095390000000005 2.999970000000001
vertex 25.000160000000008 13.594780000000005 2.999970000000001
vertex 25.000160000000008 14.095390000000005 2.999970000000001
endloop
endfacet
facet normal 0 0 1
outer loop
vertex -25.000160000000008 14.095390000000005 2.999970000000001
vertex -25.000160000000008 13.594780000000005 2.999970000000001
vertex -6.339420000000002 13.594780000000005 2.999970000000001
endloop
endfacet
facet normal 0 0 1
outer loop
vertex -25.000160000000008 14.095390000000005 2.999970000000001
vertex -6.339420000000002 13.594780000000005 2.999970000000001
vertex -5.130330000000002 14.095390000000005 2.999970000000001
endloop
endfacet
facet normal 0 0 1
outer loop
vertex 6.339420000000002 13.594780000000005 2.999970000000001
vertex 7.500130000000003 12.990440000000005 2.999970000000001
vertex 25.000160000000008 12.990440000000005 2.999970000000001
endloop
endfacet
facet normal 0 0 1
outer loop
vertex 6.339420000000002 13.594780000000005 2.999970000000001
vertex 25.000160000000008 12.990440000000005 2.999970000000001
vertex 25.000160000000008 13.594780000000005 2.999970000000001
endloop
endfacet
facet normal 0 0 1
outer loop
vertex -25.000160000000008 13.594780000000005 2.999970000000001
vertex -25.000160000000008 12.990440000000005 2.999970000000001
vertex -7.500130000000003 12.990440000000005 2.999970000000001
endloop
endfacet
facet normal 0 0 1
outer loop
vertex -25.000160000000008 13.594780000000005 2.999970000000001
vertex -7.500130000000003 12.990440000000005 2.999970000000001
vertex -6.339420000000002 13.594780000000005 2.999970000000001
endloop
endfacet
facet normal 0 0 1
outer loop
vertex 7.500130000000003 12.990440000000005 2.999970000000001
vertex 8.603850000000003 12.287290000000004 2.999970000000001
vertex 25.000160000000008 12.287290000000004 2.999970000000001
endloop
endfacet
facet normal 0 0 1
outer loop
vertex 7.500130000000003 12.990440000000005 2.999970000000001
vertex 25.000160000000008 12.287290000000004 2.999970000000001
vertex 25.000160000000008 12.990440000000005 2.999970000000001
endloop
endfacet
facet normal 0 0 1
outer loop
vertex -25.000160000000008 12.990440000000005 2.999970000000001
vertex -25.000160000000008 12.287290000000004 2.999970000000001
vertex -8.603850000000003 12.287290000000004 2.999970000000001
endloop
endfacet
facet normal 0 0 1
outer loop
vertex -25.000160000000008 12.990440000000005 2.999970000000001
vertex -8.603850000000003 12.287290000000004 2.999970000000001
vertex -7.500130000000003 12.990440000000005 2.999970000000001
endloop
endfacet
facet normal 0 0 0.9999999999999999
outer loop
vertex 8.603850000000003 12.287290000000004 2.999970000000001
vertex 9.641970000000004 11.490660000000004 2.999970000000001
vertex 25.000160000000008 11.490660000000004 2.999970000000001
endloop
endfacet
facet normal 0 0 0.9999999999999999
outer loop
vertex 8.603850000000003 12.287290000000004 2.999970000000001
vertex 25.000160000000008 11.490660000000004 2.999970000000001
vertex 25.000160000000008 12.287290000000004 2.999970000000001
endloop
endfacet
facet normal 0 0 0.9999999999999999
outer loop
vertex -25.000160000000008 12.287290000000004 2.999970000000001
vertex -25.000160000000008 11.490660000000004 2.999970000000001
vertex -9.641970000000004 11.490660000000004 2.999970000000001
endloop
endfacet
facet normal 0 0 0.9999999999999999
outer loop
vertex -25.000160000000008 12.287290000000004 2.999970000000001
vertex -9.641970000000004 11.490660000000004 2.999970000000001
vertex -8.603850000000003 12.287290000000004 2.999970000000001
endloop
endfacet
facet normal 0 0 1
outer loop
vertex 9.641970000000004 11.490660000000004 2.999970000000001
vertex 10.606700000000004 10.606700000000004 2.999970000000001
vertex 25.000160000000008 10.606700000000004 2.999970000000001
endloop
endfacet
facet normal 0 0 1
outer loop
vertex 9.641970000000004 11.490660000000004 2.999970000000001
vertex 25.000160000000008 10.606700000000004 2.999970000000001
vertex 25.000160000000008 11.490660000000004 2.999970000000001
endloop
endfacet
facet normal 0 0 1
outer loop
vertex -25.000160000000008 11.490660000000004 2.999970000000001
vertex -25.000160000000008 10.606700000000004 2.999970000000001
vertex -10.606700000000004 10.606700000000004 2.999970000000001
endloop
endfacet
facet normal 0 0 1
outer loop
vertex -25.000160000000008 11.490660000000004 2.999970000000001
vertex -10.606700000000004 10.606700000000004 2.999970000000001
vertex -9.641970000000004 11.490660000000004 2.999970000000001
endloop
endfacet
facet normal 0 0 1
outer loop
vertex 10.606700000000004 10.606700000000004 2.999970000000001
vertex 11.490660000000004 9.641970000000004 2.999970000000001
vertex 25.000160000000008 9.641970000000004 2.999970000000001
endloop
endfacet
facet normal 0 0 0.9999999999999999
outer loop
vertex 10.606700000000004 10.606700000000004 2.999970000000001
vertex 25.000160000000008 9.641970000000004 2.999970000000001
vertex 25.000160000000008 10.606700000000004 2.999970000000001
endloop
endfacet
facet normal 0 0 1
outer loop
vertex -25.000160000000008 10.606700000000004 2.999970000000001
vertex -25.000160000000008 9.641970000000004 2.999970000000001
vertex -11.490660000000004 9.641970000000004 2.999970000000001
endloop
endfacet
facet normal 0 0 0.9999999999999999
outer loop
vertex -25.000160000000008 10.606700000000004 2.999970000000001
vertex -11.490660000000004 9.641970000000004 2.999970000000001
vertex -10.606700000000004 10.606700000000004 2.999970000000001
endloop
endfacet
facet normal 0 0 1
outer loop
vertex 11.490660000000004 9.641970000000004 2.999970000000001
vertex 12.287290000000004 8.603850000000003 2.999970000000001
vertex 25.000160000000008 8.603850000000003 2.999970000000001
endloop
endfacet
facet normal 0 0 1
outer loop
vertex 11.490660000000004 9.641970000000004 2.999970000000001
vertex 25.000160000000008 8.603850000000003 2.999970000000001
vertex 25.000160000000008 9.641970000000004 2.999970000000001
endloop
endfacet
facet normal 0 0 1
outer loop
vertex -25.000160000000008 9.641970000000004 2.999970000000001
vertex -25.000160000000008 8.603850000000003 2.999970000000001
vertex -12.287290000000004 8.603850000000003 2.999970000000001
endloop
endfacet
facet normal 0 0 1
outer loop
vertex -25.000160000000008 9.641970000000004 2.999970000000001
vertex -12.287290000000004 8.603850000000003 2.999970000000001
vertex -11.490660000000004 9.641970000000004 2.999970000000001
endloop
endfacet
facet normal 0 0 1
outer loop
vertex 12.287290000000004 8.603850000000003 2.999970000000001
vertex 12.990440000000005 7.500130000000003 2.999970000000001
vertex 25.000160000000008 7.500130000000003 2.999970000000001
endloop
endfacet
facet normal 0 0 1
outer loop
vertex 12.287290000000004 8.603850000000003 2.999970000000001
vertex 25.000160000000008 7.500130000000003 2.999970000000001
vertex 25.000160000000008 8.603850000000003 2.999970000000001
endloop
endfacet
facet normal 0 0 1
outer loop
vertex -25.000160000000008 8.603850000000003 2.999970000000001
vertex -25.000160000000008 7.500130000000003 2.999970000000001
vertex -12.990440000000005 7.500130000000003 2.999970000000001
endloop
endfacet
facet normal 0 0 1
outer loop
vertex -25.000160000000008 8.603850000000003 2.999970000000001
vertex -12.990440000000005 7.500130000000003 2.999970000000001
vertex -12.287290000000004 8.603850000000003 2.999970000000001
endloop
endfacet
facet normal 0 0 1
outer loop
vertex 12.990440000000005 7.500130000000003 2.999970000000001
vertex 13.594780000000005 6.339420000000002 2.999970000000001
vertex 25.000160000000008 6.339420000000002 2.999970000000001
endloop
endfacet
facet normal 0 0 1
outer loop
vertex 12.990440000000005 7.500130000000003 2.999970000000001
vertex 25.000160000000008 6.339420000000002 2.999970000000001
vertex 25.000160000000008 7.500130000000003 2.999970000000001
endloop
endfacet
facet normal 0 0 1
outer loop
vertex -25.000160000000008 7.500130000000003 2.999970000000001
vertex -25.000160000000008 6.339420000000002 2.999970000000001
vertex -13.594780000000005 6.339420000000002 2.999970000000001
endloop
endfacet
facet normal 0 0 1
outer loop
vertex -25.000160000000008 7.500130000000003 2.999970000000001
vertex -13.594780000000005 6.339420000000002 2.999970000000001
vertex -12.990440000000005 7.500130000000003 2.999970000000001
endloop
endfacet
facet normal 0 0 1
outer loop
vertex 13.594780000000005 6.339420000000002 2.999970000000001
vertex 14.095390000000005 5.130330000000002 2.999970000000001
vertex 25.000160000000008 5.130330000000002 2.999970000000001
endloop
endfacet
facet normal 0 0 0.9999999999999999
outer loop
vertex 13.594780000000005 6.339420000000002 2.999970000000001
vertex 25.000160000000008 5.130330000000002 2.999970000000001
vertex 25.000160000000008 6.339420000000002 2.999970000000001
endloop
endfacet
facet normal 0 0 1
outer loop
vertex -25.000160000000008 6.339420000000002 2.999970000000001
vertex -25.000160000000008 5.130330000000002 2.999970000000001
vertex -14.095390000000005 5.130330000000002 2.999970000000001
endloop
endfacet
facet normal 0 0 0.9999999999999999
outer loop
vertex -25.000160000000008 6.339420000000002 2.999970000000001
vertex -14.095390000000005 5.130330000000002 2.999970000000001
vertex -13.594780000000005 6.339420000000002 2.999970000000001
endloop
endfacet
facet normal 0 0 1
outer loop
vertex 14.095390000000005 5.130330000000002 2.999970000000001
vertex 14.488990000000005 3.8822900000000016 2.999970000000001
vertex 25.000160000000008 3.8822900000000016 2.999970000000001
endloop
endfacet
facet normal 0 0 0.9999999999999999
outer loop
vertex 14.095390000000005 5.130330000000002 2.999970000000001
vertex 25.000160000000008 3.8822900000000016 2.999970000000001
vertex 25.000160000000008 5.130330000000002 2.999970000000001
endloop
endfacet
facet normal 0 0 1
outer loop
vertex -25.000160000000008 5.130330000000002 2.999970000000001
vertex -25.000160000000008 3.8822900000000016 2.999970000000001
vertex -14.488990000000005 3.8822900000000016 2.999970000000001
endloop
endfacet
facet normal 0 0 0.9999999999999999
outer loop
vertex -25.000160000000008 5.130330000000002 2.999970000000001
vertex -14.488990000000005 3.8822900000000016 2.999970000000001
vertex -14.095390000000005 5.130330000000002 2.999970000000001
endloop
endfacet
facet normal 0 0 1
outer loop
vertex 14.488990000000005 3.8822900000000016 2.999970000000001
vertex 14.772300000000005 2.604730000000001 2.999970000000001
vertex 25.000160000000008 2.604730000000001 2.999970000000001
endloop
endfacet
facet normal 0 0 1
outer loop
vertex 14.488990000000005 3.8822900000000016 2.999970000000001
vertex 25.000160000000008 2.604730000000001 2.999970000000001
vertex 25.000160000000008 3.8822900000000016 2.999970000000001
endloop
endfacet
facet normal 0 0 1
outer loop
vertex -25.000160000000008 3.8822900000000016 2.999970000000001
vertex -25.000160000000008 2.604730000000001 2.999970000000001
vertex -14.772300000000005 2.604730000000001 2.999970000000001
endloop
endfacet
facet normal 0 0 1
outer loop
vertex -25.000160000000008 3.8822900000000016 2.999970000000001
vertex -14.772300000000005 2.604730000000001 2.999970000000001
vertex -14.488990000000005 3.8822900000000016 2.999970000000001
endloop
endfacet
facet normal 0 0 1
outer loop
vertex 14.772300000000005 2.604730000000001 2.999970000000001
vertex 14.942860000000005 1.3074900000000005 2.999970000000001
vertex 25.000160000000008 1.3074900000000005 2.999970000000001
endloop
endfacet
facet normal 0 0 1
outer loop
vertex 14.772300000000005 2.604730000000001 2.999970000000001
vertex 25.000160000000008 1.3074900000000005 2.999970000000001
vertex 25.000160000000008 2.604730000000001 2.999970000000001
endloop
endfacet
facet normal 0 0 1
outer loop
vertex -25.000160000000008 2.604730000000001 2.999970000000001
vertex -25.000160000000008 1.3074900000000005 2.999970000000001
vertex -14.942860000000005 1.3074900000000005 2.999970000000001
endloop
endfacet
facet normal 0 0 1
outer loop
vertex -25.000160000000008 2.604730000000001 2.999970000000001
vertex -14.942860000000005 1.3074900000000005 2.999970000000001
vertex -14.772300000000005 2.604730000000001 2.999970000000001
endloop
endfacet
facet normal 0 0 1
outer loop
vertex 14.942860000000005 1.3074900000000005 2.999970000000001
vertex 14.999850000000006 0 2.999970000000001
vertex 25.000160000000008 0 2.999970000000001
endloop
endfacet
facet normal 0 0 1
outer loop
vertex 14.942860000000005 1.3074900000000005 2.999970000000001
vertex 25.000160000000008 0 2.999970000000001
vertex 25.000160000000008 1.3074900000000005 2.999970000000001
endloop
endfacet
facet normal 0 0 1
outer loop
vertex -25.000160000000008 1.3074900000000005 2.999970000000001
vertex -25.000160000000008 0 2.999970000000001
vertex -14.999850000000006 0 2.999970000000001
endloop
endfacet
facet normal 0 0 1
outer loop
vertex -25.000160000000008 1.3074900000000005 2.999970000000001
vertex -14.999850000000006 0 2.999970000000001
vertex -14.942860000000005 1.3074900000000005 2.999970000000001
endloop
endfacet
facet normal 0 0 1
outer loop
vertex 14.999850000000006 0 2.999970000000001
vertex 14.942860000000005 -1.3074900000000005 2.999970000000001
vertex 25.000160000000008 -1.3074900000000005 2.999970000000001
endloop
endfacet
facet normal 0 0 1
outer loop
vertex 14.999850000000006 0 2.999970000000001
vertex 25.000160000000008 -1.3074900000000005 2.999970000000001
vertex 25.000160000000008 0 2.999970000000001
endloop
endfacet
facet normal 0 0 1
outer loop
vertex -25.000160000000008 0 2.999970000000001
vertex -25.000160000000008 -1.3074900000000005 2.999970000000001
vertex -14.942860000000005 -1.3074900000000005 2.999970000000001
endloop
endfacet
facet normal 0 0 1
outer loop
vertex -25.000160000000008 0 2.999970000000001
vertex -14.942860000000005 -1.3074900000000005 2.999970000000001
vertex -14.999850000000006 0 2.999970000000001
endloop
endfacet
facet normal 0 0 0.9999999999999999
outer loop
vertex 14.942860000000005 -1.3074900000000005 2.999970000000001
vertex 14.772300000000005 -2.604730000000001 2.999970000000001
vertex 25.000160000000008 -2.604730000000001 2.999970000000001
endloop
endfacet
facet normal 0 0 1
outer loop
vertex 14.942860000000005 -1.3074900000000005 2.999970000000001
vertex 25.000160000000008 -2.604730000000001 2.999970000000001
vertex 25.000160000000008 -1.3074900000000005 2.999970000000001
endloop
endfacet
facet normal 0 0 1
outer loop
vertex -25.000160000000008 -1.3074900000000005 2.999970000000001
vertex -25.000160000000008 -2.604730000000001 2.999970000000001
vertex -14.772300000000005 -2.604730000000001 2.999970000000001
endloop
endfacet
facet normal 0 0 1
outer loop
vertex -25.000160000000008 -1.3074900000000005 2.999970000000001
vertex -14.772300000000005 -2.604730000000001 2.999970000000001
vertex -14.942860000000005 -1.3074900000000005 2.999970000000001
endloop
endfacet
facet normal 0 0 1
outer loop
vertex 14.772300000000005 -2.604730000000001 2.999970000000001
vertex 14.488990000000005 -3.8822900000000016 2.999970000000001
vertex 25.000160000000008 -3.8822900000000016 2.999970000000001
endloop
endfacet
facet normal 0 0 1
outer loop
vertex 14.772300000000005 -2.604730000000001 2.999970000000001
vertex 25.000160000000008 -3.8822900000000016 2.999970000000001
vertex 25.000160000000008 -2.604730000000001 2.999970000000001
endloop
endfacet
facet normal 0 0 1
outer loop
vertex -25.000160000000008 -2.604730000000001 2.999970000000001
vertex -25.000160000000008 -3.8822900000000016 2.999970000000001
vertex -14.488990000000005 -3.8822900000000016 2.999970000000001
endloop
endfacet
facet normal 0 0 1
outer loop
vertex -25.000160000000008 -2.604730000000001 2.999970000000001
vertex -14.488990000000005 -3.8822900000000016 2.999970000000001
vertex -14.772300000000005 -2.604730000000001 2.999970000000001
endloop
endfacet
facet normal 0 0 0.9999999999999999
outer loop
vertex 14.488990000000005 -3.8822900000000016 2.999970000000001
vertex 14.095390000000005 -5.130330000000002 2.999970000000001
vertex 25.000160000000008 -5.130330000000002 2.999970000000001
endloop
endfacet
facet normal 0 0 1
outer loop
vertex 14.488990000000005 -3.8822900000000016 2.999970000000001
vertex 25.000160000000008 -5.130330000000002 2.999970000000001
vertex 25.000160000000008 -3.8822900000000016 2.999970000000001
endloop
endfacet
facet normal 0 0 0.9999999999999999
outer loop
vertex -25.000160000000008 -3.8822900000000016 2.999970000000001
vertex -25.000160000000008 -5.130330000000002 2.999970000000001
vertex -14.095390000000005 -5.130330000000002 2.999970000000001
endloop
endfacet
facet normal 0 0 1
outer loop
vertex -25.000160000000008 -3.8822900000000016 2.999970000000001
vertex -14.095390000000005 -5.130330000000002 2.999970000000001
vertex -14.488990000000005 -3.8822900000000016 2.999970000000001
endloop
endfacet
facet normal 0 0 0.9999999999999999
outer loop
vertex 14.095390000000005 -5.130330000000002 2.999970000000001
vertex 13.594780000000005 -6.339420000000002 2.999970000000001
vertex 25.000160000000008 -6.339420000000002 2.999970000000001
endloop
endfacet
facet normal 0 0 1
outer loop
vertex 14.095390000000005 -5.130330000000002 2.999970000000001
vertex 25.000160000000008 -6.339420000000002 2.999970000000001
vertex 25.000160000000008 -5.130330000000002 2.999970000000001
endloop
endfacet
facet normal 0 0 0.9999999999999999
outer loop
vertex -25.000160000000008 -5.130330000000002 2.999970000000001
vertex -25.000160000000008 -6.339420000000002 2.999970000000001
vertex -13.594780000000005 -6.339420000000002 2.999970000000001
endloop
endfacet
facet normal 0 0 1
outer loop
vertex -25.000160000000008 -5.130330000000002 2.999970000000001
vertex -13.594780000000005 -6.339420000000002 2.999970000000001
vertex -14.095390000000005 -5.130330000000002 2.999970000000001
endloop
endfacet
facet normal 0 0 1
outer loop
vertex 13.594780000000005 -6.339420000000002 2.999970000000001
vertex 12.990440000000005 -7.500130000000003 2.999970000000001
vertex 25.000160000000008 -7.500130000000003 2.999970000000001
endloop
endfacet
facet normal 0 0 1
outer loop
vertex 13.594780000000005 -6.339420000000002 2.999970000000001
vertex 25.000160000000008 -7.500130000000003 2.999970000000001
vertex 25.000160000000008 -6.339420000000002 2.999970000000001
endloop
endfacet
facet normal 0 0 1
outer loop
vertex -25.000160000000008 -6.339420000000002 2.999970000000001
vertex -25.000160000000008 -7.500130000000003 2.999970000000001
vertex -12.990440000000005 -7.500130000000003 2.999970000000001
endloop
endfacet
facet normal 0 0 1
outer loop
vertex -25.000160000000008 -6.339420000000002 2.999970000000001
vertex -12.990440000000005 -7.500130000000003 2.999970000000001
vertex -13.594780000000005 -6.339420000000002 2.999970000000001
endloop
endfacet
facet normal 0 0 1
outer loop
vertex 12.990440000000005 -7.500130000000003 2.999970000000001
vertex 12.287290000000004 -8.603850000000003 2.999970000000001
vertex 25.000160000000008 -8.603850000000003 2.999970000000001
endloop
endfacet
facet normal 0 0 1
outer loop
vertex 12.990440000000005 -7.500130000000003 2.999970000000001
vertex 25.000160000000008 -8.603850000000003 2.999970000000001
vertex 25.000160000000008 -7.500130000000003 2.999970000000001
endloop
endfacet
facet normal 0 0 1
outer loop
vertex -25.000160000000008 -7.500130000000003 2.999970000000001
vertex -25.000160000000008 -8.603850000000003 2.999970000000001
vertex -12.287290000000004 -8.603850000000003 2.999970000000001
endloop
endfacet
facet normal 0 0 1
outer loop
vertex -25.000160000000008 -7.500130000000003 2.999970000000001
vertex -12.287290000000004 -8.603850000000003 2.999970000000001
vertex -12.990440000000005 -7.500130000000003 2.999970000000001
endloop
endfacet
facet normal 0 0 1
outer loop
vertex 12.287290000000004 -8.603850000000003 2.999970000000001
vertex 11.490660000000004 -9.641970000000004 2.999970000000001
vertex 25.000160000000008 -9.641970000000004 2.999970000000001
endloop
endfacet
facet normal 0 0 1
outer loop
vertex 12.287290000000004 -8.603850000000003 2.999970000000001
vertex 25.000160000000008 -9.641970000000004 2.999970000000001
vertex 25.000160000000008 -8.603850000000003 2.999970000000001
endloop
endfacet
facet normal 0 0 1
outer loop
vertex -25.000160000000008 -8.603850000000003 2.999970000000001
vertex -25.000160000000008 -9.641970000000004 2.999970000000001
vertex -11.490660000000004 -9.641970000000004 2.999970000000001
endloop
endfacet
facet normal 0 0 1
outer loop
vertex -25.000160000000008 -8.603850000000003 2.999970000000001
vertex -11.490660000000004 -9.641970000000004 2.999970000000001
vertex -12.287290000000004 -8.603850000000003 2.999970000000001
endloop
endfacet
facet normal 0 0 0.9999999999999999
outer loop
vertex 11.490660000000004 -9.641970000000004 2.999970000000001
vertex 10.606700000000004 -10.606700000000004 2.999970000000001
vertex 25.000160000000008 -10.606700000000004 2.999970000000001
endloop
endfacet
facet normal 0 0 1
outer loop
vertex 11.490660000000004 -9.641970000000004 2.999970000000001
vertex 25.000160000000008 -10.606700000000004 2.999970000000001
vertex 25.000160000000008 -9.641970000000004 2.999970000000001
endloop
endfacet
facet normal 0 0 0.9999999999999999
outer loop
vertex -25.000160000000008 -9.641970000000004 2.999970000000001
vertex -25.000160000000008 -10.606700000000004 2.999970000000001
vertex -10.606700000000004 -10.606700000000004 2.999970000000001
endloop
endfacet
facet normal 0 0 1
outer loop
vertex -25.000160000000008 -9.641970000000004 2.999970000000001
vertex -10.606700000000004 -10.606700000000004 2.999970000000001
vertex -11.490660000000004 -9.641970000000004 2.999970000000001
endloop
endfacet
facet normal 0 0 1
outer loop
vertex 10.606700000000004 -10.606700000000004 2.999970000000001
vertex 9.641970000000004 -11.490660000000004 2.999970000000001
vertex 25.000160000000008 -11.490660000000004 2.999970000000001
endloop
endfacet
facet normal 0 0 1
outer loop
vertex 10.606700000000004 -10.606700000000004 2.999970000000001
vertex 25.000160000000008 -11.490660000000004 2.999970000000001
vertex 25.000160000000008 -10.606700000000004 2.999970000000001
endloop
endfacet
facet normal 0 0 1
outer loop
vertex -25.000160000000008 -10.606700000000004 2.999970000000001
vertex -25.000160000000008 -11.490660000000004 2.999970000000001
vertex -9.641970000000004 -11.490660000000004 2.999970000000001
endloop
endfacet
facet normal 0 0 1
outer loop
vertex -25.000160000000008 -10.606700000000004 2.999970000000001
vertex -9.641970000000004 -11.490660000000004 2.999970000000001
vertex -10.606700000000004 -10.606700000000004 2.999970000000001
endloop
endfacet
facet normal 0 0 1
outer loop
vertex 9.641970000000004 -11.490660000000004 2.999970000000001
vertex 8.603850000000003 -12.287290000000004 2.999970000000001
vertex 25.000160000000008 -12.287290000000004 2.999970000000001
endloop
endfacet
facet normal 0 0 0.9999999999999999
outer loop
vertex 9.641970000000004 -11.490660000000004 2.999970000000001
vertex 25.000160000000008 -12.287290000000004 2.999970000000001
vertex 25.000160000000008 -11.490660000000004 2.999970000000001
endloop
endfacet
facet normal 0 0 0.9999999999999999
outer loop
vertex -25.000160000000008 -11.490660000000004 2.999970000000001
vertex -25.000160000000008 -12.287290000000004 2.999970000000001
vertex -8.603850000000003 -12.287290000000004 2.999970000000001
endloop
endfacet
facet normal 0 0 0.9999999999999999
outer loop
vertex -25.000160000000008 -11.490660000000004 2.999970000000001
vertex -8.603850000000003 -12.287290000000004 2.999970000000001
vertex -9.641970000000004 -11.490660000000004 2.999970000000001
endloop
endfacet
facet normal 0 0 1
outer loop
vertex 0 0 2.999970000000001
vertex -1.1156100000000004 12.751410000000005 2.999970000000001
vertex -2.222610000000001 12.605450000000005 2.999970000000001
endloop
endfacet
facet normal 0 0 1
outer loop
vertex 0 0 2.999970000000001
vertex -2.222610000000001 12.605450000000005 2.999970000000001
vertex -3.312800000000001 12.363960000000004 2.999970000000001
endloop
endfacet
facet normal 0 0 1
outer loop
vertex 0 0 2.999970000000001
vertex -3.312800000000001 12.363960000000004 2.999970000000001
vertex -4.377980000000002 12.028170000000005 2.999970000000001
endloop
endfacet
facet normal 0 0 0.9999999999999999
outer loop
vertex 0 0 2.999970000000001
vertex -4.377980000000002 12.028170000000005 2.999970000000001
vertex -5.4095400000000025 11.600540000000004 2.999970000000001
endloop
endfacet
facet normal 0 0 1
outer loop
vertex 0 0 2.999970000000001
vertex -5.4095400000000025 11.600540000000004 2.999970000000001
vertex -6.400100000000003 11.085170000000003 2.999970000000001
endloop
endfacet
facet normal 0 0 1
outer loop
vertex 0 0 2.999970000000001
vertex -6.400100000000003 11.085170000000003 2.999970000000001
vertex -7.341870000000003 10.485340000000004 2.999970000000001
endloop
endfacet
facet normal 0 0 1
outer loop
vertex 0 0 2.999970000000001
vertex -7.341870000000003 10.485340000000004 2.999970000000001
vertex -8.227880000000003 9.805560000000003 2.999970000000001
endloop
endfacet
facet normal 0 0 1
outer loop
vertex 0 0 2.999970000000001
vertex -8.227880000000003 9.805560000000003 2.999970000000001
vertex -9.051160000000003 9.051160000000003 2.999970000000001
endloop
endfacet
facet normal 0 0 1
outer loop
vertex 0 0 2.999970000000001
vertex -9.051160000000003 9.051160000000003 2.999970000000001
vertex -9.805560000000003 8.227880000000003 2.999970000000001
endloop
endfacet
facet normal 0 0 1
outer loop
vertex 0 0 2.999970000000001
vertex -9.805560000000003 8.227880000000003 2.999970000000001
vertex -10.485340000000004 7.341870000000003 2.999970000000001
endloop
endfacet
facet normal 0 0 1
outer loop
vertex 0 0 2.999970000000001
vertex -10.485340000000004 7.341870000000003 2.999970000000001
vertex -11.085170000000003 6.400100000000003 2.999970000000001
endloop
endfacet
facet normal 0 0 1
outer loop
vertex 0 0 2.999970000000001
vertex -11.085170000000003 6.400100000000003 2.999970000000001
vertex -11.600540000000004 5.4095400000000025 2.999970000000001
endloop
endfacet
facet normal 0 0 0.9999999999999999
outer loop
vertex 0 0 2.999970000000001
vertex -11.600540000000004 5.4095400000000025 2.999970000000001
vertex -12.028170000000005 4.377980000000002 2.999970000000001
endloop
endfacet
facet normal 0 0 1
outer loop
vertex 0 0 2.999970000000001
vertex -12.028170000000005 4.377980000000002 2.999970000000001
vertex -12.363960000000004 3.312800000000001 2.999970000000001
endloop
endfacet
facet normal 0 0 1
outer loop
vertex 0 0 2.999970000000001
vertex -12.363960000000004 3.312800000000001 2.999970000000001
vertex -12.605450000000005 2.222610000000001 2.999970000000001
endloop
endfacet
facet normal 0 0 1
outer loop
vertex 0 0 2.999970000000001
vertex -12.605450000000005 2.222610000000001 2.999970000000001
vertex -12.751410000000005 1.1156100000000004 2.999970000000001
endloop
endfacet
facet normal 0 0 1
outer loop
vertex 0 0 2.999970000000001
vertex -12.751410000000005 1.1156100000000004 2.999970000000001
vertex -12.800200000000006 0 2.999970000000001
endloop
endfacet
facet normal 0 0 1
outer loop
vertex 0 0 2.999970000000001
vertex -12.800200000000006 0 2.999970000000001
vertex -12.751410000000005 -1.1156100000000004 2.999970000000001
endloop
endfacet
facet normal 0 0 1
outer loop
vertex 0 0 2.999970000000001
vertex -12.751410000000005 -1.1156100000000004 2.999970000000001
vertex -12.605450000000005 -2.222610000000001 2.999970000000001
endloop
endfacet
facet normal 0 0 1
outer loop
vertex 0 0 2.999970000000001
vertex -12.605450000000005 -2.222610000000001 2.999970000000001
vertex -12.363960000000004 -3.312800000000001 2.999970000000001
endloop
endfacet
facet normal 0 0 1
outer loop
vertex 0 0 2.999970000000001
vertex -12.363960000000004 -3.312800000000001 2.999970000000001
vertex -12.028170000000005 -4.377980000000002 2.999970000000001
endloop
endfacet
facet normal 0 0 0.9999999999999999
outer loop
vertex 0 0 2.999970000000001
vertex -12.028170000000005 -4.377980000000002 2.999970000000001
vertex -11.600540000000004 -5.4095400000000025 2.999970000000001
endloop
endfacet
facet normal 0 0 1
outer loop
vertex 0 0 2.999970000000001
vertex -11.600540000000004 -5.4095400000000025 2.999970000000001
vertex -11.085170000000003 -6.400100000000003 2.999970000000001
endloop
endfacet
facet normal 0 0 1
outer loop
vertex 0 0 2.999970000000001
vertex -11.085170000000003 -6.400100000000003 2.999970000000001
vertex -10.485340000000004 -7.341870000000003 2.999970000000001
endloop
endfacet
facet normal 0 0 1
outer loop
vertex 0 0 2.999970000000001
vertex -10.485340000000004 -7.341870000000003 2.999970000000001
vertex -9.805560000000003 -8.227880000000003 2.999970000000001
endloop
endfacet
facet normal 0 0 1
outer loop
vertex 0 0 2.999970000000001
vertex -9.805560000000003 -8.227880000000003 2.999970000000001
vertex -9.051160000000003 -9.051160000000003 2.999970000000001
endloop
endfacet
facet normal 0 0 1
outer loop
vertex 0 0 2.999970000000001
vertex -9.051160000000003 -9.051160000000003 2.999970000000001
vertex -8.227880000000003 -9.805560000000003 2.999970000000001
endloop
endfacet
facet normal 0 0 1
outer loop
vertex 0 0 2.999970000000001
vertex -8.227880000000003 -9.805560000000003 2.999970000000001
vertex -7.341870000000003 -10.485340000000004 2.999970000000001
endloop
endfacet
facet normal 0 0 1
outer loop
vertex 0 0 2.999970000000001
vertex -7.341870000000003 -10.485340000000004 2.999970000000001
vertex -6.400100000000003 -11.085170000000003 2.999970000000001
endloop
endfacet
facet normal 0 0 1
outer loop
vertex 0 0 2.999970000000001
vertex -6.400100000000003 -11.085170000000003 2.999970000000001
vertex -5.4095400000000025 -11.600540000000004 2.999970000000001
endloop
endfacet
facet normal 0 0 0.9999999999999999
outer loop
vertex 0 0 2.999970000000001
vertex -5.4095400000000025 -11.600540000000004 2.999970000000001
vertex -4.377980000000002 -12.028170000000005 2.999970000000001
endloop
endfacet
facet normal 0 0 1
outer loop
vertex 0 0 2.999970000000001
vertex -4.377980000000002 -12.028170000000005 2.999970000000001
vertex -3.312800000000001 -12.363960000000004 2.999970000000001
endloop
endfacet
facet normal 0 0 1
outer loop
vertex 0 0 2.999970000000001
vertex -3.312800000000001 -12.363960000000004 2.999970000000001
vertex -2.222610000000001 -12.605450000000005 2.999970000000001
endloop
endfacet
facet normal 0 0 1
outer loop
vertex 0 0 2.999970000000001
vertex -2.222610000000001 -12.605450000000005 2.999970000000001
vertex -1.1156100000000004 -12.751410000000005 2.999970000000001
endloop
endfacet
facet normal 0 0 1
outer loop
vertex 0 0 2.999970000000001
vertex -1.1156100000000004 -12.751410000000005 2.999970000000001
vertex 0 -12.800200000000006 2.999970000000001
endloop
endfacet
facet normal 0 0 1
outer loop
vertex 0 0 2.999970000000001
vertex 0 -12.800200000000006 2.999970000000001
vertex 1.1156100000000004 -12.751410000000005 2.999970000000001
endloop
endfacet
facet normal 0 0 1
outer loop
vertex 0 0 2.999970000000001
vertex 1.1156100000000004 -12.751410000000005 2.999970000000001
vertex 2.222610000000001 -12.605450000000005 2.999970000000001
endloop
endfacet
facet normal 0 0 1
outer loop
vertex 0 0 2.999970000000001
vertex 2.222610000000001 -12.605450000000005 2.999970000000001
vertex 3.312800000000001 -12.363960000000004 2.999970000000001
endloop
endfacet
facet normal 0 0 1
outer loop
vertex 0 0 2.999970000000001
vertex 3.312800000000001 -12.363960000000004 2.999970000000001
vertex 4.377980000000002 -12.028170000000005 2.999970000000001
endloop
endfacet
facet normal 0 0 0.9999999999999999
outer loop
vertex 0 0 2.999970000000001
vertex 4.377980000000002 -12.028170000000005 2.999970000000001
vertex 5.4095400000000025 -11.600540000000004 2.999970000000001
endloop
endfacet
facet normal 0 0 1
outer loop
vertex 0 0 2.999970000000001
vertex 5.4095400000000025 -11.600540000000004 2.999970000000001
vertex 6.400100000000003 -11.085170000000003 2.999970000000001
endloop
endfacet
facet normal 0 0 1
outer loop
vertex 0 0 2.999970000000001
vertex 6.400100000000003 -11.085170000000003 2.999970000000001
vertex 7.341870000000003 -10.485340000000004 2.999970000000001
endloop
endfacet
facet normal 0 0 1
outer loop
vertex 0 0 2.999970000000001
vertex 7.341870000000003 -10.485340000000004 2.999970000000001
vertex 8.227880000000003 -9.805560000000003 2.999970000000001
endloop
endfacet
facet normal 0 0 1
outer loop
vertex 0 0 2.999970000000001
vertex 8.227880000000003 -9.805560000000003 2.999970000000001
vertex 9.051160000000003 -9.051160000000003 2.999970000000001
endloop
endfacet
facet normal 0 0 1
outer loop
vertex 0 0 2.999970000000001
vertex 9.051160000000003 -9.051160000000003 2.999970000000001
vertex 9.805560000000003 -8.227880000000003 2.999970000000001
endloop
endfacet
facet normal 0 0 1
outer loop
vertex 0 0 2.999970000000001
vertex 9.805560000000003 -8.227880000000003 2.999970000000001
vertex 10.485340000000004 -7.341870000000003 2.999970000000001
endloop
endfacet
facet normal 0 0 1
outer loop
vertex 0 0 2.999970000000001
vertex 10.485340000000004 -7.341870000000003 2.999970000000001
vertex 11.085170000000003 -6.400100000000003 2.999970000000001
endloop
endfacet
facet normal 0 0 1
outer loop
vertex 0 0 2.999970000000001
vertex 11.085170000000003 -6.400100000000003 2.999970000000001
vertex 11.600540000000004 -5.4095400000000025 2.999970000000001
endloop
endfacet
facet normal 0 0 0.9999999999999999
outer loop
vertex 0 0 2.999970000000001
vertex 11.600540000000004 -5.4095400000000025 2.999970000000001
vertex 12.028170000000005 -4.377980000000002 2.999970000000001
endloop
endfacet
facet normal 0 0 1
outer loop
vertex 0 0 2.999970000000001
vertex 12.028170000000005 -4.377980000000002 2.999970000000001
vertex 12.363960000000004 -3.312800000000001 2.999970000000001
endloop
endfacet
facet normal 0 0 1
outer loop
vertex 0 0 2.999970000000001
vertex 12.363960000000004 -3.312800000000001 2.999970000000001
vertex 12.605450000000005 -2.222610000000001 2.999970000000001
endloop
endfacet
facet normal 0 0 1
outer loop
vertex 0 0 2.999970000000001
vertex 12.605450000000005 -2.222610000000001 2.999970000000001
vertex 12.751410000000005 -1.1156100000000004 2.999970000000001
endloop
endfacet
facet normal 0 0 1
outer loop
vertex 0 0 2.999970000000001
vertex 12.751410000000005 -1.1156100000000004 2.999970000000001
vertex 12.800200000000006 0 2.999970000000001
endloop
endfacet
facet normal 0 0 1
outer loop
vertex 0 0 2.999970000000001
vertex 12.800200000000006 0 2.999970000000001
vertex 12.751410000000005 1.1156100000000004 2.999970000000001
endloop
endfacet
facet normal 0 0 1
outer loop
vertex 0 0 2.999970000000001
vertex 12.751410000000005 1.1156100000000004 2.999970000000001
vertex 12.605450000000005 2.222610000000001 2.999970000000001
endloop
endfacet
facet normal 0 0 1
outer loop
vertex 0 0 2.999970000000001
vertex 12.605450000000005 2.222610000000001 2.999970000000001
vertex 12.363960000000004 3.312800000000001 2.999970000000001
endloop
endfacet
facet normal 0 0 1
outer loop
vertex 0 0 2.999970000000001
vertex 12.363960000000004 3.312800000000001 2.999970000000001
vertex 12.028170000000005 4.377980000000002 2.999970000000001
endloop
endfacet
facet normal 0 0 0.9999999999999999
outer loop
vertex 0 0 2.999970000000001
vertex 12.028170000000005 4.377980000000002 2.999970000000001
vertex 11.600540000000004 5.4095400000000025 2.999970000000001
endloop
endfacet
facet normal 0 0 1
outer loop
vertex 0 0 2.999970000000001
vertex 11.600540000000004 5.4095400000000025 2.999970000000001
vertex 11.085170000000003 6.400100000000003 2.999970000000001
endloop
endfacet
facet normal 0 0 1
outer loop
vertex 0 0 2.999970000000001
vertex 11.085170000000003 6.400100000000003 2.999970000000001
vertex 10.485340000000004 7.341870000000003 2.999970000000001
endloop
endfacet
facet normal 0 0 1
outer loop
vertex 0 0 2.999970000000001
vertex 10.485340000000004 7.341870000000003 2.999970000000001
vertex 9.805560000000003 8.227880000000003 2.999970000000001
endloop
endfacet
facet normal 0 0 1
outer loop
vertex 0 0 2.999970000000001
vertex 9.805560000000003 8.227880000000003 2.999970000000001
vertex 9.051160000000003 9.051160000000003 2.999970000000001
endloop
endfacet
facet normal 0 0 1
outer loop
vertex 0 0 2.999970000000001
vertex 9.051160000000003 9.051160000000003 2.999970000000001
vertex 8.227880000000003 9.805560000000003 2.999970000000001
endloop
endfacet
facet normal 0 0 1
outer loop
vertex 0 0 2.999970000000001
vertex 8.227880000000003 9.805560000000003 2.999970000000001
vertex 7.341870000000003 10.485340000000004 2.999970000000001
endloop
endfacet
facet normal 0 0 1
outer loop
vertex 0 0 2.999970000000001
vertex 7.341870000000003 10.485340000000004 2.999970000000001
vertex 6.400100000000003 11.085170000000003 2.999970000000001
endloop
endfacet
facet normal 0 0 1
outer loop
vertex 0 0 2.999970000000001
vertex 6.400100000000003 11.085170000000003 2.999970000000001
vertex 5.4095400000000025 11.600540000000004 2.999970000000001
endloop
endfacet
facet normal 0 0 0.9999999999999999
outer loop
vertex 0 0 2.999970000000001
vertex 5.4095400000000025 11.600540000000004 2.999970000000001
vertex 4.377980000000002 12.028170000000005 2.999970000000001
endloop
endfacet
facet normal 0 0 1
outer loop
vertex 0 0 2.999970000000001
vertex 4.377980000000002 12.028170000000005 2.999970000000001
vertex 3.312800000000001 12.363960000000004 2.999970000000001
endloop
endfacet
facet normal 0 0 1
outer loop
vertex 0 0 2.999970000000001
vertex 3.312800000000001 12.363960000000004 2.999970000000001
vertex 2.222610000000001 12.605450000000005 2.999970000000001
endloop
endfacet
facet normal 0 0 1
outer loop
vertex 0 0 2.999970000000001
vertex 2.222610000000001 12.605450000000005 2.999970000000001
vertex 1.1156100000000004 12.751410000000005 2.999970000000001
endloop
endfacet
facet normal 0 0 1
outer loop
vertex 0 0 2.999970000000001
vertex 1.1156100000000004 12.751410000000005 2.999970000000001
vertex 0 12.800200000000006 2.999970000000001
endloop
endfacet
facet normal 0 0 1
outer loop
vertex 0 0 2.999970000000001
vertex 0 12.800200000000006 2.999970000000001
vertex -1.1156100000000004 12.751410000000005 2.999970000000001
endloop
endfacet
facet normal 0 0 1
outer loop
vertex 8.603850000000003 -12.287290000000004 2.999970000000001
vertex 7.500130000000003 -12.990440000000005 2.999970000000001
vertex 25.000160000000008 -12.990440000000005 2.999970000000001
endloop
endfacet
facet normal 0 0 1
outer loop
vertex 8.603850000000003 -12.287290000000004 2.999970000000001
vertex 25.000160000000008 -12.990440000000005 2.999970000000001
vertex 25.000160000000008 -12.287290000000004 2.999970000000001
endloop
endfacet
facet normal 0 0 1
outer loop
vertex -25.000160000000008 -12.287290000000004 2.999970000000001
vertex -25.000160000000008 -12.990440000000005 2.999970000000001
vertex -7.500130000000003 -12.990440000000005 2.999970000000001
endloop
endfacet
facet normal 0 0 1
outer loop
vertex -25.000160000000008 -12.287290000000004 2.999970000000001
vertex -7.500130000000003 -12.990440000000005 2.999970000000001
vertex -8.603850000000003 -12.287290000000004 2.999970000000001
endloop
endfacet
facet normal 0 0 1
outer loop
vertex 7.500130000000003 -12.990440000000005 2.999970000000001
vertex 6.339420000000002 -13.594780000000005 2.999970000000001
vertex 25.000160000000008 -13.594780000000005 2.999970000000001
endloop
endfacet
facet normal 0 0 1
outer loop
vertex 7.500130000000003 -12.990440000000005 2.999970000000001
vertex 25.000160000000008 -13.594780000000005 2.999970000000001
vertex 25.000160000000008 -12.990440000000005 2.999970000000001
endloop
endfacet
facet normal 0 0 1
outer loop
vertex -25.000160000000008 -12.990440000000005 2.999970000000001
vertex -25.000160000000008 -13.594780000000005 2.999970000000001
vertex -6.339420000000002 -13.594780000000005 2.999970000000001
endloop
endfacet
facet normal 0 0 1
outer loop
vertex -25.000160000000008 -12.990440000000005 2.999970000000001
vertex -6.339420000000002 -13.594780000000005 2.999970000000001
vertex -7.500130000000003 -12.990440000000005 2.999970000000001
endloop
endfacet
facet normal 0 0 1
outer loop
vertex 6.339420000000002 -13.594780000000005 2.999970000000001
vertex 5.130330000000002 -14.095390000000005 2.999970000000001
vertex 25.000160000000008 -14.095390000000005 2.999970000000001
endloop
endfacet
facet normal 0 0 1
outer loop
vertex 6.339420000000002 -13.594780000000005 2.999970000000001
vertex 25.000160000000008 -14.095390000000005 2.999970000000001
vertex 25.000160000000008 -13.594780000000005 2.999970000000001
endloop
endfacet
facet normal 0 0 1
outer loop
vertex -25.000160000000008 -13.594780000000005 2.999970000000001
vertex -25.000160000000008 -14.095390000000005 2.999970000000001
vertex -5.130330000000002 -14.095390000000005 2.999970000000001
endloop
endfacet
facet normal 0 0 1
outer loop
vertex -25.000160000000008 -13.594780000000005 2.999970000000001
vertex -5.130330000000002 -14.095390000000005 2.999970000000001
vertex -6.339420000000002 -13.594780000000005 2.999970000000001
endloop
endfacet
facet normal 0 0 1
outer loop
vertex 5.130330000000002 -14.095390000000005 2.999970000000001
vertex 3.8822900000000016 -14.488990000000005 2.999970000000001
vertex 25.000160000000008 -14.488990000000005 2.999970000000001
endloop
endfacet
facet normal 0 0 0.9999999999999999
outer loop
vertex 5.130330000000002 -14.095390000000005 2.999970000000001
vertex 25.000160000000008 -14.488990000000005 2.999970000000001
vertex 25.000160000000008 -14.095390000000005 2.999970000000001
endloop
endfacet
facet normal 0 0 1
outer loop
vertex -25.000160000000008 -14.095390000000005 2.999970000000001
vertex -25.000160000000008 -14.488990000000005 2.999970000000001
vertex -3.8822900000000016 -14.488990000000005 2.999970000000001
endloop
endfacet
facet normal 0 0 0.9999999999999999
outer loop
vertex -25.000160000000008 -14.095390000000005 2.999970000000001
vertex -3.8822900000000016 -14.488990000000005 2.999970000000001
vertex -5.130330000000002 -14.095390000000005 2.999970000000001
endloop
endfacet
facet normal 0 0 1
outer loop
vertex 3.8822900000000016 -14.488990000000005 2.999970000000001
vertex 2.604730000000001 -14.772300000000005 2.999970000000001
vertex 25.000160000000008 -14.772300000000005 2.999970000000001
endloop
endfacet
facet normal 0 0 1
outer loop
vertex 3.8822900000000016 -14.488990000000005 2.999970000000001
vertex 25.000160000000008 -14.772300000000005 2.999970000000001
vertex 25.000160000000008 -14.488990000000005 2.999970000000001
endloop
endfacet
facet normal 0 0 1
outer loop
vertex -25.000160000000008 -14.488990000000005 2.999970000000001
vertex -25.000160000000008 -14.772300000000005 2.999970000000001
vertex -2.604730000000001 -14.772300000000005 2.999970000000001
endloop
endfacet
facet normal 0 0 1
outer loop
vertex -25.000160000000008 -14.488990000000005 2.999970000000001
vertex -2.604730000000001 -14.772300000000005 2.999970000000001
vertex -3.8822900000000016 -14.488990000000005 2.999970000000001
endloop
endfacet
facet normal 0 0 1
outer loop
vertex 2.604730000000001 -14.772300000000005 2.999970000000001
vertex 1.3074900000000005 -14.942860000000005 2.999970000000001
vertex 25.000160000000008 -14.942860000000005 2.999970000000001
endloop
endfacet
facet normal 0 0 1
outer loop
vertex 2.604730000000001 -14.772300000000005 2.999970000000001
vertex 25.000160000000008 -14.942860000000005 2.999970000000001
vertex 25.000160000000008 -14.772300000000005 2.999970000000001
endloop
endfacet
facet normal 0 0 1
outer loop
vertex -25.000160000000008 -14.772300000000005 2.999970000000001
vertex -25.000160000000008 -14.942860000000005 2.999970000000001
vertex -1.3074900000000005 -14.942860000000005 2.999970000000001
endloop
endfacet
facet normal 0 0 1
outer loop
vertex -25.000160000000008 -14.772300000000005 2.999970000000001
vertex -1.3074900000000005 -14.942860000000005 2.999970000000001
vertex -2.604730000000001 -14.772300000000005 2.999970000000001
endloop
endfacet
facet normal 0 0 1
outer loop
vertex 1.3074900000000005 -14.942860000000005 2.999970000000001
vertex 0 -14.999850000000006 2.999970000000001
vertex 25.000160000000008 -14.999850000000006 2.999970000000001
endloop
endfacet
facet normal 0 0 0.9999999999999999
outer loop
vertex 1.3074900000000005 -14.942860000000005 2.999970000000001
vertex 25.000160000000008 -14.999850000000006 2.999970000000001
vertex 25.000160000000008 -14.942860000000005 2.999970000000001
endloop
endfacet
facet normal 0 0 1
outer loop
vertex -25.000160000000008 -14.942860000000005 2.999970000000001
vertex -25.000160000000008 -14.999850000000006 2.999970000000001
vertex 0 -14.999850000000006 2.999970000000001
endloop
endfacet
facet normal 0 0 0.9999999999999999
outer loop
vertex -25.000160000000008 -14.942860000000005 2.999970000000001
vertex 0 -14.999850000000006 2.999970000000001
vertex -1.3074900000000005 -14.942860000000005 2.999970000000001
endloop
endfacet
facet normal 0 0 1
outer loop
vertex 0 -21.94976000000001 2.999970000000001
vertex 0 -14.999850000000006 2.999970000000001
vertex -25.000160000000008 -14.999850000000006 2.999970000000001
endloop
endfacet
facet normal 0 0 1
outer loop
vertex 0 -21.94976000000001 2.999970000000001
vertex -25.000160000000008 -14.999850000000006 2.999970000000001
vertex -25.000160000000008 -18.999810000000007 2.999970000000001
endloop
endfacet
facet normal 0 0 1
outer loop
vertex 0 -21.94976000000001 2.999970000000001
vertex -25.000160000000008 -18.999810000000007 2.999970000000001
vertex -24.94850000000001 -19.783320000000007 2.999970000000001
endloop
endfacet
facet normal 0 0 1
outer loop
vertex 0 -21.94976000000001 2.999970000000001
vertex -24.94850000000001 -19.783320000000007 2.999970000000001
vertex -24.79557000000001 -20.55289000000001 2.999970000000001
endloop
endfacet
facet normal 0 0 1
outer loop
vertex 0 -21.94976000000001 2.999970000000001
vertex -24.79557000000001 -20.55289000000001 2.999970000000001
vertex -24.54342000000001 -21.29622000000001 2.999970000000001
endloop
endfacet
facet normal 0 0 1
outer loop
vertex 0 -21.94976000000001 2.999970000000001
vertex -24.54342000000001 -21.29622000000001 2.999970000000001
vertex -24.19615000000001 -22.000190000000007 2.999970000000001
endloop
endfacet
facet normal 0 0 0.9999999999999999
outer loop
vertex 0 -21.94976000000001 2.999970000000001
vertex -24.19615000000001 -22.000190000000007 2.999970000000001
vertex -23.760320000000007 -22.652500000000007 2.999970000000001
endloop
endfacet
facet normal 0 0 1
outer loop
vertex 0 -21.94976000000001 2.999970000000001
vertex -23.760320000000007 -22.652500000000007 2.999970000000001
vertex -23.242490000000007 -23.242490000000007 2.999970000000001
endloop
endfacet
facet normal 0 0 1
outer loop
vertex 0 -21.94976000000001 2.999970000000001
vertex -23.242490000000007 -23.242490000000007 2.999970000000001
vertex -22.652500000000007 -23.760320000000007 2.999970000000001
endloop
endfacet
facet normal 0 0 1
outer loop
vertex 0 -21.94976000000001 2.999970000000001
vertex -22.652500000000007 -23.760320000000007 2.999970000000001
vertex -22.000190000000007 -24.19615000000001 2.999970000000001
endloop
endfacet
facet normal 0 0 1
outer loop
vertex 0 -21.94976000000001 2.999970000000001
vertex -22.000190000000007 -24.19615000000001 2.999970000000001
vertex -21.29622000000001 -24.54342000000001 2.999970000000001
endloop
endfacet
facet normal 0 0 1
outer loop
vertex 0 -21.94976000000001 2.999970000000001
vertex -21.29622000000001 -24.54342000000001 2.999970000000001
vertex -20.55289000000001 -24.79557000000001 2.999970000000001
endloop
endfacet
facet normal 0 0 1
outer loop
vertex 0 -21.94976000000001 2.999970000000001
vertex -20.55289000000001 -24.79557000000001 2.999970000000001
vertex -19.783320000000007 -24.94850000000001 2.999970000000001
endloop
endfacet
facet normal 0 0 1
outer loop
vertex 0 -21.94976000000001 2.999970000000001
vertex -19.783320000000007 -24.94850000000001 2.999970000000001
vertex -18.999810000000007 -25.000160000000008 2.999970000000001
endloop
endfacet
facet normal 0 0 1
outer loop
vertex 0 -21.94976000000001 2.999970000000001
vertex -18.999810000000007 -25.000160000000008 2.999970000000001
vertex 18.999810000000007 -25.000160000000008 2.999970000000001
endloop
endfacet
facet normal 0 0 1
outer loop
vertex 0 -21.94976000000001 2.999970000000001
vertex 18.999810000000007 -25.000160000000008 2.999970000000001
vertex 19.783320000000007 -24.94850000000001 2.999970000000001
endloop
endfacet
facet normal 0 0 1
outer loop
vertex 0 -21.94976000000001 2.999970000000001
vertex 19.783320000000007 -24.94850000000001 2.999970000000001
vertex 20.55289000000001 -24.79557000000001 2.999970000000001
endloop
endfacet
facet normal 0 0 1
outer loop
vertex 0 -21.94976000000001 2.999970000000001
vertex 20.55289000000001 -24.79557000000001 2.999970000000001
vertex 21.29622000000001 -24.54342000000001 2.999970000000001
endloop
endfacet
facet normal 0 0 1
outer loop
vertex 0 -21.94976000000001 2.999970000000001
vertex 21.29622000000001 -24.54342000000001 2.999970000000001
vertex 22.000190000000007 -24.19615000000001 2.999970000000001
endloop
endfacet
facet normal 0 0 1
outer loop
vertex 0 -21.94976000000001 2.999970000000001
vertex 22.000190000000007 -24.19615000000001 2.999970000000001
vertex 22.652500000000007 -23.760320000000007 2.999970000000001
endloop
endfacet
facet normal 0 0 1
outer loop
vertex 0 -21.94976000000001 2.999970000000001
vertex 22.652500000000007 -23.760320000000007 2.999970000000001
vertex 23.242490000000007 -23.242490000000007 2.999970000000001
endloop
endfacet
facet normal 0 0 1
outer loop
vertex 0 -21.94976000000001 2.999970000000001
vertex 23.242490000000007 -23.242490000000007 2.999970000000001
vertex 23.760320000000007 -22.652500000000007 2.999970000000001
endloop
endfacet
facet normal 0 0 0.9999999999999999
outer loop
vertex 0 -21.94976000000001 2.999970000000001
vertex 23.760320000000007 -22.652500000000007 2.999970000000001
vertex 24.19615000000001 -22.000190000000007 2.999970000000001
endloop
endfacet
facet normal 0 0 1
outer loop
vertex 0 -21.94976000000001 2.999970000000001
vertex 24.19615000000001 -22.000190000000007 2.999970000000001
vertex 24.54342000000001 -21.29622000000001 2.999970000000001
endloop
endfacet
facet normal 0 0 1
outer loop
vertex 0 -21.94976000000001 2.999970000000001
vertex 24.54342000000001 -21.29622000000001 2.999970000000001
vertex 24.79557000000001 -20.55289000000001 2.999970000000001
endloop
endfacet
facet normal 0 0 1
outer loop
vertex 0 -21.94976000000001 2.999970000000001
vertex 24.79557000000001 -20.55289000000001 2.999970000000001
vertex 24.94850000000001 -19.783320000000007 2.999970000000001
endloop
endfacet
facet normal 0 0 1
outer loop
vertex 0 -21.94976000000001 2.999970000000001
vertex 24.94850000000001 -19.783320000000007 2.999970000000001
vertex 25.000160000000008 -18.999810000000007 2.999970000000001
endloop
endfacet
facet normal 0 0 1
outer loop
vertex 0 -21.94976000000001 2.999970000000001
vertex 25.000160000000008 -18.999810000000007 2.999970000000001
vertex 25.000160000000008 -14.999850000000006 2.999970000000001
endloop
endfacet
facet normal 0 0 1
outer loop
vertex 0 -21.94976000000001 2.999970000000001
vertex 25.000160000000008 -14.999850000000006 2.999970000000001
vertex 0 -14.999850000000006 2.999970000000001
endloop
endfacet
facet normal 0.9990514236731033 0.043545985541098516 0
outer loop
vertex 14.942860000000005 1.3074900000000005 2.999970000000001
vertex 14.942860000000005 1.3074900000000005 4.799870000000002
vertex 14.999850000000006 0 4.799870000000002
endloop
endfacet
facet normal 0.9990514236731033 0.043545985541098516 0
outer loop
vertex 14.942860000000005 1.3074900000000005 2.999970000000001
vertex 14.999850000000006 0 4.799870000000002
vertex 14.999850000000006 0 2.999970000000001
endloop
endfacet
facet normal 0.9914670896307387 0.13035724060884554 0
outer loop
vertex 14.772300000000005 2.604730000000001 2.999970000000001
vertex 14.772300000000005 2.604730000000001 4.799870000000002
vertex 14.942860000000005 1.3074900000000005 4.799870000000002
endloop
endfacet
facet normal 0.9914670896307387 0.13035724060884554 0
outer loop
vertex 14.772300000000005 2.604730000000001 2.999970000000001
vertex 14.942860000000005 1.3074900000000005 4.799870000000002
vertex 14.942860000000005 1.3074900000000005 2.999970000000001
endloop
endfacet
facet normal 0.9762774132774662 0.21652346829907212 0
outer loop
vertex 14.627570000000006 3.2574500000000013 4.079910000000002
vertex 14.488990000000005 3.8822900000000016 2.999970000000001
vertex 14.488990000000005 3.8822900000000016 4.799870000000002
endloop
endfacet
facet normal 0.9762861861056006 0.21648390591830655 0.000036024079838364055
outer loop
vertex 14.627570000000006 3.2574500000000013 4.079910000000002
vertex 14.488990000000005 3.8822900000000016 4.799870000000002
vertex 14.615270000000006 3.312800000000001 4.799870000000002
endloop
endfacet
facet normal 0.9762800786095721 0.21651144765921448 0.00003380234868607193
outer loop
vertex 14.627570000000006 3.2574500000000013 4.079910000000002
vertex 14.615270000000006 3.312800000000001 4.799870000000002
vertex 14.772300000000005 2.604730000000001 4.799870000000002
endloop
endfacet
facet normal 0.9762879596257125 0.2164759106456496 0
outer loop
vertex 14.627570000000006 3.2574500000000013 4.079910000000002
vertex 14.772300000000005 2.604730000000001 4.799870000000002
vertex 14.772300000000005 2.604730000000001 2.999970000000001
endloop
endfacet
facet normal 0.9762828016820572 0.216499170719609 -0.000014749731151698161
outer loop
vertex 14.627570000000006 3.2574500000000013 4.079910000000002
vertex 14.772300000000005 2.604730000000001 2.999970000000001
vertex 14.488990000000005 3.8822900000000016 2.999970000000001
endloop
endfacet
facet normal 0.9536962388484406 0.30077148137138676 0
outer loop
vertex 14.095390000000005 5.130330000000002 2.999970000000001
vertex 14.095390000000005 5.130330000000002 4.799870000000002
vertex 14.488990000000005 3.8822900000000016 4.799870000000002
endloop
endfacet
facet normal 0.9536962388484406 0.30077148137138676 0
outer loop
vertex 14.095390000000005 5.130330000000002 2.999970000000001
vertex 14.488990000000005 3.8822900000000016 4.799870000000002
vertex 14.488990000000005 3.8822900000000016 2.999970000000001
endloop
endfacet
facet normal 0.9239366569114325 0.3825454927395247 0
outer loop
vertex 13.594780000000005 6.339420000000002 2.999970000000001
vertex 13.594780000000005 6.339420000000002 4.799870000000002
vertex 14.095390000000005 5.130330000000002 4.799870000000002
endloop
endfacet
facet normal 0.9239366569114325 0.3825454927395247 0
outer loop
vertex 13.594780000000005 6.339420000000002 2.999970000000001
vertex 14.095390000000005 5.130330000000002 4.799870000000002
vertex 14.095390000000005 5.130330000000002 2.999970000000001
endloop
endfacet
facet normal 0.886976643336692 0.46181428537364966 0
outer loop
vertex 13.248740000000005 7.004030000000003 4.079910000000002
vertex 12.990440000000005 7.500130000000003 2.999970000000001
vertex 12.990440000000005 7.500130000000003 4.799870000000002
endloop
endfacet
facet normal 0.8869533053882876 0.46185910461928564 -0.000039256375121938264
outer loop
vertex 13.248740000000005 7.004030000000003 4.079910000000002
vertex 12.990440000000005 7.500130000000003 4.799870000000002
vertex 13.072850000000004 7.341870000000003 4.799870000000002
endloop
endfacet
facet normal 0.8869790994538754 0.46180956793651745 -0.000009709746000062713
outer loop
vertex 13.248740000000005 7.004030000000003 4.079910000000002
vertex 13.072850000000004 7.341870000000003 4.799870000000002
vertex 13.594780000000005 6.339420000000002 4.799870000000002
endloop
endfacet
facet normal 0.8869747909821648 0.4618178430530211 0
outer loop
vertex 13.248740000000005 7.004030000000003 4.079910000000002
vertex 13.594780000000005 6.339420000000002 4.799870000000002
vertex 13.594780000000005 6.339420000000002 2.999970000000001
endloop
endfacet
facet normal 0.8869755826986837 0.4618163224648039 0.0000011894769331487755
outer loop
vertex 13.248740000000005 7.004030000000003 4.079910000000002
vertex 13.594780000000005 6.339420000000002 2.999970000000001
vertex 12.990440000000005 7.500130000000003 2.999970000000001
endloop
endfacet
facet normal 0.8433904721883472 0.5373011366281638 0
outer loop
vertex 12.287290000000004 8.603850000000003 2.999970000000001
vertex 12.287290000000004 8.603850000000003 4.799870000000002
vertex 12.990440000000005 7.500130000000003 4.799870000000002
endloop
endfacet
facet normal 0.8433904721883472 0.5373011366281638 0
outer loop
vertex 12.287290000000004 8.603850000000003 2.999970000000001
vertex 12.990440000000005 7.500130000000003 4.799870000000002
vertex 12.990440000000005 7.500130000000003 2.999970000000001
endloop
endfacet
facet normal 0.7933339604389121 0.6087866844916293 0
outer loop
vertex 11.490660000000004 9.641970000000004 2.999970000000001
vertex 11.490660000000004 9.641970000000004 4.799870000000002
vertex 12.287290000000004 8.603850000000003 4.799870000000002
endloop
endfacet
facet normal 0.7933339604389121 0.6087866844916293 0
outer loop
vertex 11.490660000000004 9.641970000000004 2.999970000000001
vertex 12.287290000000004 8.603850000000003 4.799870000000002
vertex 12.287290000000004 8.603850000000003 2.999970000000001
endloop
endfacet
facet normal 0.7372971974902431 0.675568532846989 0
outer loop
vertex 10.606700000000004 10.606700000000004 2.999970000000001
vertex 10.606700000000004 10.606700000000004 4.799870000000002
vertex 11.490660000000004 9.641970000000004 4.799870000000002
endloop
endfacet
facet normal 0.7372971974902431 0.675568532846989 0
outer loop
vertex 10.606700000000004 10.606700000000004 2.999970000000001
vertex 11.490660000000004 9.641970000000004 4.799870000000002
vertex 11.490660000000004 9.641970000000004 2.999970000000001
endloop
endfacet
facet normal 0.675568532846989 0.7372971974902431 0
outer loop
vertex 9.641970000000004 11.490660000000004 2.999970000000001
vertex 9.641970000000004 11.490660000000004 4.799870000000002
vertex 10.606700000000004 10.606700000000004 4.799870000000002
endloop
endfacet
facet normal 0.675568532846989 0.7372971974902431 0
outer loop
vertex 9.641970000000004 11.490660000000004 2.999970000000001
vertex 10.606700000000004 10.606700000000004 4.799870000000002
vertex 10.606700000000004 10.606700000000004 2.999970000000001
endloop
endfacet
facet normal 0.6087866844916293 0.7933339604389121 0
outer loop
vertex 8.603850000000003 12.287290000000004 2.999970000000001
vertex 8.603850000000003 12.287290000000004 4.799870000000002
vertex 9.641970000000004 11.490660000000004 4.799870000000002
endloop
endfacet
facet normal 0.6087866844916293 0.7933339604389121 0
outer loop
vertex 8.603850000000003 12.287290000000004 2.999970000000001
vertex 9.641970000000004 11.490660000000004 4.799870000000002
vertex 9.641970000000004 11.490660000000004 2.999970000000001
endloop
endfacet
facet normal 0.5373011366281638 0.8433904721883472 0
outer loop
vertex 7.500130000000003 12.990440000000005 2.999970000000001
vertex 7.500130000000003 12.990440000000005 4.799870000000002
vertex 8.603850000000003 12.287290000000004 4.799870000000002
endloop
endfacet
facet normal 0.5373011366281638 0.8433904721883472 0
outer loop
vertex 7.500130000000003 12.990440000000005 2.999970000000001
vertex 8.603850000000003 12.287290000000004 4.799870000000002
vertex 8.603850000000003 12.287290000000004 2.999970000000001
endloop
endfacet
facet normal 0.4618163224651306 0.8869755826993111 0
outer loop
vertex 6.339420000000002 13.594780000000005 2.999970000000001
vertex 6.339420000000002 13.594780000000005 4.799870000000002
vertex 7.500130000000003 12.990440000000005 4.799870000000002
endloop
endfacet
facet normal 0.4618163224651306 0.8869755826993111 0
outer loop
vertex 6.339420000000002 13.594780000000005 2.999970000000001
vertex 7.500130000000003 12.990440000000005 4.799870000000002
vertex 7.500130000000003 12.990440000000005 2.999970000000001
endloop
endfacet
facet normal 0.3825454927395247 0.9239366569114325 0
outer loop
vertex 5.130330000000002 14.095390000000005 2.999970000000001
vertex 5.130330000000002 14.095390000000005 4.799870000000002
vertex 6.339420000000002 13.594780000000005 4.799870000000002
endloop
endfacet
facet normal 0.3825454927395247 0.9239366569114325 0
outer loop
vertex 5.130330000000002 14.095390000000005 2.999970000000001
vertex 6.339420000000002 13.594780000000005 4.799870000000002
vertex 6.339420000000002 13.594780000000005 2.999970000000001
endloop
endfacet
facet normal 0.30077148137138676 0.9536962388484406 0
outer loop
vertex 3.8822900000000016 14.488990000000005 2.999970000000001
vertex 3.8822900000000016 14.488990000000005 4.799870000000002
vertex 5.130330000000002 14.095390000000005 4.799870000000002
endloop
endfacet
facet normal 0.30077148137138676 0.9536962388484406 0
outer loop
vertex 3.8822900000000016 14.488990000000005 2.999970000000001
vertex 5.130330000000002 14.095390000000005 4.799870000000002
vertex 5.130330000000002 14.095390000000005 2.999970000000001
endloop
endfacet
facet normal 0.21649917074315916 0.9762828017882546 0
outer loop
vertex 2.604730000000001 14.772300000000005 2.999970000000001
vertex 2.604730000000001 14.772300000000005 4.799870000000002
vertex 3.8822900000000016 14.488990000000005 4.799870000000002
endloop
endfacet
facet normal 0.21649917074315916 0.9762828017882546 0
outer loop
vertex 2.604730000000001 14.772300000000005 2.999970000000001
vertex 3.8822900000000016 14.488990000000005 4.799870000000002
vertex 3.8822900000000016 14.488990000000005 2.999970000000001
endloop
endfacet
facet normal 0.13035724060884554 0.9914670896307387 0
outer loop
vertex 1.3074900000000005 14.942860000000005 2.999970000000001
vertex 1.3074900000000005 14.942860000000005 4.799870000000002
vertex 2.604730000000001 14.772300000000005 4.799870000000002
endloop
endfacet
facet normal 0.13035724060884554 0.9914670896307387 0
outer loop
vertex 1.3074900000000005 14.942860000000005 2.999970000000001
vertex 2.604730000000001 14.772300000000005 4.799870000000002
vertex 2.604730000000001 14.772300000000005 2.999970000000001
endloop
endfacet
facet normal 0.043545985541098516 0.9990514236731033 0
outer loop
vertex 0 14.999850000000006 2.999970000000001
vertex 0 14.999850000000006 4.799870000000002
vertex 1.3074900000000005 14.942860000000005 4.799870000000002
endloop
endfacet
facet normal 0.043545985541098516 0.9990514236731033 0
outer loop
vertex 0 14.999850000000006 2.999970000000001
vertex 1.3074900000000005 14.942860000000005 4.799870000000002
vertex 1.3074900000000005 14.942860000000005 2.999970000000001
endloop
endfacet
facet normal -0.043545985541098516 0.9990514236731033 0
outer loop
vertex -1.3074900000000005 14.942860000000005 2.999970000000001
vertex -1.3074900000000005 14.942860000000005 4.799870000000002
vertex 0 14.999850000000006 4.799870000000002
endloop
endfacet
facet normal -0.043545985541098516 0.9990514236731033 0
outer loop
vertex -1.3074900000000005 14.942860000000005 2.999970000000001
vertex 0 14.999850000000006 4.799870000000002
vertex 0 14.999850000000006 2.999970000000001
endloop
endfacet
facet normal -0.13035724060884554 0.9914670896307387 0
outer loop
vertex -2.604730000000001 14.772300000000005 2.999970000000001
vertex -2.604730000000001 14.772300000000005 4.799870000000002
vertex -1.3074900000000005 14.942860000000005 4.799870000000002
endloop
endfacet
facet normal -0.13035724060884554 0.9914670896307387 0
outer loop
vertex -2.604730000000001 14.772300000000005 2.999970000000001
vertex -1.3074900000000005 14.942860000000005 4.799870000000002
vertex -1.3074900000000005 14.942860000000005 2.999970000000001
endloop
endfacet
facet normal -0.21649917074315916 0.9762828017882546 0
outer loop
vertex -3.8822900000000016 14.488990000000005 2.999970000000001
vertex -3.8822900000000016 14.488990000000005 4.799870000000002
vertex -2.604730000000001 14.772300000000005 4.799870000000002
endloop
endfacet
facet normal -0.21649917074315916 0.9762828017882546 0
outer loop
vertex -3.8822900000000016 14.488990000000005 2.999970000000001
vertex -2.604730000000001 14.772300000000005 4.799870000000002
vertex -2.604730000000001 14.772300000000005 2.999970000000001
endloop
endfacet
facet normal -0.30077148137138676 0.9536962388484406 0
outer loop
vertex -5.130330000000002 14.095390000000005 2.999970000000001
vertex -5.130330000000002 14.095390000000005 4.799870000000002
vertex -3.8822900000000016 14.488990000000005 4.799870000000002
endloop
endfacet
facet normal -0.30077148137138676 0.9536962388484406 0
outer loop
vertex -5.130330000000002 14.095390000000005 2.999970000000001
vertex -3.8822900000000016 14.488990000000005 4.799870000000002
vertex -3.8822900000000016 14.488990000000005 2.999970000000001
endloop
endfacet
facet normal -0.3825454927395247 0.9239366569114325 0
outer loop
vertex -6.339420000000002 13.594780000000005 2.999970000000001
vertex -6.339420000000002 13.594780000000005 4.799870000000002
vertex -5.130330000000002 14.095390000000005 4.799870000000002
endloop
endfacet
facet normal -0.3825454927395247 0.9239366569114325 0
outer loop
vertex -6.339420000000002 13.594780000000005 2.999970000000001
vertex -5.130330000000002 14.095390000000005 4.799870000000002
vertex -5.130330000000002 14.095390000000005 2.999970000000001
endloop
endfacet
facet normal -0.4618163224651306 0.8869755826993111 0
outer loop
vertex -7.500130000000003 12.990440000000005 2.999970000000001
vertex -7.500130000000003 12.990440000000005 4.799870000000002
vertex -6.339420000000002 13.594780000000005 4.799870000000002
endloop
endfacet
facet normal -0.4618163224651306 0.8869755826993111 0
outer loop
vertex -7.500130000000003 12.990440000000005 2.999970000000001
vertex -6.339420000000002 13.594780000000005 4.799870000000002
vertex -6.339420000000002 13.594780000000005 2.999970000000001
endloop
endfacet
facet normal -0.5373011366281638 0.8433904721883472 0
outer loop
vertex -8.603850000000003 12.287290000000004 2.999970000000001
vertex -8.603850000000003 12.287290000000004 4.799870000000002
vertex -7.500130000000003 12.990440000000005 4.799870000000002
endloop
endfacet
facet normal -0.5373011366281638 0.8433904721883472 0
outer loop
vertex -8.603850000000003 12.287290000000004 2.999970000000001
vertex -7.500130000000003 12.990440000000005 4.799870000000002
vertex -7.500130000000003 12.990440000000005 2.999970000000001
endloop
endfacet
facet normal -0.6087866844916293 0.7933339604389121 0
outer loop
vertex -9.641970000000004 11.490660000000004 2.999970000000001
vertex -9.641970000000004 11.490660000000004 4.799870000000002
vertex -8.603850000000003 12.287290000000004 4.799870000000002
endloop
endfacet
facet normal -0.6087866844916293 0.7933339604389121 0
outer loop
vertex -9.641970000000004 11.490660000000004 2.999970000000001
vertex -8.603850000000003 12.287290000000004 4.799870000000002
vertex -8.603850000000003 12.287290000000004 2.999970000000001
endloop
endfacet
facet normal -0.675568532846989 0.7372971974902431 0
outer loop
vertex -10.606700000000004 10.606700000000004 2.999970000000001
vertex -10.606700000000004 10.606700000000004 4.799870000000002
vertex -9.641970000000004 11.490660000000004 4.799870000000002
endloop
endfacet
facet normal -0.675568532846989 0.7372971974902431 0
outer loop
vertex -10.606700000000004 10.606700000000004 2.999970000000001
vertex -9.641970000000004 11.490660000000004 4.799870000000002
vertex -9.641970000000004 11.490660000000004 2.999970000000001
endloop
endfacet
facet normal -0.7372971974902431 0.675568532846989 0
outer loop
vertex -11.490660000000004 9.641970000000004 2.999970000000001
vertex -11.490660000000004 9.641970000000004 4.799870000000002
vertex -10.606700000000004 10.606700000000004 4.799870000000002
endloop
endfacet
facet normal -0.7372971974902431 0.675568532846989 0
outer loop
vertex -11.490660000000004 9.641970000000004 2.999970000000001
vertex -10.606700000000004 10.606700000000004 4.799870000000002
vertex -10.606700000000004 10.606700000000004 2.999970000000001
endloop
endfacet
facet normal -0.7933339604389121 0.6087866844916293 0
outer loop
vertex -12.287290000000004 8.603850000000003 2.999970000000001
vertex -12.287290000000004 8.603850000000003 4.799870000000002
vertex -11.490660000000004 9.641970000000004 4.799870000000002
endloop
endfacet
facet normal -0.7933339604389121 0.6087866844916293 0
outer loop
vertex -12.287290000000004 8.603850000000003 2.999970000000001
vertex -11.490660000000004 9.641970000000004 4.799870000000002
vertex -11.490660000000004 9.641970000000004 2.999970000000001
endloop
endfacet
facet normal -0.8433904721883472 0.5373011366281638 0
outer loop
vertex -12.990440000000005 7.500130000000003 2.999970000000001
vertex -12.990440000000005 7.500130000000003 4.799870000000002
vertex -12.287290000000004 8.603850000000003 4.799870000000002
endloop
endfacet
facet normal -0.8433904721883472 0.5373011366281638 0
outer loop
vertex -12.990440000000005 7.500130000000003 2.999970000000001
vertex -12.287290000000004 8.603850000000003 4.799870000000002
vertex -12.287290000000004 8.603850000000003 2.999970000000001
endloop
endfacet
facet normal -0.8869747909821648 0.4618178430530211 0
outer loop
vertex -13.248740000000005 7.004030000000003 4.079910000000002
vertex -13.594780000000005 6.339420000000002 2.999970000000001
vertex -13.594780000000005 6.339420000000002 4.799870000000002
endloop
endfacet
facet normal -0.8869790994538754 0.46180956793651745 -0.000009709746000062713
outer loop
vertex -13.248740000000005 7.004030000000003 4.079910000000002
vertex -13.594780000000005 6.339420000000002 4.799870000000002
vertex -13.072850000000004 7.341870000000003 4.799870000000002
endloop
endfacet
facet normal -0.8869533053882876 0.46185910461928564 -0.000039256375121938264
outer loop
vertex -13.248740000000005 7.004030000000003 4.079910000000002
vertex -13.072850000000004 7.341870000000003 4.799870000000002
vertex -12.990440000000005 7.500130000000003 4.799870000000002
endloop
endfacet
facet normal -0.886976643336692 0.46181428537364966 0
outer loop
vertex -13.248740000000005 7.004030000000003 4.079910000000002
vertex -12.990440000000005 7.500130000000003 4.799870000000002
vertex -12.990440000000005 7.500130000000003 2.999970000000001
endloop
endfacet
facet normal -0.8869755826986837 0.4618163224648039 0.0000011894769331487755
outer loop
vertex -13.248740000000005 7.004030000000003 4.079910000000002
vertex -12.990440000000005 7.500130000000003 2.999970000000001
vertex -13.594780000000005 6.339420000000002 2.999970000000001
endloop
endfacet
facet normal -0.9239366569114325 0.3825454927395247 0
outer loop
vertex -14.095390000000005 5.130330000000002 2.999970000000001
vertex -14.095390000000005 5.130330000000002 4.799870000000002
vertex -13.594780000000005 6.339420000000002 4.799870000000002
endloop
endfacet
facet normal -0.9239366569114325 0.3825454927395247 0
outer loop
vertex -14.095390000000005 5.130330000000002 2.999970000000001
vertex -13.594780000000005 6.339420000000002 4.799870000000002
vertex -13.594780000000005 6.339420000000002 2.999970000000001
endloop
endfacet
facet normal -0.9536962388484406 0.30077148137138676 0
outer loop
vertex -14.488990000000005 3.8822900000000016 2.999970000000001
vertex -14.488990000000005 3.8822900000000016 4.799870000000002
vertex -14.095390000000005 5.130330000000002 4.799870000000002
endloop
endfacet
facet normal -0.9536962388484406 0.30077148137138676 0
outer loop
vertex -14.488990000000005 3.8822900000000016 2.999970000000001
vertex -14.095390000000005 5.130330000000002 4.799870000000002
vertex -14.095390000000005 5.130330000000002 2.999970000000001
endloop
endfacet
facet normal -0.9762879596257125 0.2164759106456496 0
outer loop
vertex -14.627570000000006 3.2574500000000013 4.079910000000002
vertex -14.772300000000005 2.604730000000001 2.999970000000001
vertex -14.772300000000005 2.604730000000001 4.799870000000002
endloop
endfacet
facet normal -0.9762800786095721 0.21651144765921448 0.00003380234868607193
outer loop
vertex -14.627570000000006 3.2574500000000013 4.079910000000002
vertex -14.772300000000005 2.604730000000001 4.799870000000002
vertex -14.615270000000006 3.312800000000001 4.799870000000002
endloop
endfacet
facet normal -0.9762861861056006 0.21648390591830655 0.000036024079838364055
outer loop
vertex -14.627570000000006 3.2574500000000013 4.079910000000002
vertex -14.615270000000006 3.312800000000001 4.799870000000002
vertex -14.488990000000005 3.8822900000000016 4.799870000000002
endloop
endfacet
facet normal -0.9762774132774662 0.21652346829907212 0
outer loop
vertex -14.627570000000006 3.2574500000000013 4.079910000000002
vertex -14.488990000000005 3.8822900000000016 4.799870000000002
vertex -14.488990000000005 3.8822900000000016 2.999970000000001
endloop
endfacet
facet normal -0.9762828016820572 0.216499170719609 -0.000014749731151698161
outer loop
vertex -14.627570000000006 3.2574500000000013 4.079910000000002
vertex -14.488990000000005 3.8822900000000016 2.999970000000001
vertex -14.772300000000005 2.604730000000001 2.999970000000001
endloop
endfacet
facet normal -0.9914670896307387 0.13035724060884554 0
outer loop
vertex -14.942860000000005 1.3074900000000005 2.999970000000001
vertex -14.942860000000005 1.3074900000000005 4.799870000000002
vertex -14.772300000000005 2.604730000000001 4.799870000000002
endloop
endfacet
facet normal -0.9914670896307387 0.13035724060884554 0
outer loop
vertex -14.942860000000005 1.3074900000000005 2.999970000000001
vertex -14.772300000000005 2.604730000000001 4.799870000000002
vertex -14.772300000000005 2.604730000000001 2.999970000000001
endloop
endfacet
facet normal -0.9990514236731033 0.043545985541098516 0
outer loop
vertex -14.999850000000006 0 2.999970000000001
vertex -14.999850000000006 0 4.799870000000002
vertex -14.942860000000005 1.3074900000000005 4.799870000000002
endloop
endfacet
facet normal -0.9990514236731033 0.043545985541098516 0
outer loop
vertex -14.999850000000006 0 2.999970000000001
vertex -14.942860000000005 1.3074900000000005 4.799870000000002
vertex -14.942860000000005 1.3074900000000005 2.999970000000001
endloop
endfacet
facet normal -0.9990514236731033 -0.043545985541098516 0
outer loop
vertex -14.942860000000005 -1.3074900000000005 2.999970000000001
vertex -14.942860000000005 -1.3074900000000005 4.799870000000002
vertex -14.999850000000006 0 4.799870000000002
endloop
endfacet
facet normal -0.9990514236731033 -0.043545985541098516 0
outer loop
vertex -14.942860000000005 -1.3074900000000005 2.999970000000001
vertex -14.999850000000006 0 4.799870000000002
vertex -14.999850000000006 0 2.999970000000001
endloop
endfacet
facet normal -0.9914670896307387 -0.13035724060884554 0
outer loop
vertex -14.772300000000005 -2.604730000000001 2.999970000000001
vertex -14.772300000000005 -2.604730000000001 4.799870000000002
vertex -14.942860000000005 -1.3074900000000005 4.799870000000002
endloop
endfacet
facet normal -0.9914670896307387 -0.13035724060884554 0
outer loop
vertex -14.772300000000005 -2.604730000000001 2.999970000000001
vertex -14.942860000000005 -1.3074900000000005 4.799870000000002
vertex -14.942860000000005 -1.3074900000000005 2.999970000000001
endloop
endfacet
facet normal -0.9762774132774662 -0.21652346829907212 0
outer loop
vertex -14.627570000000006 -3.2574500000000013 4.079910000000002
vertex -14.488990000000005 -3.8822900000000016 2.999970000000001
vertex -14.488990000000005 -3.8822900000000016 4.799870000000002
endloop
endfacet
facet normal -0.9762861861056006 -0.21648390591830655 0.000036024079838364055
outer loop
vertex -14.627570000000006 -3.2574500000000013 4.079910000000002
vertex -14.488990000000005 -3.8822900000000016 4.799870000000002
vertex -14.615270000000006 -3.312800000000001 4.799870000000002
endloop
endfacet
facet normal -0.9762800786095721 -0.21651144765921448 0.00003380234868607193
outer loop
vertex -14.627570000000006 -3.2574500000000013 4.079910000000002
vertex -14.615270000000006 -3.312800000000001 4.799870000000002
vertex -14.772300000000005 -2.604730000000001 4.799870000000002
endloop
endfacet
facet normal -0.9762879596257125 -0.2164759106456496 0
outer loop
vertex -14.627570000000006 -3.2574500000000013 4.079910000000002
vertex -14.772300000000005 -2.604730000000001 4.799870000000002
vertex -14.772300000000005 -2.604730000000001 2.999970000000001
endloop
endfacet
facet normal -0.9762828016820572 -0.216499170719609 -0.000014749731151698161
outer loop
vertex -14.627570000000006 -3.2574500000000013 4.079910000000002
vertex -14.772300000000005 -2.604730000000001 2.999970000000001
vertex -14.488990000000005 -3.8822900000000016 2.999970000000001
endloop
endfacet
facet normal -0.9536962388484406 -0.30077148137138676 0
outer loop
vertex -14.095390000000005 -5.130330000000002 2.999970000000001
vertex -14.095390000000005 -5.130330000000002 4.799870000000002
vertex -14.488990000000005 -3.8822900000000016 4.799870000000002
endloop
endfacet
facet normal -0.9536962388484406 -0.30077148137138676 0
outer loop
vertex -14.095390000000005 -5.130330000000002 2.999970000000001
vertex -14.488990000000005 -3.8822900000000016 4.799870000000002
vertex -14.488990000000005 -3.8822900000000016 2.999970000000001
endloop
endfacet
facet normal -0.9239366569114325 -0.3825454927395247 0
outer loop
vertex -13.594780000000005 -6.339420000000002 2.999970000000001
vertex -13.594780000000005 -6.339420000000002 4.799870000000002
vertex -14.095390000000005 -5.130330000000002 4.799870000000002
endloop
endfacet
facet normal -0.9239366569114325 -0.3825454927395247 0
outer loop
vertex -13.594780000000005 -6.339420000000002 2.999970000000001
vertex -14.095390000000005 -5.130330000000002 4.799870000000002
vertex -14.095390000000005 -5.130330000000002 2.999970000000001
endloop
endfacet
facet normal -0.886976643336692 -0.46181428537364966 0
outer loop
vertex -13.248740000000005 -7.004030000000003 4.079910000000002
vertex -12.990440000000005 -7.500130000000003 2.999970000000001
vertex -12.990440000000005 -7.500130000000003 4.799870000000002
endloop
endfacet
facet normal -0.8869533053882876 -0.46185910461928564 -0.000039256375121938264
outer loop
vertex -13.248740000000005 -7.004030000000003 4.079910000000002
vertex -12.990440000000005 -7.500130000000003 4.799870000000002
vertex -13.072850000000004 -7.341870000000003 4.799870000000002
endloop
endfacet
facet normal -0.8869790994538754 -0.46180956793651745 -0.000009709746000062713
outer loop
vertex -13.248740000000005 -7.004030000000003 4.079910000000002
vertex -13.072850000000004 -7.341870000000003 4.799870000000002
vertex -13.594780000000005 -6.339420000000002 4.799870000000002
endloop
endfacet
facet normal -0.8869747909821648 -0.4618178430530211 0
outer loop
vertex -13.248740000000005 -7.004030000000003 4.079910000000002
vertex -13.594780000000005 -6.339420000000002 4.799870000000002
vertex -13.594780000000005 -6.339420000000002 2.999970000000001
endloop
endfacet
facet normal -0.8869755826986837 -0.4618163224648039 0.0000011894769331487755
outer loop
vertex -13.248740000000005 -7.004030000000003 4.079910000000002
vertex -13.594780000000005 -6.339420000000002 2.999970000000001
vertex -12.990440000000005 -7.500130000000003 2.999970000000001
endloop
endfacet
facet normal -0.8433904721883472 -0.5373011366281638 0
outer loop
vertex -12.287290000000004 -8.603850000000003 2.999970000000001
vertex -12.287290000000004 -8.603850000000003 4.799870000000002
vertex -12.990440000000005 -7.500130000000003 4.799870000000002
endloop
endfacet
facet normal -0.8433904721883472 -0.5373011366281638 0
outer loop
vertex -12.287290000000004 -8.603850000000003 2.999970000000001
vertex -12.990440000000005 -7.500130000000003 4.799870000000002
vertex -12.990440000000005 -7.500130000000003 2.999970000000001
endloop
endfacet
facet normal -0.7933339604389121 -0.6087866844916293 0
outer loop
vertex -11.490660000000004 -9.641970000000004 2.999970000000001
vertex -11.490660000000004 -9.641970000000004 4.799870000000002
vertex -12.287290000000004 -8.603850000000003 4.799870000000002
endloop
endfacet
facet normal -0.7933339604389121 -0.6087866844916293 0
outer loop
vertex -11.490660000000004 -9.641970000000004 2.999970000000001
vertex -12.287290000000004 -8.603850000000003 4.799870000000002
vertex -12.287290000000004 -8.603850000000003 2.999970000000001
endloop
endfacet
facet normal -0.7372971974902431 -0.675568532846989 0
outer loop
vertex -10.606700000000004 -10.606700000000004 2.999970000000001
vertex -10.606700000000004 -10.606700000000004 4.799870000000002
vertex -11.490660000000004 -9.641970000000004 4.799870000000002
endloop
endfacet
facet normal -0.7372971974902431 -0.675568532846989 0
outer loop
vertex -10.606700000000004 -10.606700000000004 2.999970000000001
vertex -11.490660000000004 -9.641970000000004 4.799870000000002
vertex -11.490660000000004 -9.641970000000004 2.999970000000001
endloop
endfacet
facet normal -0.675568532846989 -0.7372971974902431 0
outer loop
vertex -9.641970000000004 -11.490660000000004 2.999970000000001
vertex -9.641970000000004 -11.490660000000004 4.799870000000002
vertex -10.606700000000004 -10.606700000000004 4.799870000000002
endloop
endfacet
facet normal -0.675568532846989 -0.7372971974902431 0
outer loop
vertex -9.641970000000004 -11.490660000000004 2.999970000000001
vertex -10.606700000000004 -10.606700000000004 4.799870000000002
vertex -10.606700000000004 -10.606700000000004 2.999970000000001
endloop
endfacet
facet normal -0.6087866844916293 -0.7933339604389121 0
outer loop
vertex -8.603850000000003 -12.287290000000004 2.999970000000001
vertex -8.603850000000003 -12.287290000000004 4.799870000000002
vertex -9.641970000000004 -11.490660000000004 4.799870000000002
endloop
endfacet
facet normal -0.6087866844916293 -0.7933339604389121 0
outer loop
vertex -8.603850000000003 -12.287290000000004 2.999970000000001
vertex -9.641970000000004 -11.490660000000004 4.799870000000002
vertex -9.641970000000004 -11.490660000000004 2.999970000000001
endloop
endfacet
facet normal -0.5373011366281638 -0.8433904721883472 0
outer loop
vertex -7.500130000000003 -12.990440000000005 2.999970000000001
vertex -7.500130000000003 -12.990440000000005 4.799870000000002
vertex -8.603850000000003 -12.287290000000004 4.799870000000002
endloop
endfacet
facet normal -0.5373011366281638 -0.8433904721883472 0
outer loop
vertex -7.500130000000003 -12.990440000000005 2.999970000000001
vertex -8.603850000000003 -12.287290000000004 4.799870000000002
vertex -8.603850000000003 -12.287290000000004 2.999970000000001
endloop
endfacet
facet normal -0.4618163224651306 -0.8869755826993111 0
outer loop
vertex -6.339420000000002 -13.594780000000005 2.999970000000001
vertex -6.339420000000002 -13.594780000000005 4.799870000000002
vertex -7.500130000000003 -12.990440000000005 4.799870000000002
endloop
endfacet
facet normal -0.4618163224651306 -0.8869755826993111 0
outer loop
vertex -6.339420000000002 -13.594780000000005 2.999970000000001
vertex -7.500130000000003 -12.990440000000005 4.799870000000002
vertex -7.500130000000003 -12.990440000000005 2.999970000000001
endloop
endfacet
facet normal -0.3825454927395247 -0.9239366569114325 0
outer loop
vertex -5.130330000000002 -14.095390000000005 2.999970000000001
vertex -5.130330000000002 -14.095390000000005 4.799870000000002
vertex -6.339420000000002 -13.594780000000005 4.799870000000002
endloop
endfacet
facet normal -0.3825454927395247 -0.9239366569114325 0
outer loop
vertex -5.130330000000002 -14.095390000000005 2.999970000000001
vertex -6.339420000000002 -13.594780000000005 4.799870000000002
vertex -6.339420000000002 -13.594780000000005 2.999970000000001
endloop
endfacet
facet normal -0.30077148137138676 -0.9536962388484406 0
outer loop
vertex -3.8822900000000016 -14.488990000000005 2.999970000000001
vertex -3.8822900000000016 -14.488990000000005 4.799870000000002
vertex -5.130330000000002 -14.095390000000005 4.799870000000002
endloop
endfacet
facet normal -0.30077148137138676 -0.9536962388484406 0
outer loop
vertex -3.8822900000000016 -14.488990000000005 2.999970000000001
vertex -5.130330000000002 -14.095390000000005 4.799870000000002
vertex -5.130330000000002 -14.095390000000005 2.999970000000001
endloop
endfacet
facet normal -0.21649917074315916 -0.9762828017882546 0
outer loop
vertex -2.604730000000001 -14.772300000000005 2.999970000000001
vertex -2.604730000000001 -14.772300000000005 4.799870000000002
vertex -3.8822900000000016 -14.488990000000005 4.799870000000002
endloop
endfacet
facet normal -0.21649917074315916 -0.9762828017882546 0
outer loop
vertex -2.604730000000001 -14.772300000000005 2.999970000000001
vertex -3.8822900000000016 -14.488990000000005 4.799870000000002
vertex -3.8822900000000016 -14.488990000000005 2.999970000000001
endloop
endfacet
facet normal -0.13035724060884554 -0.9914670896307387 0
outer loop
vertex -1.3074900000000005 -14.942860000000005 2.999970000000001
vertex -1.3074900000000005 -14.942860000000005 4.799870000000002
vertex -2.604730000000001 -14.772300000000005 4.799870000000002
endloop
endfacet
facet normal -0.13035724060884554 -0.9914670896307387 0
outer loop
vertex -1.3074900000000005 -14.942860000000005 2.999970000000001
vertex -2.604730000000001 -14.772300000000005 4.799870000000002
vertex -2.604730000000001 -14.772300000000005 2.999970000000001
endloop
endfacet
facet normal -0.043545985541098516 -0.9990514236731033 0
outer loop
vertex 0 -14.999850000000006 2.999970000000001
vertex 0 -14.999850000000006 4.799870000000002
vertex -1.3074900000000005 -14.942860000000005 4.799870000000002
endloop
endfacet
facet normal -0.043545985541098516 -0.9990514236731033 0
outer loop
vertex 0 -14.999850000000006 2.999970000000001
vertex -1.3074900000000005 -14.942860000000005 4.799870000000002
vertex -1.3074900000000005 -14.942860000000005 2.999970000000001
endloop
endfacet
facet normal 0.043545985541098516 -0.9990514236731033 0
outer loop
vertex 1.3074900000000005 -14.942860000000005 2.999970000000001
vertex 1.3074900000000005 -14.942860000000005 4.799870000000002
vertex 0 -14.999850000000006 4.799870000000002
endloop
endfacet
facet normal 0.043545985541098516 -0.9990514236731033 0
outer loop
vertex 1.3074900000000005 -14.942860000000005 2.999970000000001
vertex 0 -14.999850000000006 4.799870000000002
vertex 0 -14.999850000000006 2.999970000000001
endloop
endfacet
facet normal 0.13035724060884554 -0.9914670896307387 0
outer loop
vertex 2.604730000000001 -14.772300000000005 2.999970000000001
vertex 2.604730000000001 -14.772300000000005 4.799870000000002
vertex 1.3074900000000005 -14.942860000000005 4.799870000000002
endloop
endfacet
facet normal 0.13035724060884554 -0.9914670896307387 0
outer loop
vertex 2.604730000000001 -14.772300000000005 2.999970000000001
vertex 1.3074900000000005 -14.942860000000005 4.799870000000002
vertex 1.3074900000000005 -14.942860000000005 2.999970000000001
endloop
endfacet
facet normal 0.21649917074315916 -0.9762828017882546 0
outer loop
vertex 3.8822900000000016 -14.488990000000005 2.999970000000001
vertex 3.8822900000000016 -14.488990000000005 4.799870000000002
vertex 2.604730000000001 -14.772300000000005 4.799870000000002
endloop
endfacet
facet normal 0.21649917074315916 -0.9762828017882546 0
outer loop
vertex 3.8822900000000016 -14.488990000000005 2.999970000000001
vertex 2.604730000000001 -14.772300000000005 4.799870000000002
vertex 2.604730000000001 -14.772300000000005 2.999970000000001
endloop
endfacet
facet normal 0.30077148137138676 -0.9536962388484406 0
outer loop
vertex 5.130330000000002 -14.095390000000005 2.999970000000001
vertex 5.130330000000002 -14.095390000000005 4.799870000000002
vertex 3.8822900000000016 -14.488990000000005 4.799870000000002
endloop
endfacet
facet normal 0.30077148137138676 -0.9536962388484406 0
outer loop
vertex 5.130330000000002 -14.095390000000005 2.999970000000001
vertex 3.8822900000000016 -14.488990000000005 4.799870000000002
vertex 3.8822900000000016 -14.488990000000005 2.999970000000001
endloop
endfacet
facet normal 0.3825454927395247 -0.9239366569114325 0
outer loop
vertex 6.339420000000002 -13.594780000000005 2.999970000000001
vertex 6.339420000000002 -13.594780000000005 4.799870000000002
vertex 5.130330000000002 -14.095390000000005 4.799870000000002
endloop
endfacet
facet normal 0.3825454927395247 -0.9239366569114325 0
outer loop
vertex 6.339420000000002 -13.594780000000005 2.999970000000001
vertex 5.130330000000002 -14.095390000000005 4.799870000000002
vertex 5.130330000000002 -14.095390000000005 2.999970000000001
endloop
endfacet
facet normal 0.4618163224651306 -0.8869755826993111 0
outer loop
vertex 7.500130000000003 -12.990440000000005 2.999970000000001
vertex 7.500130000000003 -12.990440000000005 4.799870000000002
vertex 6.339420000000002 -13.594780000000005 4.799870000000002
endloop
endfacet
facet normal 0.4618163224651306 -0.8869755826993111 0
outer loop
vertex 7.500130000000003 -12.990440000000005 2.999970000000001
vertex 6.339420000000002 -13.594780000000005 4.799870000000002
vertex 6.339420000000002 -13.594780000000005 2.999970000000001
endloop
endfacet
facet normal 0.5373011366281638 -0.8433904721883472 0
outer loop
vertex 8.603850000000003 -12.287290000000004 2.999970000000001
vertex 8.603850000000003 -12.287290000000004 4.799870000000002
vertex 7.500130000000003 -12.990440000000005 4.799870000000002
endloop
endfacet
facet normal 0.5373011366281638 -0.8433904721883472 0
outer loop
vertex 8.603850000000003 -12.287290000000004 2.999970000000001
vertex 7.500130000000003 -12.990440000000005 4.799870000000002
vertex 7.500130000000003 -12.990440000000005 2.999970000000001
endloop
endfacet
facet normal 0.6087866844916293 -0.7933339604389121 0
outer loop
vertex 9.641970000000004 -11.490660000000004 2.999970000000001
vertex 9.641970000000004 -11.490660000000004 4.799870000000002
vertex 8.603850000000003 -12.287290000000004 4.799870000000002
endloop
endfacet
facet normal 0.6087866844916293 -0.7933339604389121 0
outer loop
vertex 9.641970000000004 -11.490660000000004 2.999970000000001
vertex 8.603850000000003 -12.287290000000004 4.799870000000002
vertex 8.603850000000003 -12.287290000000004 2.999970000000001
endloop
endfacet
facet normal 0.675568532846989 -0.7372971974902431 0
outer loop
vertex 10.606700000000004 -10.606700000000004 2.999970000000001
vertex 10.606700000000004 -10.606700000000004 4.799870000000002
vertex 9.641970000000004 -11.490660000000004 4.799870000000002
endloop
endfacet
facet normal 0.675568532846989 -0.7372971974902431 0
outer loop
vertex 10.606700000000004 -10.606700000000004 2.999970000000001
vertex 9.641970000000004 -11.490660000000004 4.799870000000002
vertex 9.641970000000004 -11.490660000000004 2.999970000000001
endloop
endfacet
facet normal 0.7372971974902431 -0.675568532846989 0
outer loop
vertex 11.490660000000004 -9.641970000000004 2.999970000000001
vertex 11.490660000000004 -9.641970000000004 4.799870000000002
vertex 10.606700000000004 -10.606700000000004 4.799870000000002
endloop
endfacet
facet normal 0.7372971974902431 -0.675568532846989 0
outer loop
vertex 11.490660000000004 -9.641970000000004 2.999970000000001
vertex 10.606700000000004 -10.606700000000004 4.799870000000002
vertex 10.606700000000004 -10.606700000000004 2.999970000000001
endloop
endfacet
facet normal 0.7933339604389121 -0.6087866844916293 0
outer loop
vertex 12.287290000000004 -8.603850000000003 2.999970000000001
vertex 12.287290000000004 -8.603850000000003 4.799870000000002
vertex 11.490660000000004 -9.641970000000004 4.799870000000002
endloop
endfacet
facet normal 0.7933339604389121 -0.6087866844916293 0
outer loop
vertex 12.287290000000004 -8.603850000000003 2.999970000000001
vertex 11.490660000000004 -9.641970000000004 4.799870000000002
vertex 11.490660000000004 -9.641970000000004 2.999970000000001
endloop
endfacet
facet normal 0.8433904721883472 -0.5373011366281638 0
outer loop
vertex 12.990440000000005 -7.500130000000003 2.999970000000001
vertex 12.990440000000005 -7.500130000000003 4.799870000000002
vertex 12.287290000000004 -8.603850000000003 4.799870000000002
endloop
endfacet
facet normal 0.8433904721883472 -0.5373011366281638 0
outer loop
vertex 12.990440000000005 -7.500130000000003 2.999970000000001
vertex 12.287290000000004 -8.603850000000003 4.799870000000002
vertex 12.287290000000004 -8.603850000000003 2.999970000000001
endloop
endfacet
facet normal 0.8869747909821648 -0.4618178430530211 0
outer loop
vertex 13.248740000000005 -7.004030000000003 4.079910000000002
vertex 13.594780000000005 -6.339420000000002 2.999970000000001
vertex 13.594780000000005 -6.339420000000002 4.799870000000002
endloop
endfacet
facet normal 0.8869790994538754 -0.46180956793651745 -0.000009709746000062713
outer loop
vertex 13.248740000000005 -7.004030000000003 4.079910000000002
vertex 13.594780000000005 -6.339420000000002 4.799870000000002
vertex 13.072850000000004 -7.341870000000003 4.799870000000002
endloop
endfacet
facet normal 0.8869533053882876 -0.46185910461928564 -0.000039256375121938264
outer loop
vertex 13.248740000000005 -7.004030000000003 4.079910000000002
vertex 13.072850000000004 -7.341870000000003 4.799870000000002
vertex 12.990440000000005 -7.500130000000003 4.799870000000002
endloop
endfacet
facet normal 0.886976643336692 -0.46181428537364966 0
outer loop
vertex 13.248740000000005 -7.004030000000003 4.079910000000002
vertex 12.990440000000005 -7.500130000000003 4.799870000000002
vertex 12.990440000000005 -7.500130000000003 2.999970000000001
endloop
endfacet
facet normal 0.8869755826986837 -0.4618163224648039 0.0000011894769331487755
outer loop
vertex 13.248740000000005 -7.004030000000003 4.079910000000002
vertex 12.990440000000005 -7.500130000000003 2.999970000000001
vertex 13.594780000000005 -6.339420000000002 2.999970000000001
endloop
endfacet
facet normal 0.9239366569114325 -0.3825454927395247 0
outer loop
vertex 14.095390000000005 -5.130330000000002 2.999970000000001
vertex 14.095390000000005 -5.130330000000002 4.799870000000002
vertex 13.594780000000005 -6.339420000000002 4.799870000000002
endloop
endfacet
facet normal 0.9239366569114325 -0.3825454927395247 0
outer loop
vertex 14.095390000000005 -5.130330000000002 2.999970000000001
vertex 13.594780000000005 -6.339420000000002 4.799870000000002
vertex 13.594780000000005 -6.339420000000002 2.999970000000001
endloop
endfacet
facet normal 0.9536962388484406 -0.30077148137138676 0
outer loop
vertex 14.488990000000005 -3.8822900000000016 2.999970000000001
vertex 14.488990000000005 -3.8822900000000016 4.799870000000002
vertex 14.095390000000005 -5.130330000000002 4.799870000000002
endloop
endfacet
facet normal 0.9536962388484406 -0.30077148137138676 0
outer loop
vertex 14.488990000000005 -3.8822900000000016 2.999970000000001
vertex 14.095390000000005 -5.130330000000002 4.799870000000002
vertex 14.095390000000005 -5.130330000000002 2.999970000000001
endloop
endfacet
facet normal 0.9762879596257125 -0.2164759106456496 0
outer loop
vertex 14.627570000000006 -3.2574500000000013 4.079910000000002
vertex 14.772300000000005 -2.604730000000001 2.999970000000001
vertex 14.772300000000005 -2.604730000000001 4.799870000000002
endloop
endfacet
facet normal 0.9762800786095721 -0.21651144765921448 0.00003380234868607193
outer loop
vertex 14.627570000000006 -3.2574500000000013 4.079910000000002
vertex 14.772300000000005 -2.604730000000001 4.799870000000002
vertex 14.615270000000006 -3.312800000000001 4.799870000000002
endloop
endfacet
facet normal 0.9762861861056006 -0.21648390591830655 0.000036024079838364055
outer loop
vertex 14.627570000000006 -3.2574500000000013 4.079910000000002
vertex 14.615270000000006 -3.312800000000001 4.799870000000002
vertex 14.488990000000005 -3.8822900000000016 4.799870000000002
endloop
endfacet
facet normal 0.9762774132774662 -0.21652346829907212 0
outer loop
vertex 14.627570000000006 -3.2574500000000013 4.079910000000002
vertex 14.488990000000005 -3.8822900000000016 4.799870000000002
vertex 14.488990000000005 -3.8822900000000016 2.999970000000001
endloop
endfacet
facet normal 0.9762828016820572 -0.216499170719609 -0.000014749731151698161
outer loop
vertex 14.627570000000006 -3.2574500000000013 4.079910000000002
vertex 14.488990000000005 -3.8822900000000016 2.999970000000001
vertex 14.772300000000005 -2.604730000000001 2.999970000000001
endloop
endfacet
facet normal 0.9914670896307387 -0.13035724060884554 0
outer loop
vertex 14.942860000000005 -1.3074900000000005 2.999970000000001
vertex 14.942860000000005 -1.3074900000000005 4.799870000000002
vertex 14.772300000000005 -2.604730000000001 4.799870000000002
endloop
endfacet
facet normal 0.9914670896307387 -0.13035724060884554 0
outer loop
vertex 14.942860000000005 -1.3074900000000005 2.999970000000001
vertex 14.772300000000005 -2.604730000000001 4.799870000000002
vertex 14.772300000000005 -2.604730000000001 2.999970000000001
endloop
endfacet
facet normal 0.9990514236731033 -0.043545985541098516 0
outer loop
vertex 14.999850000000006 0 2.999970000000001
vertex 14.999850000000006 0 4.799870000000002
vertex 14.942860000000005 -1.3074900000000005 4.799870000000002
endloop
endfacet
facet normal 0.9990514236731033 -0.043545985541098516 0
outer loop
vertex 14.999850000000006 0 2.999970000000001
vertex 14.942860000000005 -1.3074900000000005 4.799870000000002
vertex 14.942860000000005 -1.3074900000000005 2.999970000000001
endloop
endfacet
facet normal -0.9990450417233553 -0.043692157282278585 0
outer loop
vertex 12.800200000000006 0 2.999970000000001
vertex 12.800200000000006 0 4.799870000000002
vertex 12.751410000000005 1.1156100000000004 4.799870000000002
endloop
endfacet
facet normal -0.9990450417233553 -0.043692157282278585 0
outer loop
vertex 12.800200000000006 0 2.999970000000001
vertex 12.751410000000005 1.1156100000000004 4.799870000000002
vertex 12.751410000000005 1.1156100000000004 2.999970000000001
endloop
endfacet
facet normal -0.9914192653678395 -0.1307204661003526 0
outer loop
vertex 12.751410000000005 1.1156100000000004 2.999970000000001
vertex 12.751410000000005 1.1156100000000004 4.799870000000002
vertex 12.605450000000005 2.222610000000001 4.799870000000002
endloop
endfacet
facet normal -0.9914192653678395 -0.1307204661003526 0
outer loop
vertex 12.751410000000005 1.1156100000000004 2.999970000000001
vertex 12.605450000000005 2.222610000000001 4.799870000000002
vertex 12.605450000000005 2.222610000000001 2.999970000000001
endloop
endfacet
facet normal -0.9763337087590575 -0.21626948268487636 0
outer loop
vertex 12.605450000000005 2.222610000000001 2.999970000000001
vertex 12.605450000000005 2.222610000000001 4.799870000000002
vertex 12.363960000000004 3.312800000000001 4.799870000000002
endloop
endfacet
facet normal -0.9763337087590575 -0.21626948268487636 0
outer loop
vertex 12.605450000000005 2.222610000000001 2.999970000000001
vertex 12.363960000000004 3.312800000000001 4.799870000000002
vertex 12.363960000000004 3.312800000000001 2.999970000000001
endloop
endfacet
facet normal -0.9537323471663072 -0.30065696394503605 0
outer loop
vertex 12.363960000000004 3.312800000000001 2.999970000000001
vertex 12.363960000000004 3.312800000000001 4.799870000000002
vertex 12.028170000000005 4.377980000000002 4.799870000000002
endloop
endfacet
facet normal -0.9537323471663072 -0.30065696394503605 0
outer loop
vertex 12.363960000000004 3.312800000000001 2.999970000000001
vertex 12.028170000000005 4.377980000000002 4.799870000000002
vertex 12.028170000000005 4.377980000000002 2.999970000000001
endloop
endfacet
facet normal -0.9237706263622496 -0.38294624932266574 0
outer loop
vertex 12.028170000000005 4.377980000000002 2.999970000000001
vertex 12.028170000000005 4.377980000000002 4.799870000000002
vertex 11.600540000000004 5.4095400000000025 4.799870000000002
endloop
endfacet
facet normal -0.9237706263622496 -0.38294624932266574 0
outer loop
vertex 12.028170000000005 4.377980000000002 2.999970000000001
vertex 11.600540000000004 5.4095400000000025 4.799870000000002
vertex 11.600540000000004 5.4095400000000025 2.999970000000001
endloop
endfacet
facet normal -0.8871145786036485 -0.4615492654407233 0
outer loop
vertex 11.600540000000004 5.4095400000000025 2.999970000000001
vertex 11.600540000000004 5.4095400000000025 4.799870000000002
vertex 11.085170000000003 6.400100000000003 4.799870000000002
endloop
endfacet
facet normal -0.8871145786036485 -0.4615492654407233 0
outer loop
vertex 11.600540000000004 5.4095400000000025 2.999970000000001
vertex 11.085170000000003 6.400100000000003 4.799870000000002
vertex 11.085170000000003 6.400100000000003 2.999970000000001
endloop
endfacet
facet normal -0.8434497443288607 -0.5372080870496827 0
outer loop
vertex 11.085170000000003 6.400100000000003 2.999970000000001
vertex 11.085170000000003 6.400100000000003 4.799870000000002
vertex 10.485340000000004 7.341870000000003 4.799870000000002
endloop
endfacet
facet normal -0.8434497443288607 -0.5372080870496827 0
outer loop
vertex 11.085170000000003 6.400100000000003 2.999970000000001
vertex 10.485340000000004 7.341870000000003 4.799870000000002
vertex 10.485340000000004 7.341870000000003 2.999970000000001
endloop
endfacet
facet normal -0.7933876708610816 -0.6087166859267356 0
outer loop
vertex 10.485340000000004 7.341870000000003 2.999970000000001
vertex 10.485340000000004 7.341870000000003 4.799870000000002
vertex 9.805560000000003 8.227880000000003 4.799870000000002
endloop
endfacet
facet normal -0.7933876708610816 -0.6087166859267356 0
outer loop
vertex 10.485340000000004 7.341870000000003 2.999970000000001
vertex 9.805560000000003 8.227880000000003 4.799870000000002
vertex 9.805560000000003 8.227880000000003 2.999970000000001
endloop
endfacet
facet normal -0.7372760561356694 -0.6755916052239201 0
outer loop
vertex 9.805560000000003 8.227880000000003 2.999970000000001
vertex 9.805560000000003 8.227880000000003 4.799870000000002
vertex 9.051160000000003 9.051160000000003 4.799870000000002
endloop
endfacet
facet normal -0.7372760561356694 -0.6755916052239201 0
outer loop
vertex 9.805560000000003 8.227880000000003 2.999970000000001
vertex 9.051160000000003 9.051160000000003 4.799870000000002
vertex 9.051160000000003 9.051160000000003 2.999970000000001
endloop
endfacet
facet normal -0.6755916052239201 -0.7372760561356694 0
outer loop
vertex 9.051160000000003 9.051160000000003 2.999970000000001
vertex 9.051160000000003 9.051160000000003 4.799870000000002
vertex 8.227880000000003 9.805560000000003 4.799870000000002
endloop
endfacet
facet normal -0.6755916052239201 -0.7372760561356694 0
outer loop
vertex 9.051160000000003 9.051160000000003 2.999970000000001
vertex 8.227880000000003 9.805560000000003 4.799870000000002
vertex 8.227880000000003 9.805560000000003 2.999970000000001
endloop
endfacet
facet normal -0.6087166859267356 -0.7933876708610816 0
outer loop
vertex 8.227880000000003 9.805560000000003 2.999970000000001
vertex 8.227880000000003 9.805560000000003 4.799870000000002
vertex 7.341870000000003 10.485340000000004 4.799870000000002
endloop
endfacet
facet normal -0.6087166859267356 -0.7933876708610816 0
outer loop
vertex 8.227880000000003 9.805560000000003 2.999970000000001
vertex 7.341870000000003 10.485340000000004 4.799870000000002
vertex 7.341870000000003 10.485340000000004 2.999970000000001
endloop
endfacet
facet normal -0.5372080870496827 -0.8434497443288607 0
outer loop
vertex 7.341870000000003 10.485340000000004 2.999970000000001
vertex 7.341870000000003 10.485340000000004 4.799870000000002
vertex 6.400100000000003 11.085170000000003 4.799870000000002
endloop
endfacet
facet normal -0.5372080870496827 -0.8434497443288607 0
outer loop
vertex 7.341870000000003 10.485340000000004 2.999970000000001
vertex 6.400100000000003 11.085170000000003 4.799870000000002
vertex 6.400100000000003 11.085170000000003 2.999970000000001
endloop
endfacet
facet normal -0.4615492654407233 -0.8871145786036485 0
outer loop
vertex 6.400100000000003 11.085170000000003 2.999970000000001
vertex 6.400100000000003 11.085170000000003 4.799870000000002
vertex 5.4095400000000025 11.600540000000004 4.799870000000002
endloop
endfacet
facet normal -0.4615492654407233 -0.8871145786036485 0
outer loop
vertex 6.400100000000003 11.085170000000003 2.999970000000001
vertex 5.4095400000000025 11.600540000000004 4.799870000000002
vertex 5.4095400000000025 11.600540000000004 2.999970000000001
endloop
endfacet
facet normal -0.38294624932266574 -0.9237706263622496 0
outer loop
vertex 5.4095400000000025 11.600540000000004 2.999970000000001
vertex 5.4095400000000025 11.600540000000004 4.799870000000002
vertex 4.377980000000002 12.028170000000005 4.799870000000002
endloop
endfacet
facet normal -0.38294624932266574 -0.9237706263622496 0
outer loop
vertex 5.4095400000000025 11.600540000000004 2.999970000000001
vertex 4.377980000000002 12.028170000000005 4.799870000000002
vertex 4.377980000000002 12.028170000000005 2.999970000000001
endloop
endfacet
facet normal -0.30065696394503605 -0.9537323471663072 0
outer loop
vertex 4.377980000000002 12.028170000000005 2.999970000000001
vertex 4.377980000000002 12.028170000000005 4.799870000000002
vertex 3.312800000000001 12.363960000000004 4.799870000000002
endloop
endfacet
facet normal -0.30065696394503605 -0.9537323471663072 0
outer loop
vertex 4.377980000000002 12.028170000000005 2.999970000000001
vertex 3.312800000000001 12.363960000000004 4.799870000000002
vertex 3.312800000000001 12.363960000000004 2.999970000000001
endloop
endfacet
facet normal -0.21626948268487636 -0.9763337087590575 0
outer loop
vertex 3.312800000000001 12.363960000000004 2.999970000000001
vertex 3.312800000000001 12.363960000000004 4.799870000000002
vertex 2.222610000000001 12.605450000000005 4.799870000000002
endloop
endfacet
facet normal -0.21626948268487636 -0.9763337087590575 0
outer loop
vertex 3.312800000000001 12.363960000000004 2.999970000000001
vertex 2.222610000000001 12.605450000000005 4.799870000000002
vertex 2.222610000000001 12.605450000000005 2.999970000000001
endloop
endfacet
facet normal -0.1307204661003526 -0.9914192653678395 0
outer loop
vertex 2.222610000000001 12.605450000000005 2.999970000000001
vertex 2.222610000000001 12.605450000000005 4.799870000000002
vertex 1.1156100000000004 12.751410000000005 4.799870000000002
endloop
endfacet
facet normal -0.1307204661003526 -0.9914192653678395 0
outer loop
vertex 2.222610000000001 12.605450000000005 2.999970000000001
vertex 1.1156100000000004 12.751410000000005 4.799870000000002
vertex 1.1156100000000004 12.751410000000005 2.999970000000001
endloop
endfacet
facet normal -0.043692157282278585 -0.9990450417233553 0
outer loop
vertex 1.1156100000000004 12.751410000000005 2.999970000000001
vertex 1.1156100000000004 12.751410000000005 4.799870000000002
vertex 0 12.800200000000006 4.799870000000002
endloop
endfacet
facet normal -0.043692157282278585 -0.9990450417233553 0
outer loop
vertex 1.1156100000000004 12.751410000000005 2.999970000000001
vertex 0 12.800200000000006 4.799870000000002
vertex 0 12.800200000000006 2.999970000000001
endloop
endfacet
facet normal 0.043692157282278585 -0.9990450417233553 0
outer loop
vertex 0 12.800200000000006 2.999970000000001
vertex 0 12.800200000000006 4.799870000000002
vertex -1.1156100000000004 12.751410000000005 4.799870000000002
endloop
endfacet
facet normal 0.043692157282278585 -0.9990450417233553 0
outer loop
vertex 0 12.800200000000006 2.999970000000001
vertex -1.1156100000000004 12.751410000000005 4.799870000000002
vertex -1.1156100000000004 12.751410000000005 2.999970000000001
endloop
endfacet
facet normal 0.1307204661003526 -0.9914192653678395 0
outer loop
vertex -1.1156100000000004 12.751410000000005 2.999970000000001
vertex -1.1156100000000004 12.751410000000005 4.799870000000002
vertex -2.222610000000001 12.605450000000005 4.799870000000002
endloop
endfacet
facet normal 0.1307204661003526 -0.9914192653678395 0
outer loop
vertex -1.1156100000000004 12.751410000000005 2.999970000000001
vertex -2.222610000000001 12.605450000000005 4.799870000000002
vertex -2.222610000000001 12.605450000000005 2.999970000000001
endloop
endfacet
facet normal 0.21626948268487636 -0.9763337087590575 0
outer loop
vertex -2.222610000000001 12.605450000000005 2.999970000000001
vertex -2.222610000000001 12.605450000000005 4.799870000000002
vertex -3.312800000000001 12.363960000000004 4.799870000000002
endloop
endfacet
facet normal 0.21626948268487636 -0.9763337087590575 0
outer loop
vertex -2.222610000000001 12.605450000000005 2.999970000000001
vertex -3.312800000000001 12.363960000000004 4.799870000000002
vertex -3.312800000000001 12.363960000000004 2.999970000000001
endloop
endfacet
facet normal 0.30065696394503605 -0.9537323471663072 0
outer loop
vertex -3.312800000000001 12.363960000000004 2.999970000000001
vertex -3.312800000000001 12.363960000000004 4.799870000000002
vertex -4.377980000000002 12.028170000000005 4.799870000000002
endloop
endfacet
facet normal 0.30065696394503605 -0.9537323471663072 0
outer loop
vertex -3.312800000000001 12.363960000000004 2.999970000000001
vertex -4.377980000000002 12.028170000000005 4.799870000000002
vertex -4.377980000000002 12.028170000000005 2.999970000000001
endloop
endfacet
facet normal 0.38294624932266574 -0.9237706263622496 0
outer loop
vertex -4.377980000000002 12.028170000000005 2.999970000000001
vertex -4.377980000000002 12.028170000000005 4.799870000000002
vertex -5.4095400000000025 11.600540000000004 4.799870000000002
endloop
endfacet
facet normal 0.38294624932266574 -0.9237706263622496 0
outer loop
vertex -4.377980000000002 12.028170000000005 2.999970000000001
vertex -5.4095400000000025 11.600540000000004 4.799870000000002
vertex -5.4095400000000025 11.600540000000004 2.999970000000001
endloop
endfacet
facet normal 0.4615492654407233 -0.8871145786036485 0
outer loop
vertex -5.4095400000000025 11.600540000000004 2.999970000000001
vertex -5.4095400000000025 11.600540000000004 4.799870000000002
vertex -6.400100000000003 11.085170000000003 4.799870000000002
endloop
endfacet
facet normal 0.4615492654407233 -0.8871145786036485 0
outer loop
vertex -5.4095400000000025 11.600540000000004 2.999970000000001
vertex -6.400100000000003 11.085170000000003 4.799870000000002
vertex -6.400100000000003 11.085170000000003 2.999970000000001
endloop
endfacet
facet normal 0.5372080870496827 -0.8434497443288607 0
outer loop
vertex -6.400100000000003 11.085170000000003 2.999970000000001
vertex -6.400100000000003 11.085170000000003 4.799870000000002
vertex -7.341870000000003 10.485340000000004 4.799870000000002
endloop
endfacet
facet normal 0.5372080870496827 -0.8434497443288607 0
outer loop
vertex -6.400100000000003 11.085170000000003 2.999970000000001
vertex -7.341870000000003 10.485340000000004 4.799870000000002
vertex -7.341870000000003 10.485340000000004 2.999970000000001
endloop
endfacet
facet normal 0.6087166859267356 -0.7933876708610816 0
outer loop
vertex -7.341870000000003 10.485340000000004 2.999970000000001
vertex -7.341870000000003 10.485340000000004 4.799870000000002
vertex -8.227880000000003 9.805560000000003 4.799870000000002
endloop
endfacet
facet normal 0.6087166859267356 -0.7933876708610816 0
outer loop
vertex -7.341870000000003 10.485340000000004 2.999970000000001
vertex -8.227880000000003 9.805560000000003 4.799870000000002
vertex -8.227880000000003 9.805560000000003 2.999970000000001
endloop
endfacet
facet normal 0.6755916052239201 -0.7372760561356694 0
outer loop
vertex -8.227880000000003 9.805560000000003 2.999970000000001
vertex -8.227880000000003 9.805560000000003 4.799870000000002
vertex -9.051160000000003 9.051160000000003 4.799870000000002
endloop
endfacet
facet normal 0.6755916052239201 -0.7372760561356694 0
outer loop
vertex -8.227880000000003 9.805560000000003 2.999970000000001
vertex -9.051160000000003 9.051160000000003 4.799870000000002
vertex -9.051160000000003 9.051160000000003 2.999970000000001
endloop
endfacet
facet normal 0.7372760561356694 -0.6755916052239201 0
outer loop
vertex -9.051160000000003 9.051160000000003 2.999970000000001
vertex -9.051160000000003 9.051160000000003 4.799870000000002
vertex -9.805560000000003 8.227880000000003 4.799870000000002
endloop
endfacet
facet normal 0.7372760561356694 -0.6755916052239201 0
outer loop
vertex -9.051160000000003 9.051160000000003 2.999970000000001
vertex -9.805560000000003 8.227880000000003 4.799870000000002
vertex -9.805560000000003 8.227880000000003 2.999970000000001
endloop
endfacet
facet normal 0.7933876708610816 -0.6087166859267356 0
outer loop
vertex -9.805560000000003 8.227880000000003 2.999970000000001
vertex -9.805560000000003 8.227880000000003 4.799870000000002
vertex -10.485340000000004 7.341870000000003 4.799870000000002
endloop
endfacet
facet normal 0.7933876708610816 -0.6087166859267356 0
outer loop
vertex -9.805560000000003 8.227880000000003 2.999970000000001
vertex -10.485340000000004 7.341870000000003 4.799870000000002
vertex -10.485340000000004 7.341870000000003 2.999970000000001
endloop
endfacet
facet normal 0.8434497443288607 -0.5372080870496827 0
outer loop
vertex -10.485340000000004 7.341870000000003 2.999970000000001
vertex -10.485340000000004 7.341870000000003 4.799870000000002
vertex -11.085170000000003 6.400100000000003 4.799870000000002
endloop
endfacet
facet normal 0.8434497443288607 -0.5372080870496827 0
outer loop
vertex -10.485340000000004 7.341870000000003 2.999970000000001
vertex -11.085170000000003 6.400100000000003 4.799870000000002
vertex -11.085170000000003 6.400100000000003 2.999970000000001
endloop
endfacet
facet normal 0.8871145786036485 -0.4615492654407233 0
outer loop
vertex -11.085170000000003 6.400100000000003 2.999970000000001
vertex -11.085170000000003 6.400100000000003 4.799870000000002
vertex -11.600540000000004 5.4095400000000025 4.799870000000002
endloop
endfacet
facet normal 0.8871145786036485 -0.4615492654407233 0
outer loop
vertex -11.085170000000003 6.400100000000003 2.999970000000001
vertex -11.600540000000004 5.4095400000000025 4.799870000000002
vertex -11.600540000000004 5.4095400000000025 2.999970000000001
endloop
endfacet
facet normal 0.9237706263622496 -0.38294624932266574 0
outer loop
vertex -11.600540000000004 5.4095400000000025 2.999970000000001
vertex -11.600540000000004 5.4095400000000025 4.799870000000002
vertex -12.028170000000005 4.377980000000002 4.799870000000002
endloop
endfacet
facet normal 0.9237706263622496 -0.38294624932266574 0
outer loop
vertex -11.600540000000004 5.4095400000000025 2.999970000000001
vertex -12.028170000000005 4.377980000000002 4.799870000000002
vertex -12.028170000000005 4.377980000000002 2.999970000000001
endloop
endfacet
facet normal 0.9537323471663072 -0.30065696394503605 0
outer loop
vertex -12.028170000000005 4.377980000000002 2.999970000000001
vertex -12.028170000000005 4.377980000000002 4.799870000000002
vertex -12.363960000000004 3.312800000000001 4.799870000000002
endloop
endfacet
facet normal 0.9537323471663072 -0.30065696394503605 0
outer loop
vertex -12.028170000000005 4.377980000000002 2.999970000000001
vertex -12.363960000000004 3.312800000000001 4.799870000000002
vertex -12.363960000000004 3.312800000000001 2.999970000000001
endloop
endfacet
facet normal 0.9763337087590575 -0.21626948268487636 0
outer loop
vertex -12.363960000000004 3.312800000000001 2.999970000000001
vertex -12.363960000000004 3.312800000000001 4.799870000000002
vertex -12.605450000000005 2.222610000000001 4.799870000000002
endloop
endfacet
facet normal 0.9763337087590575 -0.21626948268487636 0
outer loop
vertex -12.363960000000004 3.312800000000001 2.999970000000001
vertex -12.605450000000005 2.222610000000001 4.799870000000002
vertex -12.605450000000005 2.222610000000001 2.999970000000001
endloop
endfacet
facet normal 0.9914192653678395 -0.1307204661003526 0
outer loop
vertex -12.605450000000005 2.222610000000001 2.999970000000001
vertex -12.605450000000005 2.222610000000001 4.799870000000002
vertex -12.751410000000005 1.1156100000000004 4.799870000000002
endloop
endfacet
facet normal 0.9914192653678395 -0.1307204661003526 0
outer loop
vertex -12.605450000000005 2.222610000000001 2.999970000000001
vertex -12.751410000000005 1.1156100000000004 4.799870000000002
vertex -12.751410000000005 1.1156100000000004 2.999970000000001
endloop
endfacet
facet normal 0.9990450417233553 -0.043692157282278585 0
outer loop
vertex -12.751410000000005 1.1156100000000004 2.999970000000001
vertex -12.751410000000005 1.1156100000000004 4.799870000000002
vertex -12.800200000000006 0 4.799870000000002
endloop
endfacet
facet normal 0.9990450417233553 -0.043692157282278585 0
outer loop
vertex -12.751410000000005 1.1156100000000004 2.999970000000001
vertex -12.800200000000006 0 4.799870000000002
vertex -12.800200000000006 0 2.999970000000001
endloop
endfacet
facet normal 0.9990450417233553 0.043692157282278585 0
outer loop
vertex -12.800200000000006 0 2.999970000000001
vertex -12.800200000000006 0 4.799870000000002
vertex -12.751410000000005 -1.1156100000000004 4.799870000000002
endloop
endfacet
facet normal 0.9990450417233553 0.043692157282278585 0
outer loop
vertex -12.800200000000006 0 2.999970000000001
vertex -12.751410000000005 -1.1156100000000004 4.799870000000002
vertex -12.751410000000005 -1.1156100000000004 2.999970000000001
endloop
endfacet
facet normal 0.9914192653678395 0.1307204661003526 0
outer loop
vertex -12.751410000000005 -1.1156100000000004 2.999970000000001
vertex -12.751410000000005 -1.1156100000000004 4.799870000000002
vertex -12.605450000000005 -2.222610000000001 4.799870000000002
endloop
endfacet
facet normal 0.9914192653678395 0.1307204661003526 0
outer loop
vertex -12.751410000000005 -1.1156100000000004 2.999970000000001
vertex -12.605450000000005 -2.222610000000001 4.799870000000002
vertex -12.605450000000005 -2.222610000000001 2.999970000000001
endloop
endfacet
facet normal 0.9763337087590575 0.21626948268487636 0
outer loop
vertex -12.605450000000005 -2.222610000000001 2.999970000000001
vertex -12.605450000000005 -2.222610000000001 4.799870000000002
vertex -12.363960000000004 -3.312800000000001 4.799870000000002
endloop
endfacet
facet normal 0.9763337087590575 0.21626948268487636 0
outer loop
vertex -12.605450000000005 -2.222610000000001 2.999970000000001
vertex -12.363960000000004 -3.312800000000001 4.799870000000002
vertex -12.363960000000004 -3.312800000000001 2.999970000000001
endloop
endfacet
facet normal 0.9537323471663072 0.30065696394503605 0
outer loop
vertex -12.363960000000004 -3.312800000000001 2.999970000000001
vertex -12.363960000000004 -3.312800000000001 4.799870000000002
vertex -12.028170000000005 -4.377980000000002 4.799870000000002
endloop
endfacet
facet normal 0.9537323471663072 0.30065696394503605 0
outer loop
vertex -12.363960000000004 -3.312800000000001 2.999970000000001
vertex -12.028170000000005 -4.377980000000002 4.799870000000002
vertex -12.028170000000005 -4.377980000000002 2.999970000000001
endloop
endfacet
facet normal 0.9237706263622496 0.38294624932266574 0
outer loop
vertex -12.028170000000005 -4.377980000000002 2.999970000000001
vertex -12.028170000000005 -4.377980000000002 4.799870000000002
vertex -11.600540000000004 -5.4095400000000025 4.799870000000002
endloop
endfacet
facet normal 0.9237706263622496 0.38294624932266574 0
outer loop
vertex -12.028170000000005 -4.377980000000002 2.999970000000001
vertex -11.600540000000004 -5.4095400000000025 4.799870000000002
vertex -11.600540000000004 -5.4095400000000025 2.999970000000001
endloop
endfacet
facet normal 0.8871145786036485 0.4615492654407233 0
outer loop
vertex -11.600540000000004 -5.4095400000000025 2.999970000000001
vertex -11.600540000000004 -5.4095400000000025 4.799870000000002
vertex -11.085170000000003 -6.400100000000003 4.799870000000002
endloop
endfacet
facet normal 0.8871145786036485 0.4615492654407233 0
outer loop
vertex -11.600540000000004 -5.4095400000000025 2.999970000000001
vertex -11.085170000000003 -6.400100000000003 4.799870000000002
vertex -11.085170000000003 -6.400100000000003 2.999970000000001
endloop
endfacet
facet normal 0.8434497443288607 0.5372080870496827 0
outer loop
vertex -11.085170000000003 -6.400100000000003 2.999970000000001
vertex -11.085170000000003 -6.400100000000003 4.799870000000002
vertex -10.485340000000004 -7.341870000000003 4.799870000000002
endloop
endfacet
facet normal 0.8434497443288607 0.5372080870496827 0
outer loop
vertex -11.085170000000003 -6.400100000000003 2.999970000000001
vertex -10.485340000000004 -7.341870000000003 4.799870000000002
vertex -10.485340000000004 -7.341870000000003 2.999970000000001
endloop
endfacet
facet normal 0.7933876708610816 0.6087166859267356 0
outer loop
vertex -10.485340000000004 -7.341870000000003 2.999970000000001
vertex -10.485340000000004 -7.341870000000003 4.799870000000002
vertex -9.805560000000003 -8.227880000000003 4.799870000000002
endloop
endfacet
facet normal 0.7933876708610816 0.6087166859267356 0
outer loop
vertex -10.485340000000004 -7.341870000000003 2.999970000000001
vertex -9.805560000000003 -8.227880000000003 4.799870000000002
vertex -9.805560000000003 -8.227880000000003 2.999970000000001
endloop
endfacet
facet normal 0.7372760561356694 0.6755916052239201 0
outer loop
vertex -9.805560000000003 -8.227880000000003 2.999970000000001
vertex -9.805560000000003 -8.227880000000003 4.799870000000002
vertex -9.051160000000003 -9.051160000000003 4.799870000000002
endloop
endfacet
facet normal 0.7372760561356694 0.6755916052239201 0
outer loop
vertex -9.805560000000003 -8.227880000000003 2.999970000000001
vertex -9.051160000000003 -9.051160000000003 4.799870000000002
vertex -9.051160000000003 -9.051160000000003 2.999970000000001
endloop
endfacet
facet normal 0.6755916052239201 0.7372760561356694 0
outer loop
vertex -9.051160000000003 -9.051160000000003 2.999970000000001
vertex -9.051160000000003 -9.051160000000003 4.799870000000002
vertex -8.227880000000003 -9.805560000000003 4.799870000000002
endloop
endfacet
facet normal 0.6755916052239201 0.7372760561356694 0
outer loop
vertex -9.051160000000003 -9.051160000000003 2.999970000000001
vertex -8.227880000000003 -9.805560000000003 4.799870000000002
vertex -8.227880000000003 -9.805560000000003 2.999970000000001
endloop
endfacet
facet normal 0.6087166859267356 0.7933876708610816 0
outer loop
vertex -8.227880000000003 -9.805560000000003 2.999970000000001
vertex -8.227880000000003 -9.805560000000003 4.799870000000002
vertex -7.341870000000003 -10.485340000000004 4.799870000000002
endloop
endfacet
facet normal 0.6087166859267356 0.7933876708610816 0
outer loop
vertex -8.227880000000003 -9.805560000000003 2.999970000000001
vertex -7.341870000000003 -10.485340000000004 4.799870000000002
vertex -7.341870000000003 -10.485340000000004 2.999970000000001
endloop
endfacet
facet normal 0.5372080870496827 0.8434497443288607 0
outer loop
vertex -7.341870000000003 -10.485340000000004 2.999970000000001
vertex -7.341870000000003 -10.485340000000004 4.799870000000002
vertex -6.400100000000003 -11.085170000000003 4.799870000000002
endloop
endfacet
facet normal 0.5372080870496827 0.8434497443288607 0
outer loop
vertex -7.341870000000003 -10.485340000000004 2.999970000000001
vertex -6.400100000000003 -11.085170000000003 4.799870000000002
vertex -6.400100000000003 -11.085170000000003 2.999970000000001
endloop
endfacet
facet normal 0.4615492654407233 0.8871145786036485 0
outer loop
vertex -6.400100000000003 -11.085170000000003 2.999970000000001
vertex -6.400100000000003 -11.085170000000003 4.799870000000002
vertex -5.4095400000000025 -11.600540000000004 4.799870000000002
endloop
endfacet
facet normal 0.4615492654407233 0.8871145786036485 0
outer loop
vertex -6.400100000000003 -11.085170000000003 2.999970000000001
vertex -5.4095400000000025 -11.600540000000004 4.799870000000002
vertex -5.4095400000000025 -11.600540000000004 2.999970000000001
endloop
endfacet
facet normal 0.38294624932266574 0.9237706263622496 0
outer loop
vertex -5.4095400000000025 -11.600540000000004 2.999970000000001
vertex -5.4095400000000025 -11.600540000000004 4.799870000000002
vertex -4.377980000000002 -12.028170000000005 4.799870000000002
endloop
endfacet
facet normal 0.38294624932266574 0.9237706263622496 0
outer loop
vertex -5.4095400000000025 -11.600540000000004 2.999970000000001
vertex -4.377980000000002 -12.028170000000005 4.799870000000002
vertex -4.377980000000002 -12.028170000000005 2.999970000000001
endloop
endfacet
facet normal 0.30065696394503605 0.9537323471663072 0
outer loop
vertex -4.377980000000002 -12.028170000000005 2.999970000000001
vertex -4.377980000000002 -12.028170000000005 4.799870000000002
vertex -3.312800000000001 -12.363960000000004 4.799870000000002
endloop
endfacet
facet normal 0.30065696394503605 0.9537323471663072 0
outer loop
vertex -4.377980000000002 -12.028170000000005 2.999970000000001
vertex -3.312800000000001 -12.363960000000004 4.799870000000002
vertex -3.312800000000001 -12.363960000000004 2.999970000000001
endloop
endfacet
facet normal 0.21626948268487636 0.9763337087590575 0
outer loop
vertex -3.312800000000001 -12.363960000000004 2.999970000000001
vertex -3.312800000000001 -12.363960000000004 4.799870000000002
vertex -2.222610000000001 -12.605450000000005 4.799870000000002
endloop
endfacet
facet normal 0.21626948268487636 0.9763337087590575 0
outer loop
vertex -3.312800000000001 -12.363960000000004 2.999970000000001
vertex -2.222610000000001 -12.605450000000005 4.799870000000002
vertex -2.222610000000001 -12.605450000000005 2.999970000000001
endloop
endfacet
facet normal 0.1307204661003526 0.9914192653678395 0
outer loop
vertex -2.222610000000001 -12.605450000000005 2.999970000000001
vertex -2.222610000000001 -12.605450000000005 4.799870000000002
vertex -1.1156100000000004 -12.751410000000005 4.799870000000002
endloop
endfacet
facet normal 0.1307204661003526 0.9914192653678395 0
outer loop
vertex -2.222610000000001 -12.605450000000005 2.999970000000001
vertex -1.1156100000000004 -12.751410000000005 4.799870000000002
vertex -1.1156100000000004 -12.751410000000005 2.999970000000001
endloop
endfacet
facet normal 0.043692157282278585 0.9990450417233553 0
outer loop
vertex -1.1156100000000004 -12.751410000000005 2.999970000000001
vertex -1.1156100000000004 -12.751410000000005 4.799870000000002
vertex 0 -12.800200000000006 4.799870000000002
endloop
endfacet
facet normal 0.043692157282278585 0.9990450417233553 0
outer loop
vertex -1.1156100000000004 -12.751410000000005 2.999970000000001
vertex 0 -12.800200000000006 4.799870000000002
vertex 0 -12.800200000000006 2.999970000000001
endloop
endfacet
facet normal -0.043692157282278585 0.9990450417233553 0
outer loop
vertex 0 -12.800200000000006 2.999970000000001
vertex 0 -12.800200000000006 4.799870000000002
vertex 1.1156100000000004 -12.751410000000005 4.799870000000002
endloop
endfacet
facet normal -0.043692157282278585 0.9990450417233553 0
outer loop
vertex 0 -12.800200000000006 2.999970000000001
vertex 1.1156100000000004 -12.751410000000005 4.799870000000002
vertex 1.1156100000000004 -12.751410000000005 2.999970000000001
endloop
endfacet
facet normal -0.1307204661003526 0.9914192653678395 0
outer loop
vertex 1.1156100000000004 -12.751410000000005 2.999970000000001
vertex 1.1156100000000004 -12.751410000000005 4.799870000000002
vertex 2.222610000000001 -12.605450000000005 4.799870000000002
endloop
endfacet
facet normal -0.1307204661003526 0.9914192653678395 0
outer loop
vertex 1.1156100000000004 -12.751410000000005 2.999970000000001
vertex 2.222610000000001 -12.605450000000005 4.799870000000002
vertex 2.222610000000001 -12.605450000000005 2.999970000000001
endloop
endfacet
facet normal -0.21626948268487636 0.9763337087590575 0
outer loop
vertex 2.222610000000001 -12.605450000000005 2.999970000000001
vertex 2.222610000000001 -12.605450000000005 4.799870000000002
vertex 3.312800000000001 -12.363960000000004 4.799870000000002
endloop
endfacet
facet normal -0.21626948268487636 0.9763337087590575 0
outer loop
vertex 2.222610000000001 -12.605450000000005 2.999970000000001
vertex 3.312800000000001 -12.363960000000004 4.799870000000002
vertex 3.312800000000001 -12.363960000000004 2.999970000000001
endloop
endfacet
facet normal -0.30065696394503605 0.9537323471663072 0
outer loop
vertex 3.312800000000001 -12.363960000000004 2.999970000000001
vertex 3.312800000000001 -12.363960000000004 4.799870000000002
vertex 4.377980000000002 -12.028170000000005 4.799870000000002
endloop
endfacet
facet normal -0.30065696394503605 0.9537323471663072 0
outer loop
vertex 3.312800000000001 -12.363960000000004 2.999970000000001
vertex 4.377980000000002 -12.028170000000005 4.799870000000002
vertex 4.377980000000002 -12.028170000000005 2.999970000000001
endloop
endfacet
facet normal -0.38294624932266574 0.9237706263622496 0
outer loop
vertex 4.377980000000002 -12.028170000000005 2.999970000000001
vertex 4.377980000000002 -12.028170000000005 4.799870000000002
vertex 5.4095400000000025 -11.600540000000004 4.799870000000002
endloop
endfacet
facet normal -0.38294624932266574 0.9237706263622496 0
outer loop
vertex 4.377980000000002 -12.028170000000005 2.999970000000001
vertex 5.4095400000000025 -11.600540000000004 4.799870000000002
vertex 5.4095400000000025 -11.600540000000004 2.999970000000001
endloop
endfacet
facet normal -0.4615492654407233 0.8871145786036485 0
outer loop
vertex 5.4095400000000025 -11.600540000000004 2.999970000000001
vertex 5.4095400000000025 -11.600540000000004 4.799870000000002
vertex 6.400100000000003 -11.085170000000003 4.799870000000002
endloop
endfacet
facet normal -0.4615492654407233 0.8871145786036485 0
outer loop
vertex 5.4095400000000025 -11.600540000000004 2.999970000000001
vertex 6.400100000000003 -11.085170000000003 4.799870000000002
vertex 6.400100000000003 -11.085170000000003 2.999970000000001
endloop
endfacet
facet normal -0.5372080870496827 0.8434497443288607 0
outer loop
vertex 6.400100000000003 -11.085170000000003 2.999970000000001
vertex 6.400100000000003 -11.085170000000003 4.799870000000002
vertex 7.341870000000003 -10.485340000000004 4.799870000000002
endloop
endfacet
facet normal -0.5372080870496827 0.8434497443288607 0
outer loop
vertex 6.400100000000003 -11.085170000000003 2.999970000000001
vertex 7.341870000000003 -10.485340000000004 4.799870000000002
vertex 7.341870000000003 -10.485340000000004 2.999970000000001
endloop
endfacet
facet normal -0.6087166859267356 0.7933876708610816 0
outer loop
vertex 7.341870000000003 -10.485340000000004 2.999970000000001
vertex 7.341870000000003 -10.485340000000004 4.799870000000002
vertex 8.227880000000003 -9.805560000000003 4.799870000000002
endloop
endfacet
facet normal -0.6087166859267356 0.7933876708610816 0
outer loop
vertex 7.341870000000003 -10.485340000000004 2.999970000000001
vertex 8.227880000000003 -9.805560000000003 4.799870000000002
vertex 8.227880000000003 -9.805560000000003 2.999970000000001
endloop
endfacet
facet normal -0.6755916052239201 0.7372760561356694 0
outer loop
vertex 8.227880000000003 -9.805560000000003 2.999970000000001
vertex 8.227880000000003 -9.805560000000003 4.799870000000002
vertex 9.051160000000003 -9.051160000000003 4.799870000000002
endloop
endfacet
facet normal -0.6755916052239201 0.7372760561356694 0
outer loop
vertex 8.227880000000003 -9.805560000000003 2.999970000000001
vertex 9.051160000000003 -9.051160000000003 4.799870000000002
vertex 9.051160000000003 -9.051160000000003 2.999970000000001
endloop
endfacet
facet normal -0.7372760561356694 0.6755916052239201 0
outer loop
vertex 9.051160000000003 -9.051160000000003 2.999970000000001
vertex 9.051160000000003 -9.051160000000003 4.799870000000002
vertex 9.805560000000003 -8.227880000000003 4.799870000000002
endloop
endfacet
facet normal -0.7372760561356694 0.6755916052239201 0
outer loop
vertex 9.051160000000003 -9.051160000000003 2.999970000000001
vertex 9.805560000000003 -8.227880000000003 4.799870000000002
vertex 9.805560000000003 -8.227880000000003 2.999970000000001
endloop
endfacet
facet normal -0.7933876708610816 0.6087166859267356 0
outer loop
vertex 9.805560000000003 -8.227880000000003 2.999970000000001
vertex 9.805560000000003 -8.227880000000003 4.799870000000002
vertex 10.485340000000004 -7.341870000000003 4.799870000000002
endloop
endfacet
facet normal -0.7933876708610816 0.6087166859267356 0
outer loop
vertex 9.805560000000003 -8.227880000000003 2.999970000000001
vertex 10.485340000000004 -7.341870000000003 4.799870000000002
vertex 10.485340000000004 -7.341870000000003 2.999970000000001
endloop
endfacet
facet normal -0.8434497443288607 0.5372080870496827 0
outer loop
vertex 10.485340000000004 -7.341870000000003 2.999970000000001
vertex 10.485340000000004 -7.341870000000003 4.799870000000002
vertex 11.085170000000003 -6.400100000000003 4.799870000000002
endloop
endfacet
facet normal -0.8434497443288607 0.5372080870496827 0
outer loop
vertex 10.485340000000004 -7.341870000000003 2.999970000000001
vertex 11.085170000000003 -6.400100000000003 4.799870000000002
vertex 11.085170000000003 -6.400100000000003 2.999970000000001
endloop
endfacet
facet normal -0.8871145786036485 0.4615492654407233 0
outer loop
vertex 11.085170000000003 -6.400100000000003 2.999970000000001
vertex 11.085170000000003 -6.400100000000003 4.799870000000002
vertex 11.600540000000004 -5.4095400000000025 4.799870000000002
endloop
endfacet
facet normal -0.8871145786036485 0.4615492654407233 0
outer loop
vertex 11.085170000000003 -6.400100000000003 2.999970000000001
vertex 11.600540000000004 -5.4095400000000025 4.799870000000002
vertex 11.600540000000004 -5.4095400000000025 2.999970000000001
endloop
endfacet
facet normal -0.9237706263622496 0.38294624932266574 0
outer loop
vertex 11.600540000000004 -5.4095400000000025 2.999970000000001
vertex 11.600540000000004 -5.4095400000000025 4.799870000000002
vertex 12.028170000000005 -4.377980000000002 4.799870000000002
endloop
endfacet
facet normal -0.9237706263622496 0.38294624932266574 0
outer loop
vertex 11.600540000000004 -5.4095400000000025 2.999970000000001
vertex 12.028170000000005 -4.377980000000002 4.799870000000002
vertex 12.028170000000005 -4.377980000000002 2.999970000000001
endloop
endfacet
facet normal -0.9537323471663072 0.30065696394503605 0
outer loop
vertex 12.028170000000005 -4.377980000000002 2.999970000000001
vertex 12.028170000000005 -4.377980000000002 4.799870000000002
vertex 12.363960000000004 -3.312800000000001 4.799870000000002
endloop
endfacet
facet normal -0.9537323471663072 0.30065696394503605 0
outer loop
vertex 12.028170000000005 -4.377980000000002 2.999970000000001
vertex 12.363960000000004 -3.312800000000001 4.799870000000002
vertex 12.363960000000004 -3.312800000000001 2.999970000000001
endloop
endfacet
facet normal -0.9763337087590575 0.21626948268487636 0
outer loop
vertex 12.363960000000004 -3.312800000000001 2.999970000000001
vertex 12.363960000000004 -3.312800000000001 4.799870000000002
vertex 12.605450000000005 -2.222610000000001 4.799870000000002
endloop
endfacet
facet normal -0.9763337087590575 0.21626948268487636 0
outer loop
vertex 12.363960000000004 -3.312800000000001 2.999970000000001
vertex 12.605450000000005 -2.222610000000001 4.799870000000002
vertex 12.605450000000005 -2.222610000000001 2.999970000000001
endloop
endfacet
facet normal -0.9914192653678395 0.1307204661003526 0
outer loop
vertex 12.605450000000005 -2.222610000000001 2.999970000000001
vertex 12.605450000000005 -2.222610000000001 4.799870000000002
vertex 12.751410000000005 -1.1156100000000004 4.799870000000002
endloop
endfacet
facet normal -0.9914192653678395 0.1307204661003526 0
outer loop
vertex 12.605450000000005 -2.222610000000001 2.999970000000001
vertex 12.751410000000005 -1.1156100000000004 4.799870000000002
vertex 12.751410000000005 -1.1156100000000004 2.999970000000001
endloop
endfacet
facet normal -0.9990450417233553 0.043692157282278585 0
outer loop
vertex 12.751410000000005 -1.1156100000000004 2.999970000000001
vertex 12.751410000000005 -1.1156100000000004 4.799870000000002
vertex 12.800200000000006 0 4.799870000000002
endloop
endfacet
facet normal -0.9990450417233553 0.043692157282278585 0
outer loop
vertex 12.751410000000005 -1.1156100000000004 2.999970000000001
vertex 12.800200000000006 0 4.799870000000002
vertex 12.800200000000006 0 2.999970000000001
endloop
endfacet
facet normal 0 0 1
outer loop
vertex 0 13.948200000000005 4.799870000000002
vertex -1.3074900000000005 14.942860000000005 4.799870000000002
vertex -2.604730000000001 14.772300000000005 4.799870000000002
endloop
endfacet
facet normal 0 0 1
outer loop
vertex 0 13.948200000000005 4.799870000000002
vertex -2.604730000000001 14.772300000000005 4.799870000000002
vertex -3.8822900000000016 14.488990000000005 4.799870000000002
endloop
endfacet
facet normal 0 0 1
outer loop
vertex 0 13.948200000000005 4.799870000000002
vertex -3.8822900000000016 14.488990000000005 4.799870000000002
vertex -5.130330000000002 14.095390000000005 4.799870000000002
endloop
endfacet
facet normal 0 0 1
outer loop
vertex 0 13.948200000000005 4.799870000000002
vertex -5.130330000000002 14.095390000000005 4.799870000000002
vertex -6.339420000000002 13.594780000000005 4.799870000000002
endloop
endfacet
facet normal 0 0 0.9999999999999999
outer loop
vertex 0 13.948200000000005 4.799870000000002
vertex -6.339420000000002 13.594780000000005 4.799870000000002
vertex -7.500130000000003 12.990440000000005 4.799870000000002
endloop
endfacet
facet normal 0 0 1
outer loop
vertex 0 13.948200000000005 4.799870000000002
vertex -7.500130000000003 12.990440000000005 4.799870000000002
vertex -7.799020000000003 12.800200000000006 4.799870000000002
endloop
endfacet
facet normal 0 0 1
outer loop
vertex 0 13.948200000000005 4.799870000000002
vertex -7.799020000000003 12.800200000000006 4.799870000000002
vertex 0 12.800200000000006 4.799870000000002
endloop
endfacet
facet normal 0 0 1
outer loop
vertex 0 13.948200000000005 4.799870000000002
vertex 0 12.800200000000006 4.799870000000002
vertex 7.799020000000003 12.800200000000006 4.799870000000002
endloop
endfacet
facet normal 0 0 1
outer loop
vertex 0 13.948200000000005 4.799870000000002
vertex 7.799020000000003 12.800200000000006 4.799870000000002
vertex 7.500130000000003 12.990440000000005 4.799870000000002
endloop
endfacet
facet normal 0 0 0.9999999999999999
outer loop
vertex 0 13.948200000000005 4.799870000000002
vertex 7.500130000000003 12.990440000000005 4.799870000000002
vertex 6.339420000000002 13.594780000000005 4.799870000000002
endloop
endfacet
facet normal 0 0 1
outer loop
vertex 0 13.948200000000005 4.799870000000002
vertex 6.339420000000002 13.594780000000005 4.799870000000002
vertex 5.130330000000002 14.095390000000005 4.799870000000002
endloop
endfacet
facet normal 0 0 1
outer loop
vertex 0 13.948200000000005 4.799870000000002
vertex 5.130330000000002 14.095390000000005 4.799870000000002
vertex 3.8822900000000016 14.488990000000005 4.799870000000002
endloop
endfacet
facet normal 0 0 1
outer loop
vertex 0 13.948200000000005 4.799870000000002
vertex 3.8822900000000016 14.488990000000005 4.799870000000002
vertex 2.604730000000001 14.772300000000005 4.799870000000002
endloop
endfacet
facet normal 0 0 1
outer loop
vertex 0 13.948200000000005 4.799870000000002
vertex 2.604730000000001 14.772300000000005 4.799870000000002
vertex 1.3074900000000005 14.942860000000005 4.799870000000002
endloop
endfacet
facet normal 0 0 1
outer loop
vertex 0 13.948200000000005 4.799870000000002
vertex 1.3074900000000005 14.942860000000005 4.799870000000002
vertex 0 14.999850000000006 4.799870000000002
endloop
endfacet
facet normal 0 0 1
outer loop
vertex 0 13.948200000000005 4.799870000000002
vertex 0 14.999850000000006 4.799870000000002
vertex -1.3074900000000005 14.942860000000005 4.799870000000002
endloop
endfacet
facet normal 0 0 1
outer loop
vertex 0 12.800200000000006 4.799870000000002
vertex 1.1156100000000004 12.751410000000005 4.799870000000002
vertex 7.875280000000003 12.751410000000005 4.799870000000002
endloop
endfacet
facet normal 0 0 1
outer loop
vertex 0 12.800200000000006 4.799870000000002
vertex 7.875280000000003 12.751410000000005 4.799870000000002
vertex 7.799020000000003 12.800200000000006 4.799870000000002
endloop
endfacet
facet normal 0 0 1
outer loop
vertex -7.799020000000003 12.800200000000006 4.799870000000002
vertex -7.875280000000003 12.751410000000005 4.799870000000002
vertex -1.1156100000000004 12.751410000000005 4.799870000000002
endloop
endfacet
facet normal 0 0 1
outer loop
vertex -7.799020000000003 12.800200000000006 4.799870000000002
vertex -1.1156100000000004 12.751410000000005 4.799870000000002
vertex 0 12.800200000000006 4.799870000000002
endloop
endfacet
facet normal 0 0 1
outer loop
vertex 1.1156100000000004 12.751410000000005 4.799870000000002
vertex 2.222610000000001 12.605450000000005 4.799870000000002
vertex 8.104060000000002 12.605450000000005 4.799870000000002
endloop
endfacet
facet normal 0 0 0.9999999999999999
outer loop
vertex 1.1156100000000004 12.751410000000005 4.799870000000002
vertex 8.104060000000002 12.605450000000005 4.799870000000002
vertex 7.875280000000003 12.751410000000005 4.799870000000002
endloop
endfacet
facet normal 0 0 0.9999999999999999
outer loop
vertex -7.875280000000003 12.751410000000005 4.799870000000002
vertex -8.104060000000002 12.605450000000005 4.799870000000002
vertex -2.222610000000001 12.605450000000005 4.799870000000002
endloop
endfacet
facet normal 0 0 0.9999999999999999
outer loop
vertex -7.875280000000003 12.751410000000005 4.799870000000002
vertex -2.222610000000001 12.605450000000005 4.799870000000002
vertex -1.1156100000000004 12.751410000000005 4.799870000000002
endloop
endfacet
facet normal 0 0 1
outer loop
vertex 2.222610000000001 12.605450000000005 4.799870000000002
vertex 3.312800000000001 12.363960000000004 4.799870000000002
vertex 8.483310000000003 12.363960000000004 4.799870000000002
endloop
endfacet
facet normal 0 0 1
outer loop
vertex 2.222610000000001 12.605450000000005 4.799870000000002
vertex 8.483310000000003 12.363960000000004 4.799870000000002
vertex 8.104060000000002 12.605450000000005 4.799870000000002
endloop
endfacet
facet normal 0 0 1
outer loop
vertex -8.104060000000002 12.605450000000005 4.799870000000002
vertex -8.483310000000003 12.363960000000004 4.799870000000002
vertex -3.312800000000001 12.363960000000004 4.799870000000002
endloop
endfacet
facet normal 0 0 1
outer loop
vertex -8.104060000000002 12.605450000000005 4.799870000000002
vertex -3.312800000000001 12.363960000000004 4.799870000000002
vertex -2.222610000000001 12.605450000000005 4.799870000000002
endloop
endfacet
facet normal 0 0 0.9999999999999999
outer loop
vertex 6.743680000000002 12.214310000000005 4.799870000000002
vertex 3.312800000000001 12.363960000000004 4.799870000000002
vertex 4.377980000000002 12.028170000000005 4.799870000000002
endloop
endfacet
facet normal 0 0 0.9999999999999999
outer loop
vertex 6.743680000000002 12.214310000000005 4.799870000000002
vertex 4.377980000000002 12.028170000000005 4.799870000000002
vertex 8.941280000000003 12.028170000000005 4.799870000000002
endloop
endfacet
facet normal 0 0 1
outer loop
vertex 6.743680000000002 12.214310000000005 4.799870000000002
vertex 8.941280000000003 12.028170000000005 4.799870000000002
vertex 8.603850000000003 12.287290000000004 4.799870000000002
endloop
endfacet
facet normal 0 0 1
outer loop
vertex 6.743680000000002 12.214310000000005 4.799870000000002
vertex 8.603850000000003 12.287290000000004 4.799870000000002
vertex 8.483310000000003 12.363960000000004 4.799870000000002
endloop
endfacet
facet normal 0 0 0.9999999999999999
outer loop
vertex 6.743680000000002 12.214310000000005 4.799870000000002
vertex 8.483310000000003 12.363960000000004 4.799870000000002
vertex 3.312800000000001 12.363960000000004 4.799870000000002
endloop
endfacet
facet normal 0 0 1
outer loop
vertex -6.743680000000002 12.214310000000005 4.799870000000002
vertex -8.483310000000003 12.363960000000004 4.799870000000002
vertex -8.603850000000003 12.287290000000004 4.799870000000002
endloop
endfacet
facet normal 0 0 1
outer loop
vertex -6.743680000000002 12.214310000000005 4.799870000000002
vertex -8.603850000000003 12.287290000000004 4.799870000000002
vertex -8.941280000000003 12.028170000000005 4.799870000000002
endloop
endfacet
facet normal 0 0 0.9999999999999999
outer loop
vertex -6.743680000000002 12.214310000000005 4.799870000000002
vertex -8.941280000000003 12.028170000000005 4.799870000000002
vertex -4.377980000000002 12.028170000000005 4.799870000000002
endloop
endfacet
facet normal 0 0 0.9999999999999999
outer loop
vertex -6.743680000000002 12.214310000000005 4.799870000000002
vertex -4.377980000000002 12.028170000000005 4.799870000000002
vertex -3.312800000000001 12.363960000000004 4.799870000000002
endloop
endfacet
facet normal 0 0 0.9999999999999999
outer loop
vertex -6.743680000000002 12.214310000000005 4.799870000000002
vertex -3.312800000000001 12.363960000000004 4.799870000000002
vertex -8.483310000000003 12.363960000000004 4.799870000000002
endloop
endfacet
facet normal 0 0 1
outer loop
vertex 4.377980000000002 12.028170000000005 4.799870000000002
vertex 5.4095400000000025 11.600540000000004 4.799870000000002
vertex 9.498470000000003 11.600540000000004 4.799870000000002
endloop
endfacet
facet normal 0 0 0.9999999999999999
outer loop
vertex 4.377980000000002 12.028170000000005 4.799870000000002
vertex 9.498470000000003 11.600540000000004 4.799870000000002
vertex 8.941280000000003 12.028170000000005 4.799870000000002
endloop
endfacet
facet normal 0 0 0.9999999999999999
outer loop
vertex -8.941280000000003 12.028170000000005 4.799870000000002
vertex -9.498470000000003 11.600540000000004 4.799870000000002
vertex -5.4095400000000025 11.600540000000004 4.799870000000002
endloop
endfacet
facet normal 0 0 0.9999999999999999
outer loop
vertex -8.941280000000003 12.028170000000005 4.799870000000002
vertex -5.4095400000000025 11.600540000000004 4.799870000000002
vertex -4.377980000000002 12.028170000000005 4.799870000000002
endloop
endfacet
facet normal 0 0 1
outer loop
vertex 8.206970000000004 11.372580000000005 4.799870000000002
vertex 5.4095400000000025 11.600540000000004 4.799870000000002
vertex 6.400100000000003 11.085170000000003 4.799870000000002
endloop
endfacet
facet normal 0 0 1
outer loop
vertex 8.206970000000004 11.372580000000005 4.799870000000002
vertex 6.400100000000003 11.085170000000003 4.799870000000002
vertex 10.084360000000004 11.085170000000003 4.799870000000002
endloop
endfacet
facet normal 0 0 1
outer loop
vertex 8.206970000000004 11.372580000000005 4.799870000000002
vertex 10.084360000000004 11.085170000000003 4.799870000000002
vertex 9.641970000000004 11.490660000000004 4.799870000000002
endloop
endfacet
facet normal 0 0 1
outer loop
vertex 8.206970000000004 11.372580000000005 4.799870000000002
vertex 9.641970000000004 11.490660000000004 4.799870000000002
vertex 9.498470000000003 11.600540000000004 4.799870000000002
endloop
endfacet
facet normal 0 0 1
outer loop
vertex 8.206970000000004 11.372580000000005 4.799870000000002
vertex 9.498470000000003 11.600540000000004 4.799870000000002
vertex 5.4095400000000025 11.600540000000004 4.799870000000002
endloop
endfacet
facet normal 0 0 1
outer loop
vertex -8.206970000000004 11.372580000000005 4.799870000000002
vertex -9.498470000000003 11.600540000000004 4.799870000000002
vertex -9.641970000000004 11.490660000000004 4.799870000000002
endloop
endfacet
facet normal 0 0 1
outer loop
vertex -8.206970000000004 11.372580000000005 4.799870000000002
vertex -9.641970000000004 11.490660000000004 4.799870000000002
vertex -10.084360000000004 11.085170000000003 4.799870000000002
endloop
endfacet
facet normal 0 0 1
outer loop
vertex -8.206970000000004 11.372580000000005 4.799870000000002
vertex -10.084360000000004 11.085170000000003 4.799870000000002
vertex -6.400100000000003 11.085170000000003 4.799870000000002
endloop
endfacet
facet normal 0 0 1
outer loop
vertex -8.206970000000004 11.372580000000005 4.799870000000002
vertex -6.400100000000003 11.085170000000003 4.799870000000002
vertex -5.4095400000000025 11.600540000000004 4.799870000000002
endloop
endfacet
facet normal 0 0 1
outer loop
vertex -8.206970000000004 11.372580000000005 4.799870000000002
vertex -5.4095400000000025 11.600540000000004 4.799870000000002
vertex -9.498470000000003 11.600540000000004 4.799870000000002
endloop
endfacet
facet normal 0 0 1
outer loop
vertex 9.030250000000004 10.749380000000004 4.799870000000002
vertex 6.400100000000003 11.085170000000003 4.799870000000002
vertex 7.341870000000003 10.485340000000004 4.799870000000002
endloop
endfacet
facet normal 0 0 1
outer loop
vertex 9.030250000000004 10.749380000000004 4.799870000000002
vertex 7.341870000000003 10.485340000000004 4.799870000000002
vertex 10.717810000000004 10.485340000000004 4.799870000000002
endloop
endfacet
facet normal 0 0 1
outer loop
vertex 9.030250000000004 10.749380000000004 4.799870000000002
vertex 10.717810000000004 10.485340000000004 4.799870000000002
vertex 10.606700000000004 10.606700000000004 4.799870000000002
endloop
endfacet
facet normal 0 0 1
outer loop
vertex 9.030250000000004 10.749380000000004 4.799870000000002
vertex 10.606700000000004 10.606700000000004 4.799870000000002
vertex 10.084360000000004 11.085170000000003 4.799870000000002
endloop
endfacet
facet normal 0 0 1
outer loop
vertex 9.030250000000004 10.749380000000004 4.799870000000002
vertex 10.084360000000004 11.085170000000003 4.799870000000002
vertex 6.400100000000003 11.085170000000003 4.799870000000002
endloop
endfacet
facet normal 0 0 1
outer loop
vertex -9.030250000000004 10.749380000000004 4.799870000000002
vertex -10.084360000000004 11.085170000000003 4.799870000000002
vertex -10.606700000000004 10.606700000000004 4.799870000000002
endloop
endfacet
facet normal 0 0 1
outer loop
vertex -9.030250000000004 10.749380000000004 4.799870000000002
vertex -10.606700000000004 10.606700000000004 4.799870000000002
vertex -10.717810000000004 10.485340000000004 4.799870000000002
endloop
endfacet
facet normal 0 0 1
outer loop
vertex -9.030250000000004 10.749380000000004 4.799870000000002
vertex -10.717810000000004 10.485340000000004 4.799870000000002
vertex -7.341870000000003 10.485340000000004 4.799870000000002
endloop
endfacet
facet normal 0 0 1
outer loop
vertex -9.030250000000004 10.749380000000004 4.799870000000002
vertex -7.341870000000003 10.485340000000004 4.799870000000002
vertex -6.400100000000003 11.085170000000003 4.799870000000002
endloop
endfacet
facet normal 0 0 1
outer loop
vertex -9.030250000000004 10.749380000000004 4.799870000000002
vertex -6.400100000000003 11.085170000000003 4.799870000000002
vertex -10.084360000000004 11.085170000000003 4.799870000000002
endloop
endfacet
facet normal 0 0 1
outer loop
vertex 7.341870000000003 10.485340000000004 4.799870000000002
vertex 8.227880000000003 9.805560000000003 4.799870000000002
vertex 11.340600000000004 9.805560000000003 4.799870000000002
endloop
endfacet
facet normal 0 0 0.9999999999999999
outer loop
vertex 7.341870000000003 10.485340000000004 4.799870000000002
vertex 11.340600000000004 9.805560000000003 4.799870000000002
vertex 10.717810000000004 10.485340000000004 4.799870000000002
endloop
endfacet
facet normal 0 0 1
outer loop
vertex -10.717810000000004 10.485340000000004 4.799870000000002
vertex -11.340600000000004 9.805560000000003 4.799870000000002
vertex -8.227880000000003 9.805560000000003 4.799870000000002
endloop
endfacet
facet normal 0 0 0.9999999999999999
outer loop
vertex -10.717810000000004 10.485340000000004 4.799870000000002
vertex -8.227880000000003 9.805560000000003 4.799870000000002
vertex -7.341870000000003 10.485340000000004 4.799870000000002
endloop
endfacet
facet normal 0 0 1
outer loop
vertex 10.410720000000003 9.471000000000004 4.799870000000002
vertex 8.227880000000003 9.805560000000003 4.799870000000002
vertex 9.051160000000003 9.051160000000003 4.799870000000002
endloop
endfacet
facet normal 0 0 1
outer loop
vertex 10.410720000000003 9.471000000000004 4.799870000000002
vertex 9.051160000000003 9.051160000000003 4.799870000000002
vertex 11.944120000000005 9.051160000000003 4.799870000000002
endloop
endfacet
facet normal 0 0 0.9999999999999999
outer loop
vertex 10.410720000000003 9.471000000000004 4.799870000000002
vertex 11.944120000000005 9.051160000000003 4.799870000000002
vertex 11.490660000000004 9.641970000000004 4.799870000000002
endloop
endfacet
facet normal 0 0 1
outer loop
vertex 10.410720000000003 9.471000000000004 4.799870000000002
vertex 11.490660000000004 9.641970000000004 4.799870000000002
vertex 11.340600000000004 9.805560000000003 4.799870000000002
endloop
endfacet
facet normal 0 0 1
outer loop
vertex 10.410720000000003 9.471000000000004 4.799870000000002
vertex 11.340600000000004 9.805560000000003 4.799870000000002
vertex 8.227880000000003 9.805560000000003 4.799870000000002
endloop
endfacet
facet normal 0 0 1
outer loop
vertex -10.410720000000003 9.471000000000004 4.799870000000002
vertex -11.340600000000004 9.805560000000003 4.799870000000002
vertex -11.490660000000004 9.641970000000004 4.799870000000002
endloop
endfacet
facet normal 0 0 0.9999999999999999
outer loop
vertex -10.410720000000003 9.471000000000004 4.799870000000002
vertex -11.490660000000004 9.641970000000004 4.799870000000002
vertex -11.944120000000005 9.051160000000003 4.799870000000002
endloop
endfacet
facet normal 0 0 1
outer loop
vertex -10.410720000000003 9.471000000000004 4.799870000000002
vertex -11.944120000000005 9.051160000000003 4.799870000000002
vertex -9.051160000000003 9.051160000000003 4.799870000000002
endloop
endfacet
facet normal 0 0 1
outer loop
vertex -10.410720000000003 9.471000000000004 4.799870000000002
vertex -9.051160000000003 9.051160000000003 4.799870000000002
vertex -8.227880000000003 9.805560000000003 4.799870000000002
endloop
endfacet
facet normal 0 0 1
outer loop
vertex -10.410720000000003 9.471000000000004 4.799870000000002
vertex -8.227880000000003 9.805560000000003 4.799870000000002
vertex -11.340600000000004 9.805560000000003 4.799870000000002
endloop
endfacet
facet normal 0 0 0.9999999999999999
outer loop
vertex 11.122890000000003 8.632550000000004 4.799870000000002
vertex 9.051160000000003 9.051160000000003 4.799870000000002
vertex 9.805560000000003 8.227880000000003 4.799870000000002
endloop
endfacet
facet normal 0 0 1
outer loop
vertex 11.122890000000003 8.632550000000004 4.799870000000002
vertex 9.805560000000003 8.227880000000003 4.799870000000002
vertex 12.526730000000004 8.227880000000003 4.799870000000002
endloop
endfacet
facet normal 0 0 1
outer loop
vertex 11.122890000000003 8.632550000000004 4.799870000000002
vertex 12.526730000000004 8.227880000000003 4.799870000000002
vertex 12.287290000000004 8.603850000000003 4.799870000000002
endloop
endfacet
facet normal 0 0 1
outer loop
vertex 11.122890000000003 8.632550000000004 4.799870000000002
vertex 12.287290000000004 8.603850000000003 4.799870000000002
vertex 11.944120000000005 9.051160000000003 4.799870000000002
endloop
endfacet
facet normal 0 0 1
outer loop
vertex 11.122890000000003 8.632550000000004 4.799870000000002
vertex 11.944120000000005 9.051160000000003 4.799870000000002
vertex 9.051160000000003 9.051160000000003 4.799870000000002
endloop
endfacet
facet normal 0 0 1
outer loop
vertex -11.122890000000003 8.632550000000004 4.799870000000002
vertex -11.944120000000005 9.051160000000003 4.799870000000002
vertex -12.287290000000004 8.603850000000003 4.799870000000002
endloop
endfacet
facet normal 0 0 1
outer loop
vertex -11.122890000000003 8.632550000000004 4.799870000000002
vertex -12.287290000000004 8.603850000000003 4.799870000000002
vertex -12.526730000000004 8.227880000000003 4.799870000000002
endloop
endfacet
facet normal 0 0 1
outer loop
vertex -11.122890000000003 8.632550000000004 4.799870000000002
vertex -12.526730000000004 8.227880000000003 4.799870000000002
vertex -9.805560000000003 8.227880000000003 4.799870000000002
endloop
endfacet
facet normal 0 0 0.9999999999999999
outer loop
vertex -11.122890000000003 8.632550000000004 4.799870000000002
vertex -9.805560000000003 8.227880000000003 4.799870000000002
vertex -9.051160000000003 9.051160000000003 4.799870000000002
endloop
endfacet
facet normal 0 0 1
outer loop
vertex -11.122890000000003 8.632550000000004 4.799870000000002
vertex -9.051160000000003 9.051160000000003 4.799870000000002
vertex -11.944120000000005 9.051160000000003 4.799870000000002
endloop
endfacet
facet normal 0 0 1
outer loop
vertex 11.776020000000004 7.728090000000003 4.799870000000002
vertex 9.805560000000003 8.227880000000003 4.799870000000002
vertex 10.485340000000004 7.341870000000003 4.799870000000002
endloop
endfacet
facet normal 0 0 1
outer loop
vertex 11.776020000000004 7.728090000000003 4.799870000000002
vertex 10.485340000000004 7.341870000000003 4.799870000000002
vertex 13.072850000000004 7.341870000000003 4.799870000000002
endloop
endfacet
facet normal 0 0 1
outer loop
vertex 11.776020000000004 7.728090000000003 4.799870000000002
vertex 13.072850000000004 7.341870000000003 4.799870000000002
vertex 12.990440000000005 7.500130000000003 4.799870000000002
endloop
endfacet
facet normal 0 0 1
outer loop
vertex 11.776020000000004 7.728090000000003 4.799870000000002
vertex 12.990440000000005 7.500130000000003 4.799870000000002
vertex 12.526730000000004 8.227880000000003 4.799870000000002
endloop
endfacet
facet normal 0 0 1
outer loop
vertex 11.776020000000004 7.728090000000003 4.799870000000002
vertex 12.526730000000004 8.227880000000003 4.799870000000002
vertex 9.805560000000003 8.227880000000003 4.799870000000002
endloop
endfacet
facet normal 0 0 1
outer loop
vertex -11.776020000000004 7.728090000000003 4.799870000000002
vertex -12.526730000000004 8.227880000000003 4.799870000000002
vertex -12.990440000000005 7.500130000000003 4.799870000000002
endloop
endfacet
facet normal 0 0 1
outer loop
vertex -11.776020000000004 7.728090000000003 4.799870000000002
vertex -12.990440000000005 7.500130000000003 4.799870000000002
vertex -13.072850000000004 7.341870000000003 4.799870000000002
endloop
endfacet
facet normal 0 0 1
outer loop
vertex -11.776020000000004 7.728090000000003 4.799870000000002
vertex -13.072850000000004 7.341870000000003 4.799870000000002
vertex -10.485340000000004 7.341870000000003 4.799870000000002
endloop
endfacet
facet normal 0 0 1
outer loop
vertex -11.776020000000004 7.728090000000003 4.799870000000002
vertex -10.485340000000004 7.341870000000003 4.799870000000002
vertex -9.805560000000003 8.227880000000003 4.799870000000002
endloop
endfacet
facet normal 0 0 1
outer loop
vertex -11.776020000000004 7.728090000000003 4.799870000000002
vertex -9.805560000000003 8.227880000000003 4.799870000000002
vertex -12.526730000000004 8.227880000000003 4.799870000000002
endloop
endfacet
facet normal 0 0 1
outer loop
vertex 10.485340000000004 7.341870000000003 4.799870000000002
vertex 11.085170000000003 6.400100000000003 4.799870000000002
vertex 13.562800000000005 6.400100000000003 4.799870000000002
endloop
endfacet
facet normal 0 0 1
outer loop
vertex 10.485340000000004 7.341870000000003 4.799870000000002
vertex 13.562800000000005 6.400100000000003 4.799870000000002
vertex 13.072850000000004 7.341870000000003 4.799870000000002
endloop
endfacet
facet normal 0 0 1
outer loop
vertex -13.072850000000004 7.341870000000003 4.799870000000002
vertex -13.562800000000005 6.400100000000003 4.799870000000002
vertex -11.085170000000003 6.400100000000003 4.799870000000002
endloop
endfacet
facet normal 0 0 1
outer loop
vertex -13.072850000000004 7.341870000000003 4.799870000000002
vertex -11.085170000000003 6.400100000000003 4.799870000000002
vertex -10.485340000000004 7.341870000000003 4.799870000000002
endloop
endfacet
facet normal 0 0 1
outer loop
vertex 12.764530000000004 5.991740000000002 4.799870000000002
vertex 11.085170000000003 6.400100000000003 4.799870000000002
vertex 11.600540000000004 5.4095400000000025 4.799870000000002
endloop
endfacet
facet normal 0 0 0.9999999999999999
outer loop
vertex 12.764530000000004 5.991740000000002 4.799870000000002
vertex 11.600540000000004 5.4095400000000025 4.799870000000002
vertex 13.979770000000006 5.4095400000000025 4.799870000000002
endloop
endfacet
facet normal 0 0 1
outer loop
vertex 12.764530000000004 5.991740000000002 4.799870000000002
vertex 13.979770000000006 5.4095400000000025 4.799870000000002
vertex 13.594780000000005 6.339420000000002 4.799870000000002
endloop
endfacet
facet normal 0 0 0.9999999999999999
outer loop
vertex 12.764530000000004 5.991740000000002 4.799870000000002
vertex 13.594780000000005 6.339420000000002 4.799870000000002
vertex 13.562800000000005 6.400100000000003 4.799870000000002
endloop
endfacet
facet normal 0 0 1
outer loop
vertex 12.764530000000004 5.991740000000002 4.799870000000002
vertex 13.562800000000005 6.400100000000003 4.799870000000002
vertex 11.085170000000003 6.400100000000003 4.799870000000002
endloop
endfacet
facet normal 0 0 0.9999999999999999
outer loop
vertex -12.764530000000004 5.991740000000002 4.799870000000002
vertex -13.562800000000005 6.400100000000003 4.799870000000002
vertex -13.594780000000005 6.339420000000002 4.799870000000002
endloop
endfacet
facet normal 0 0 1
outer loop
vertex -12.764530000000004 5.991740000000002 4.799870000000002
vertex -13.594780000000005 6.339420000000002 4.799870000000002
vertex -13.979770000000006 5.4095400000000025 4.799870000000002
endloop
endfacet
facet normal 0 0 0.9999999999999999
outer loop
vertex -12.764530000000004 5.991740000000002 4.799870000000002
vertex -13.979770000000006 5.4095400000000025 4.799870000000002
vertex -11.600540000000004 5.4095400000000025 4.799870000000002
endloop
endfacet
facet normal 0 0 1
outer loop
vertex -12.764530000000004 5.991740000000002 4.799870000000002
vertex -11.600540000000004 5.4095400000000025 4.799870000000002
vertex -11.085170000000003 6.400100000000003 4.799870000000002
endloop
endfacet
facet normal 0 0 1
outer loop
vertex -12.764530000000004 5.991740000000002 4.799870000000002
vertex -11.085170000000003 6.400100000000003 4.799870000000002
vertex -13.562800000000005 6.400100000000003 4.799870000000002
endloop
endfacet
facet normal 0 0 1
outer loop
vertex 13.207330000000004 4.9409100000000015 4.799870000000002
vertex 11.600540000000004 5.4095400000000025 4.799870000000002
vertex 12.028170000000005 4.377980000000002 4.799870000000002
endloop
endfacet
facet normal 0 0 1
outer loop
vertex 13.207330000000004 4.9409100000000015 4.799870000000002
vertex 12.028170000000005 4.377980000000002 4.799870000000002
vertex 14.332780000000005 4.377980000000002 4.799870000000002
endloop
endfacet
facet normal 0 0 1
outer loop
vertex 13.207330000000004 4.9409100000000015 4.799870000000002
vertex 14.332780000000005 4.377980000000002 4.799870000000002
vertex 14.095390000000005 5.130330000000002 4.799870000000002
endloop
endfacet
facet normal 0 0 1
outer loop
vertex 13.207330000000004 4.9409100000000015 4.799870000000002
vertex 14.095390000000005 5.130330000000002 4.799870000000002
vertex 13.979770000000006 5.4095400000000025 4.799870000000002
endloop
endfacet
facet normal 0 0 0.9999999999999999
outer loop
vertex 13.207330000000004 4.9409100000000015 4.799870000000002
vertex 13.979770000000006 5.4095400000000025 4.799870000000002
vertex 11.600540000000004 5.4095400000000025 4.799870000000002
endloop
endfacet
facet normal 0 0 1
outer loop
vertex -13.207330000000004 4.9409100000000015 4.799870000000002
vertex -13.979770000000006 5.4095400000000025 4.799870000000002
vertex -14.095390000000005 5.130330000000002 4.799870000000002
endloop
endfacet
facet normal 0 0 1
outer loop
vertex -13.207330000000004 4.9409100000000015 4.799870000000002
vertex -14.095390000000005 5.130330000000002 4.799870000000002
vertex -14.332780000000005 4.377980000000002 4.799870000000002
endloop
endfacet
facet normal 0 0 1
outer loop
vertex -13.207330000000004 4.9409100000000015 4.799870000000002
vertex -14.332780000000005 4.377980000000002 4.799870000000002
vertex -12.028170000000005 4.377980000000002 4.799870000000002
endloop
endfacet
facet normal 0 0 1
outer loop
vertex -13.207330000000004 4.9409100000000015 4.799870000000002
vertex -12.028170000000005 4.377980000000002 4.799870000000002
vertex -11.600540000000004 5.4095400000000025 4.799870000000002
endloop
endfacet
facet normal 0 0 0.9999999999999999
outer loop
vertex -13.207330000000004 4.9409100000000015 4.799870000000002
vertex -11.600540000000004 5.4095400000000025 4.799870000000002
vertex -13.979770000000006 5.4095400000000025 4.799870000000002
endloop
endfacet
facet normal 0 0 1
outer loop
vertex 13.565670000000004 3.8527700000000014 4.799870000000002
vertex 12.028170000000005 4.377980000000002 4.799870000000002
vertex 12.363960000000004 3.312800000000001 4.799870000000002
endloop
endfacet
facet normal 0 0 1
outer loop
vertex 13.565670000000004 3.8527700000000014 4.799870000000002
vertex 12.363960000000004 3.312800000000001 4.799870000000002
vertex 14.615270000000006 3.312800000000001 4.799870000000002
endloop
endfacet
facet normal 0 0 1
outer loop
vertex 13.565670000000004 3.8527700000000014 4.799870000000002
vertex 14.615270000000006 3.312800000000001 4.799870000000002
vertex 14.488990000000005 3.8822900000000016 4.799870000000002
endloop
endfacet
facet normal 0 0 1
outer loop
vertex 13.565670000000004 3.8527700000000014 4.799870000000002
vertex 14.488990000000005 3.8822900000000016 4.799870000000002
vertex 14.332780000000005 4.377980000000002 4.799870000000002
endloop
endfacet
facet normal 0 0 1
outer loop
vertex 13.565670000000004 3.8527700000000014 4.799870000000002
vertex 14.332780000000005 4.377980000000002 4.799870000000002
vertex 12.028170000000005 4.377980000000002 4.799870000000002
endloop
endfacet
facet normal 0 0 1
outer loop
vertex -13.565670000000004 3.8527700000000014 4.799870000000002
vertex -14.332780000000005 4.377980000000002 4.799870000000002
vertex -14.488990000000005 3.8822900000000016 4.799870000000002
endloop
endfacet
facet normal 0 0 1
outer loop
vertex -13.565670000000004 3.8527700000000014 4.799870000000002
vertex -14.488990000000005 3.8822900000000016 4.799870000000002
vertex -14.615270000000006 3.312800000000001 4.799870000000002
endloop
endfacet
facet normal 0 0 1
outer loop
vertex -13.565670000000004 3.8527700000000014 4.799870000000002
vertex -14.615270000000006 3.312800000000001 4.799870000000002
vertex -12.363960000000004 3.312800000000001 4.799870000000002
endloop
endfacet
facet normal 0 0 1
outer loop
vertex -13.565670000000004 3.8527700000000014 4.799870000000002
vertex -12.363960000000004 3.312800000000001 4.799870000000002
vertex -12.028170000000005 4.377980000000002 4.799870000000002
endloop
endfacet
facet normal 0 0 1
outer loop
vertex -13.565670000000004 3.8527700000000014 4.799870000000002
vertex -12.028170000000005 4.377980000000002 4.799870000000002
vertex -14.332780000000005 4.377980000000002 4.799870000000002
endloop
endfacet
facet normal 0 0 1
outer loop
vertex 13.835860000000006 2.735110000000001 4.799870000000002
vertex 12.363960000000004 3.312800000000001 4.799870000000002
vertex 12.605450000000005 2.222610000000001 4.799870000000002
endloop
endfacet
facet normal 0 0 1
outer loop
vertex 13.835860000000006 2.735110000000001 4.799870000000002
vertex 12.605450000000005 2.222610000000001 4.799870000000002
vertex 14.822320000000005 2.222610000000001 4.799870000000002
endloop
endfacet
facet normal 0 0 1
outer loop
vertex 13.835860000000006 2.735110000000001 4.799870000000002
vertex 14.822320000000005 2.222610000000001 4.799870000000002
vertex 14.772300000000005 2.604730000000001 4.799870000000002
endloop
endfacet
facet normal 0 0 1
outer loop
vertex 13.835860000000006 2.735110000000001 4.799870000000002
vertex 14.772300000000005 2.604730000000001 4.799870000000002
vertex 14.615270000000006 3.312800000000001 4.799870000000002
endloop
endfacet
facet normal 0 0 1
outer loop
vertex 13.835860000000006 2.735110000000001 4.799870000000002
vertex 14.615270000000006 3.312800000000001 4.799870000000002
vertex 12.363960000000004 3.312800000000001 4.799870000000002
endloop
endfacet
facet normal 0 0 1
outer loop
vertex -13.835860000000006 2.735110000000001 4.799870000000002
vertex -14.615270000000006 3.312800000000001 4.799870000000002
vertex -14.772300000000005 2.604730000000001 4.799870000000002
endloop
endfacet
facet normal 0 0 1
outer loop
vertex -13.835860000000006 2.735110000000001 4.799870000000002
vertex -14.772300000000005 2.604730000000001 4.799870000000002
vertex -14.822320000000005 2.222610000000001 4.799870000000002
endloop
endfacet
facet normal 0 0 1
outer loop
vertex -13.835860000000006 2.735110000000001 4.799870000000002
vertex -14.822320000000005 2.222610000000001 4.799870000000002
vertex -12.605450000000005 2.222610000000001 4.799870000000002
endloop
endfacet
facet normal 0 0 1
outer loop
vertex -13.835860000000006 2.735110000000001 4.799870000000002
vertex -12.605450000000005 2.222610000000001 4.799870000000002
vertex -12.363960000000004 3.312800000000001 4.799870000000002
endloop
endfacet
facet normal 0 0 1
outer loop
vertex -13.835860000000006 2.735110000000001 4.799870000000002
vertex -12.363960000000004 3.312800000000001 4.799870000000002
vertex -14.615270000000006 3.312800000000001 4.799870000000002
endloop
endfacet
facet normal 0 0 1
outer loop
vertex 14.014620000000006 1.5969500000000005 4.799870000000002
vertex 12.605450000000005 2.222610000000001 4.799870000000002
vertex 12.751410000000005 1.1156100000000004 4.799870000000002
endloop
endfacet
facet normal 0 0 1
outer loop
vertex 14.014620000000006 1.5969500000000005 4.799870000000002
vertex 12.751410000000005 1.1156100000000004 4.799870000000002
vertex 14.951470000000006 1.1156100000000004 4.799870000000002
endloop
endfacet
facet normal 0 0 1
outer loop
vertex 14.014620000000006 1.5969500000000005 4.799870000000002
vertex 14.951470000000006 1.1156100000000004 4.799870000000002
vertex 14.942860000000005 1.3074900000000005 4.799870000000002
endloop
endfacet
facet normal 0 0 1
outer loop
vertex 14.014620000000006 1.5969500000000005 4.799870000000002
vertex 14.942860000000005 1.3074900000000005 4.799870000000002
vertex 14.822320000000005 2.222610000000001 4.799870000000002
endloop
endfacet
facet normal 0 0 1
outer loop
vertex 14.014620000000006 1.5969500000000005 4.799870000000002
vertex 14.822320000000005 2.222610000000001 4.799870000000002
vertex 12.605450000000005 2.222610000000001 4.799870000000002
endloop
endfacet
facet normal 0 0 1
outer loop
vertex -14.014620000000006 1.5969500000000005 4.799870000000002
vertex -14.822320000000005 2.222610000000001 4.799870000000002
vertex -14.942860000000005 1.3074900000000005 4.799870000000002
endloop
endfacet
facet normal 0 0 1
outer loop
vertex -14.014620000000006 1.5969500000000005 4.799870000000002
vertex -14.942860000000005 1.3074900000000005 4.799870000000002
vertex -14.951470000000006 1.1156100000000004 4.799870000000002
endloop
endfacet
facet normal 0 0 1
outer loop
vertex -14.014620000000006 1.5969500000000005 4.799870000000002
vertex -14.951470000000006 1.1156100000000004 4.799870000000002
vertex -12.751410000000005 1.1156100000000004 4.799870000000002
endloop
endfacet
facet normal 0 0 1
outer loop
vertex -14.014620000000006 1.5969500000000005 4.799870000000002
vertex -12.751410000000005 1.1156100000000004 4.799870000000002
vertex -12.605450000000005 2.222610000000001 4.799870000000002
endloop
endfacet
facet normal 0 0 1
outer loop
vertex -14.014620000000006 1.5969500000000005 4.799870000000002
vertex -12.605450000000005 2.222610000000001 4.799870000000002
vertex -14.822320000000005 2.222610000000001 4.799870000000002
endloop
endfacet
facet normal 0 0 1
outer loop
vertex 12.751410000000005 1.1156100000000004 4.799870000000002
vertex 12.800200000000006 0 4.799870000000002
vertex 14.999850000000006 0 4.799870000000002
endloop
endfacet
facet normal 0 0 1
outer loop
vertex 12.751410000000005 1.1156100000000004 4.799870000000002
vertex 14.999850000000006 0 4.799870000000002
vertex 14.951470000000006 1.1156100000000004 4.799870000000002
endloop
endfacet
facet normal 0 0 1
outer loop
vertex -14.951470000000006 1.1156100000000004 4.799870000000002
vertex -14.999850000000006 0 4.799870000000002
vertex -12.800200000000006 0 4.799870000000002
endloop
endfacet
facet normal 0 0 1
outer loop
vertex -14.951470000000006 1.1156100000000004 4.799870000000002
vertex -12.800200000000006 0 4.799870000000002
vertex -12.751410000000005 1.1156100000000004 4.799870000000002
endloop
endfacet
facet normal 0 0 1
outer loop
vertex 12.800200000000006 0 4.799870000000002
vertex 12.751410000000005 -1.1156100000000004 4.799870000000002
vertex 14.951470000000006 -1.1156100000000004 4.799870000000002
endloop
endfacet
facet normal 0 0 1
outer loop
vertex 12.800200000000006 0 4.799870000000002
vertex 14.951470000000006 -1.1156100000000004 4.799870000000002
vertex 14.999850000000006 0 4.799870000000002
endloop
endfacet
facet normal 0 0 1
outer loop
vertex -14.999850000000006 0 4.799870000000002
vertex -14.951470000000006 -1.1156100000000004 4.799870000000002
vertex -12.751410000000005 -1.1156100000000004 4.799870000000002
endloop
endfacet
facet normal 0 0 1
outer loop
vertex -14.999850000000006 0 4.799870000000002
vertex -12.751410000000005 -1.1156100000000004 4.799870000000002
vertex -12.800200000000006 0 4.799870000000002
endloop
endfacet
facet normal 0 0 1
outer loop
vertex 14.014620000000006 -1.5969500000000005 4.799870000000002
vertex 12.751410000000005 -1.1156100000000004 4.799870000000002
vertex 12.605450000000005 -2.222610000000001 4.799870000000002
endloop
endfacet
facet normal 0 0 1
outer loop
vertex 14.014620000000006 -1.5969500000000005 4.799870000000002
vertex 12.605450000000005 -2.222610000000001 4.799870000000002
vertex 14.822320000000005 -2.222610000000001 4.799870000000002
endloop
endfacet
facet normal 0 0 1
outer loop
vertex 14.014620000000006 -1.5969500000000005 4.799870000000002
vertex 14.822320000000005 -2.222610000000001 4.799870000000002
vertex 14.942860000000005 -1.3074900000000005 4.799870000000002
endloop
endfacet
facet normal 0 0 1
outer loop
vertex 14.014620000000006 -1.5969500000000005 4.799870000000002
vertex 14.942860000000005 -1.3074900000000005 4.799870000000002
vertex 14.951470000000006 -1.1156100000000004 4.799870000000002
endloop
endfacet
facet normal 0 0 1
outer loop
vertex 14.014620000000006 -1.5969500000000005 4.799870000000002
vertex 14.951470000000006 -1.1156100000000004 4.799870000000002
vertex 12.751410000000005 -1.1156100000000004 4.799870000000002
endloop
endfacet
facet normal 0 0 1
outer loop
vertex -14.014620000000006 -1.5969500000000005 4.799870000000002
vertex -14.951470000000006 -1.1156100000000004 4.799870000000002
vertex -14.942860000000005 -1.3074900000000005 4.799870000000002
endloop
endfacet
facet normal 0 0 1
outer loop
vertex -14.014620000000006 -1.5969500000000005 4.799870000000002
vertex -14.942860000000005 -1.3074900000000005 4.799870000000002
vertex -14.822320000000005 -2.222610000000001 4.799870000000002
endloop
endfacet
facet normal 0 0 1
outer loop
vertex -14.014620000000006 -1.5969500000000005 4.799870000000002
vertex -14.822320000000005 -2.222610000000001 4.799870000000002
vertex -12.605450000000005 -2.222610000000001 4.799870000000002
endloop
endfacet
facet normal 0 0 1
outer loop
vertex -14.014620000000006 -1.5969500000000005 4.799870000000002
vertex -12.605450000000005 -2.222610000000001 4.799870000000002
vertex -12.751410000000005 -1.1156100000000004 4.799870000000002
endloop
endfacet
facet normal 0 0 1
outer loop
vertex -14.014620000000006 -1.5969500000000005 4.799870000000002
vertex -12.751410000000005 -1.1156100000000004 4.799870000000002
vertex -14.951470000000006 -1.1156100000000004 4.799870000000002
endloop
endfacet
facet normal 0 0 1
outer loop
vertex 13.835860000000006 -2.735110000000001 4.799870000000002
vertex 12.605450000000005 -2.222610000000001 4.799870000000002
vertex 12.363960000000004 -3.312800000000001 4.799870000000002
endloop
endfacet
facet normal 0 0 1
outer loop
vertex 13.835860000000006 -2.735110000000001 4.799870000000002
vertex 12.363960000000004 -3.312800000000001 4.799870000000002
vertex 14.615270000000006 -3.312800000000001 4.799870000000002
endloop
endfacet
facet normal 0 0 1
outer loop
vertex 13.835860000000006 -2.735110000000001 4.799870000000002
vertex 14.615270000000006 -3.312800000000001 4.799870000000002
vertex 14.772300000000005 -2.604730000000001 4.799870000000002
endloop
endfacet
facet normal 0 0 1
outer loop
vertex 13.835860000000006 -2.735110000000001 4.799870000000002
vertex 14.772300000000005 -2.604730000000001 4.799870000000002
vertex 14.822320000000005 -2.222610000000001 4.799870000000002
endloop
endfacet
facet normal 0 0 1
outer loop
vertex 13.835860000000006 -2.735110000000001 4.799870000000002
vertex 14.822320000000005 -2.222610000000001 4.799870000000002
vertex 12.605450000000005 -2.222610000000001 4.799870000000002
endloop
endfacet
facet normal 0 0 1
outer loop
vertex -13.835860000000006 -2.735110000000001 4.799870000000002
vertex -14.822320000000005 -2.222610000000001 4.799870000000002
vertex -14.772300000000005 -2.604730000000001 4.799870000000002
endloop
endfacet
facet normal 0 0 1
outer loop
vertex -13.835860000000006 -2.735110000000001 4.799870000000002
vertex -14.772300000000005 -2.604730000000001 4.799870000000002
vertex -14.615270000000006 -3.312800000000001 4.799870000000002
endloop
endfacet
facet normal 0 0 1
outer loop
vertex -13.835860000000006 -2.735110000000001 4.799870000000002
vertex -14.615270000000006 -3.312800000000001 4.799870000000002
vertex -12.363960000000004 -3.312800000000001 4.799870000000002
endloop
endfacet
facet normal 0 0 1
outer loop
vertex -13.835860000000006 -2.735110000000001 4.799870000000002
vertex -12.363960000000004 -3.312800000000001 4.799870000000002
vertex -12.605450000000005 -2.222610000000001 4.799870000000002
endloop
endfacet
facet normal 0 0 1
outer loop
vertex -13.835860000000006 -2.735110000000001 4.799870000000002
vertex -12.605450000000005 -2.222610000000001 4.799870000000002
vertex -14.822320000000005 -2.222610000000001 4.799870000000002
endloop
endfacet
facet normal 0 0 1
outer loop
vertex 13.565670000000004 -3.8527700000000014 4.799870000000002
vertex 12.363960000000004 -3.312800000000001 4.799870000000002
vertex 12.028170000000005 -4.377980000000002 4.799870000000002
endloop
endfacet
facet normal 0 0 1
outer loop
vertex 13.565670000000004 -3.8527700000000014 4.799870000000002
vertex 12.028170000000005 -4.377980000000002 4.799870000000002
vertex 14.332780000000005 -4.377980000000002 4.799870000000002
endloop
endfacet
facet normal 0 0 1
outer loop
vertex 13.565670000000004 -3.8527700000000014 4.799870000000002
vertex 14.332780000000005 -4.377980000000002 4.799870000000002
vertex 14.488990000000005 -3.8822900000000016 4.799870000000002
endloop
endfacet
facet normal 0 0 1
outer loop
vertex 13.565670000000004 -3.8527700000000014 4.799870000000002
vertex 14.488990000000005 -3.8822900000000016 4.799870000000002
vertex 14.615270000000006 -3.312800000000001 4.799870000000002
endloop
endfacet
facet normal 0 0 1
outer loop
vertex 13.565670000000004 -3.8527700000000014 4.799870000000002
vertex 14.615270000000006 -3.312800000000001 4.799870000000002
vertex 12.363960000000004 -3.312800000000001 4.799870000000002
endloop
endfacet
facet normal 0 0 1
outer loop
vertex -13.565670000000004 -3.8527700000000014 4.799870000000002
vertex -14.615270000000006 -3.312800000000001 4.799870000000002
vertex -14.488990000000005 -3.8822900000000016 4.799870000000002
endloop
endfacet
facet normal 0 0 1
outer loop
vertex -13.565670000000004 -3.8527700000000014 4.799870000000002
vertex -14.488990000000005 -3.8822900000000016 4.799870000000002
vertex -14.332780000000005 -4.377980000000002 4.799870000000002
endloop
endfacet
facet normal 0 0 1
outer loop
vertex -13.565670000000004 -3.8527700000000014 4.799870000000002
vertex -14.332780000000005 -4.377980000000002 4.799870000000002
vertex -12.028170000000005 -4.377980000000002 4.799870000000002
endloop
endfacet
facet normal 0 0 1
outer loop
vertex -13.565670000000004 -3.8527700000000014 4.799870000000002
vertex -12.028170000000005 -4.377980000000002 4.799870000000002
vertex -12.363960000000004 -3.312800000000001 4.799870000000002
endloop
endfacet
facet normal 0 0 1
outer loop
vertex -13.565670000000004 -3.8527700000000014 4.799870000000002
vertex -12.363960000000004 -3.312800000000001 4.799870000000002
vertex -14.615270000000006 -3.312800000000001 4.799870000000002
endloop
endfacet
facet normal 0 0 1
outer loop
vertex 13.207330000000004 -4.9409100000000015 4.799870000000002
vertex 12.028170000000005 -4.377980000000002 4.799870000000002
vertex 11.600540000000004 -5.4095400000000025 4.799870000000002
endloop
endfacet
facet normal 0 0 0.9999999999999999
outer loop
vertex 13.207330000000004 -4.9409100000000015 4.799870000000002
vertex 11.600540000000004 -5.4095400000000025 4.799870000000002
vertex 13.979770000000006 -5.4095400000000025 4.799870000000002
endloop
endfacet
facet normal 0 0 1
outer loop
vertex 13.207330000000004 -4.9409100000000015 4.799870000000002
vertex 13.979770000000006 -5.4095400000000025 4.799870000000002
vertex 14.095390000000005 -5.130330000000002 4.799870000000002
endloop
endfacet
facet normal 0 0 1
outer loop
vertex 13.207330000000004 -4.9409100000000015 4.799870000000002
vertex 14.095390000000005 -5.130330000000002 4.799870000000002
vertex 14.332780000000005 -4.377980000000002 4.799870000000002
endloop
endfacet
facet normal 0 0 1
outer loop
vertex 13.207330000000004 -4.9409100000000015 4.799870000000002
vertex 14.332780000000005 -4.377980000000002 4.799870000000002
vertex 12.028170000000005 -4.377980000000002 4.799870000000002
endloop
endfacet
facet normal 0 0 1
outer loop
vertex -13.207330000000004 -4.9409100000000015 4.799870000000002
vertex -14.332780000000005 -4.377980000000002 4.799870000000002
vertex -14.095390000000005 -5.130330000000002 4.799870000000002
endloop
endfacet
facet normal 0 0 1
outer loop
vertex -13.207330000000004 -4.9409100000000015 4.799870000000002
vertex -14.095390000000005 -5.130330000000002 4.799870000000002
vertex -13.979770000000006 -5.4095400000000025 4.799870000000002
endloop
endfacet
facet normal 0 0 0.9999999999999999
outer loop
vertex -13.207330000000004 -4.9409100000000015 4.799870000000002
vertex -13.979770000000006 -5.4095400000000025 4.799870000000002
vertex -11.600540000000004 -5.4095400000000025 4.799870000000002
endloop
endfacet
facet normal 0 0 1
outer loop
vertex -13.207330000000004 -4.9409100000000015 4.799870000000002
vertex -11.600540000000004 -5.4095400000000025 4.799870000000002
vertex -12.028170000000005 -4.377980000000002 4.799870000000002
endloop
endfacet
facet normal 0 0 1
outer loop
vertex -13.207330000000004 -4.9409100000000015 4.799870000000002
vertex -12.028170000000005 -4.377980000000002 4.799870000000002
vertex -14.332780000000005 -4.377980000000002 4.799870000000002
endloop
endfacet
facet normal 0 0 1
outer loop
vertex 12.764530000000004 -5.991740000000002 4.799870000000002
vertex 11.600540000000004 -5.4095400000000025 4.799870000000002
vertex 11.085170000000003 -6.400100000000003 4.799870000000002
endloop
endfacet
facet normal 0 0 1
outer loop
vertex 12.764530000000004 -5.991740000000002 4.799870000000002
vertex 11.085170000000003 -6.400100000000003 4.799870000000002
vertex 13.562800000000005 -6.400100000000003 4.799870000000002
endloop
endfacet
facet normal 0 0 0.9999999999999999
outer loop
vertex 12.764530000000004 -5.991740000000002 4.799870000000002
vertex 13.562800000000005 -6.400100000000003 4.799870000000002
vertex 13.594780000000005 -6.339420000000002 4.799870000000002
endloop
endfacet
facet normal 0 0 1
outer loop
vertex 12.764530000000004 -5.991740000000002 4.799870000000002
vertex 13.594780000000005 -6.339420000000002 4.799870000000002
vertex 13.979770000000006 -5.4095400000000025 4.799870000000002
endloop
endfacet
facet normal 0 0 0.9999999999999999
outer loop
vertex 12.764530000000004 -5.991740000000002 4.799870000000002
vertex 13.979770000000006 -5.4095400000000025 4.799870000000002
vertex 11.600540000000004 -5.4095400000000025 4.799870000000002
endloop
endfacet
facet normal 0 0 1
outer loop
vertex -12.764530000000004 -5.991740000000002 4.799870000000002
vertex -13.979770000000006 -5.4095400000000025 4.799870000000002
vertex -13.594780000000005 -6.339420000000002 4.799870000000002
endloop
endfacet
facet normal 0 0 0.9999999999999999
outer loop
vertex -12.764530000000004 -5.991740000000002 4.799870000000002
vertex -13.594780000000005 -6.339420000000002 4.799870000000002
vertex -13.562800000000005 -6.400100000000003 4.799870000000002
endloop
endfacet
facet normal 0 0 1
outer loop
vertex -12.764530000000004 -5.991740000000002 4.799870000000002
vertex -13.562800000000005 -6.400100000000003 4.799870000000002
vertex -11.085170000000003 -6.400100000000003 4.799870000000002
endloop
endfacet
facet normal 0 0 1
outer loop
vertex -12.764530000000004 -5.991740000000002 4.799870000000002
vertex -11.085170000000003 -6.400100000000003 4.799870000000002
vertex -11.600540000000004 -5.4095400000000025 4.799870000000002
endloop
endfacet
facet normal 0 0 0.9999999999999999
outer loop
vertex -12.764530000000004 -5.991740000000002 4.799870000000002
vertex -11.600540000000004 -5.4095400000000025 4.799870000000002
vertex -13.979770000000006 -5.4095400000000025 4.799870000000002
endloop
endfacet
facet normal 0 0 1
outer loop
vertex 11.085170000000003 -6.400100000000003 4.799870000000002
vertex 10.485340000000004 -7.341870000000003 4.799870000000002
vertex 13.072850000000004 -7.341870000000003 4.799870000000002
endloop
endfacet
facet normal 0 0 1
outer loop
vertex 11.085170000000003 -6.400100000000003 4.799870000000002
vertex 13.072850000000004 -7.341870000000003 4.799870000000002
vertex 13.562800000000005 -6.400100000000003 4.799870000000002
endloop
endfacet
facet normal 0 0 1
outer loop
vertex -13.562800000000005 -6.400100000000003 4.799870000000002
vertex -13.072850000000004 -7.341870000000003 4.799870000000002
vertex -10.485340000000004 -7.341870000000003 4.799870000000002
endloop
endfacet
facet normal 0 0 1
outer loop
vertex -13.562800000000005 -6.400100000000003 4.799870000000002
vertex -10.485340000000004 -7.341870000000003 4.799870000000002
vertex -11.085170000000003 -6.400100000000003 4.799870000000002
endloop
endfacet
facet normal 0 0 1
outer loop
vertex 11.776020000000004 -7.728090000000003 4.799870000000002
vertex 10.485340000000004 -7.341870000000003 4.799870000000002
vertex 9.805560000000003 -8.227880000000003 4.799870000000002
endloop
endfacet
facet normal 0 0 1
outer loop
vertex 11.776020000000004 -7.728090000000003 4.799870000000002
vertex 9.805560000000003 -8.227880000000003 4.799870000000002
vertex 12.526730000000004 -8.227880000000003 4.799870000000002
endloop
endfacet
facet normal 0 0 1
outer loop
vertex 11.776020000000004 -7.728090000000003 4.799870000000002
vertex 12.526730000000004 -8.227880000000003 4.799870000000002
vertex 12.990440000000005 -7.500130000000003 4.799870000000002
endloop
endfacet
facet normal 0 0 1
outer loop
vertex 11.776020000000004 -7.728090000000003 4.799870000000002
vertex 12.990440000000005 -7.500130000000003 4.799870000000002
vertex 13.072850000000004 -7.341870000000003 4.799870000000002
endloop
endfacet
facet normal 0 0 1
outer loop
vertex 11.776020000000004 -7.728090000000003 4.799870000000002
vertex 13.072850000000004 -7.341870000000003 4.799870000000002
vertex 10.485340000000004 -7.341870000000003 4.799870000000002
endloop
endfacet
facet normal 0 0 1
outer loop
vertex -11.776020000000004 -7.728090000000003 4.799870000000002
vertex -13.072850000000004 -7.341870000000003 4.799870000000002
vertex -12.990440000000005 -7.500130000000003 4.799870000000002
endloop
endfacet
facet normal 0 0 1
outer loop
vertex -11.776020000000004 -7.728090000000003 4.799870000000002
vertex -12.990440000000005 -7.500130000000003 4.799870000000002
vertex -12.526730000000004 -8.227880000000003 4.799870000000002
endloop
endfacet
facet normal 0 0 1
outer loop
vertex -11.776020000000004 -7.728090000000003 4.799870000000002
vertex -12.526730000000004 -8.227880000000003 4.799870000000002
vertex -9.805560000000003 -8.227880000000003 4.799870000000002
endloop
endfacet
facet normal 0 0 1
outer loop
vertex -11.776020000000004 -7.728090000000003 4.799870000000002
vertex -9.805560000000003 -8.227880000000003 4.799870000000002
vertex -10.485340000000004 -7.341870000000003 4.799870000000002
endloop
endfacet
facet normal 0 0 1
outer loop
vertex -11.776020000000004 -7.728090000000003 4.799870000000002
vertex -10.485340000000004 -7.341870000000003 4.799870000000002
vertex -13.072850000000004 -7.341870000000003 4.799870000000002
endloop
endfacet
facet normal 0 0 0.9999999999999999
outer loop
vertex 11.122890000000003 -8.632550000000004 4.799870000000002
vertex 9.805560000000003 -8.227880000000003 4.799870000000002
vertex 9.051160000000003 -9.051160000000003 4.799870000000002
endloop
endfacet
facet normal 0 0 1
outer loop
vertex 11.122890000000003 -8.632550000000004 4.799870000000002
vertex 9.051160000000003 -9.051160000000003 4.799870000000002
vertex 11.944120000000005 -9.051160000000003 4.799870000000002
endloop
endfacet
facet normal 0 0 1
outer loop
vertex 11.122890000000003 -8.632550000000004 4.799870000000002
vertex 11.944120000000005 -9.051160000000003 4.799870000000002
vertex 12.287290000000004 -8.603850000000003 4.799870000000002
endloop
endfacet
facet normal 0 0 1
outer loop
vertex 11.122890000000003 -8.632550000000004 4.799870000000002
vertex 12.287290000000004 -8.603850000000003 4.799870000000002
vertex 12.526730000000004 -8.227880000000003 4.799870000000002
endloop
endfacet
facet normal 0 0 1
outer loop
vertex 11.122890000000003 -8.632550000000004 4.799870000000002
vertex 12.526730000000004 -8.227880000000003 4.799870000000002
vertex 9.805560000000003 -8.227880000000003 4.799870000000002
endloop
endfacet
facet normal 0 0 1
outer loop
vertex -11.122890000000003 -8.632550000000004 4.799870000000002
vertex -12.526730000000004 -8.227880000000003 4.799870000000002
vertex -12.287290000000004 -8.603850000000003 4.799870000000002
endloop
endfacet
facet normal 0 0 1
outer loop
vertex -11.122890000000003 -8.632550000000004 4.799870000000002
vertex -12.287290000000004 -8.603850000000003 4.799870000000002
vertex -11.944120000000005 -9.051160000000003 4.799870000000002
endloop
endfacet
facet normal 0 0 1
outer loop
vertex -11.122890000000003 -8.632550000000004 4.799870000000002
vertex -11.944120000000005 -9.051160000000003 4.799870000000002
vertex -9.051160000000003 -9.051160000000003 4.799870000000002
endloop
endfacet
facet normal 0 0 0.9999999999999999
outer loop
vertex -11.122890000000003 -8.632550000000004 4.799870000000002
vertex -9.051160000000003 -9.051160000000003 4.799870000000002
vertex -9.805560000000003 -8.227880000000003 4.799870000000002
endloop
endfacet
facet normal 0 0 1
outer loop
vertex -11.122890000000003 -8.632550000000004 4.799870000000002
vertex -9.805560000000003 -8.227880000000003 4.799870000000002
vertex -12.526730000000004 -8.227880000000003 4.799870000000002
endloop
endfacet
facet normal 0 0 1
outer loop
vertex 10.410720000000003 -9.471000000000004 4.799870000000002
vertex 9.051160000000003 -9.051160000000003 4.799870000000002
vertex 8.227880000000003 -9.805560000000003 4.799870000000002
endloop
endfacet
facet normal 0 0 1
outer loop
vertex 10.410720000000003 -9.471000000000004 4.799870000000002
vertex 8.227880000000003 -9.805560000000003 4.799870000000002
vertex 11.340600000000004 -9.805560000000003 4.799870000000002
endloop
endfacet
facet normal 0 0 1
outer loop
vertex 10.410720000000003 -9.471000000000004 4.799870000000002
vertex 11.340600000000004 -9.805560000000003 4.799870000000002
vertex 11.490660000000004 -9.641970000000004 4.799870000000002
endloop
endfacet
facet normal 0 0 0.9999999999999999
outer loop
vertex 10.410720000000003 -9.471000000000004 4.799870000000002
vertex 11.490660000000004 -9.641970000000004 4.799870000000002
vertex 11.944120000000005 -9.051160000000003 4.799870000000002
endloop
endfacet
facet normal 0 0 1
outer loop
vertex 10.410720000000003 -9.471000000000004 4.799870000000002
vertex 11.944120000000005 -9.051160000000003 4.799870000000002
vertex 9.051160000000003 -9.051160000000003 4.799870000000002
endloop
endfacet
facet normal 0 0 0.9999999999999999
outer loop
vertex -10.410720000000003 -9.471000000000004 4.799870000000002
vertex -11.944120000000005 -9.051160000000003 4.799870000000002
vertex -11.490660000000004 -9.641970000000004 4.799870000000002
endloop
endfacet
facet normal 0 0 1
outer loop
vertex -10.410720000000003 -9.471000000000004 4.799870000000002
vertex -11.490660000000004 -9.641970000000004 4.799870000000002
vertex -11.340600000000004 -9.805560000000003 4.799870000000002
endloop
endfacet
facet normal 0 0 1
outer loop
vertex -10.410720000000003 -9.471000000000004 4.799870000000002
vertex -11.340600000000004 -9.805560000000003 4.799870000000002
vertex -8.227880000000003 -9.805560000000003 4.799870000000002
endloop
endfacet
facet normal 0 0 1
outer loop
vertex -10.410720000000003 -9.471000000000004 4.799870000000002
vertex -8.227880000000003 -9.805560000000003 4.799870000000002
vertex -9.051160000000003 -9.051160000000003 4.799870000000002
endloop
endfacet
facet normal 0 0 1
outer loop
vertex -10.410720000000003 -9.471000000000004 4.799870000000002
vertex -9.051160000000003 -9.051160000000003 4.799870000000002
vertex -11.944120000000005 -9.051160000000003 4.799870000000002
endloop
endfacet
facet normal 0 0 1
outer loop
vertex 8.227880000000003 -9.805560000000003 4.799870000000002
vertex 7.341870000000003 -10.485340000000004 4.799870000000002
vertex 10.717810000000004 -10.485340000000004 4.799870000000002
endloop
endfacet
facet normal 0 0 1
outer loop
vertex 8.227880000000003 -9.805560000000003 4.799870000000002
vertex 10.717810000000004 -10.485340000000004 4.799870000000002
vertex 11.340600000000004 -9.805560000000003 4.799870000000002
endloop
endfacet
facet normal 0 0 1
outer loop
vertex -11.340600000000004 -9.805560000000003 4.799870000000002
vertex -10.717810000000004 -10.485340000000004 4.799870000000002
vertex -7.341870000000003 -10.485340000000004 4.799870000000002
endloop
endfacet
facet normal 0 0 1
outer loop
vertex -11.340600000000004 -9.805560000000003 4.799870000000002
vertex -7.341870000000003 -10.485340000000004 4.799870000000002
vertex -8.227880000000003 -9.805560000000003 4.799870000000002
endloop
endfacet
facet normal 0 0 1
outer loop
vertex 9.030250000000004 -10.749380000000004 4.799870000000002
vertex 7.341870000000003 -10.485340000000004 4.799870000000002
vertex 6.400100000000003 -11.085170000000003 4.799870000000002
endloop
endfacet
facet normal 0 0 1
outer loop
vertex 9.030250000000004 -10.749380000000004 4.799870000000002
vertex 6.400100000000003 -11.085170000000003 4.799870000000002
vertex 10.084360000000004 -11.085170000000003 4.799870000000002
endloop
endfacet
facet normal 0 0 1
outer loop
vertex 9.030250000000004 -10.749380000000004 4.799870000000002
vertex 10.084360000000004 -11.085170000000003 4.799870000000002
vertex 10.606700000000004 -10.606700000000004 4.799870000000002
endloop
endfacet
facet normal 0 0 1
outer loop
vertex 9.030250000000004 -10.749380000000004 4.799870000000002
vertex 10.606700000000004 -10.606700000000004 4.799870000000002
vertex 10.717810000000004 -10.485340000000004 4.799870000000002
endloop
endfacet
facet normal 0 0 1
outer loop
vertex 9.030250000000004 -10.749380000000004 4.799870000000002
vertex 10.717810000000004 -10.485340000000004 4.799870000000002
vertex 7.341870000000003 -10.485340000000004 4.799870000000002
endloop
endfacet
facet normal 0 0 1
outer loop
vertex -9.030250000000004 -10.749380000000004 4.799870000000002
vertex -10.717810000000004 -10.485340000000004 4.799870000000002
vertex -10.606700000000004 -10.606700000000004 4.799870000000002
endloop
endfacet
facet normal 0 0 1
outer loop
vertex -9.030250000000004 -10.749380000000004 4.799870000000002
vertex -10.606700000000004 -10.606700000000004 4.799870000000002
vertex -10.084360000000004 -11.085170000000003 4.799870000000002
endloop
endfacet
facet normal 0 0 1
outer loop
vertex -9.030250000000004 -10.749380000000004 4.799870000000002
vertex -10.084360000000004 -11.085170000000003 4.799870000000002
vertex -6.400100000000003 -11.085170000000003 4.799870000000002
endloop
endfacet
facet normal 0 0 1
outer loop
vertex -9.030250000000004 -10.749380000000004 4.799870000000002
vertex -6.400100000000003 -11.085170000000003 4.799870000000002
vertex -7.341870000000003 -10.485340000000004 4.799870000000002
endloop
endfacet
facet normal 0 0 1
outer loop
vertex -9.030250000000004 -10.749380000000004 4.799870000000002
vertex -7.341870000000003 -10.485340000000004 4.799870000000002
vertex -10.717810000000004 -10.485340000000004 4.799870000000002
endloop
endfacet
facet normal 0 0 1
outer loop
vertex 8.206970000000004 -11.372580000000005 4.799870000000002
vertex 6.400100000000003 -11.085170000000003 4.799870000000002
vertex 5.4095400000000025 -11.600540000000004 4.799870000000002
endloop
endfacet
facet normal 0 0 1
outer loop
vertex 8.206970000000004 -11.372580000000005 4.799870000000002
vertex 5.4095400000000025 -11.600540000000004 4.799870000000002
vertex 9.498470000000003 -11.600540000000004 4.799870000000002
endloop
endfacet
facet normal 0 0 1
outer loop
vertex 8.206970000000004 -11.372580000000005 4.799870000000002
vertex 9.498470000000003 -11.600540000000004 4.799870000000002
vertex 9.641970000000004 -11.490660000000004 4.799870000000002
endloop
endfacet
facet normal 0 0 1
outer loop
vertex 8.206970000000004 -11.372580000000005 4.799870000000002
vertex 9.641970000000004 -11.490660000000004 4.799870000000002
vertex 10.084360000000004 -11.085170000000003 4.799870000000002
endloop
endfacet
facet normal 0 0 1
outer loop
vertex 8.206970000000004 -11.372580000000005 4.799870000000002
vertex 10.084360000000004 -11.085170000000003 4.799870000000002
vertex 6.400100000000003 -11.085170000000003 4.799870000000002
endloop
endfacet
facet normal 0 0 1
outer loop
vertex -8.206970000000004 -11.372580000000005 4.799870000000002
vertex -10.084360000000004 -11.085170000000003 4.799870000000002
vertex -9.641970000000004 -11.490660000000004 4.799870000000002
endloop
endfacet
facet normal 0 0 1
outer loop
vertex -8.206970000000004 -11.372580000000005 4.799870000000002
vertex -9.641970000000004 -11.490660000000004 4.799870000000002
vertex -9.498470000000003 -11.600540000000004 4.799870000000002
endloop
endfacet
facet normal 0 0 1
outer loop
vertex -8.206970000000004 -11.372580000000005 4.799870000000002
vertex -9.498470000000003 -11.600540000000004 4.799870000000002
vertex -5.4095400000000025 -11.600540000000004 4.799870000000002
endloop
endfacet
facet normal 0 0 1
outer loop
vertex -8.206970000000004 -11.372580000000005 4.799870000000002
vertex -5.4095400000000025 -11.600540000000004 4.799870000000002
vertex -6.400100000000003 -11.085170000000003 4.799870000000002
endloop
endfacet
facet normal 0 0 1
outer loop
vertex -8.206970000000004 -11.372580000000005 4.799870000000002
vertex -6.400100000000003 -11.085170000000003 4.799870000000002
vertex -10.084360000000004 -11.085170000000003 4.799870000000002
endloop
endfacet
facet normal 0 0 1
outer loop
vertex 5.4095400000000025 -11.600540000000004 4.799870000000002
vertex 4.377980000000002 -12.028170000000005 4.799870000000002
vertex 8.941280000000003 -12.028170000000005 4.799870000000002
endloop
endfacet
facet normal 0 0 0.9999999999999999
outer loop
vertex 5.4095400000000025 -11.600540000000004 4.799870000000002
vertex 8.941280000000003 -12.028170000000005 4.799870000000002
vertex 9.498470000000003 -11.600540000000004 4.799870000000002
endloop
endfacet
facet normal 0 0 1
outer loop
vertex -9.498470000000003 -11.600540000000004 4.799870000000002
vertex -8.941280000000003 -12.028170000000005 4.799870000000002
vertex -4.377980000000002 -12.028170000000005 4.799870000000002
endloop
endfacet
facet normal 0 0 0.9999999999999999
outer loop
vertex -9.498470000000003 -11.600540000000004 4.799870000000002
vertex -4.377980000000002 -12.028170000000005 4.799870000000002
vertex -5.4095400000000025 -11.600540000000004 4.799870000000002
endloop
endfacet
facet normal 0 0 0.9999999999999999
outer loop
vertex 6.743680000000002 -12.214310000000005 4.799870000000002
vertex 4.377980000000002 -12.028170000000005 4.799870000000002
vertex 3.312800000000001 -12.363960000000004 4.799870000000002
endloop
endfacet
facet normal 0 0 0.9999999999999999
outer loop
vertex 6.743680000000002 -12.214310000000005 4.799870000000002
vertex 3.312800000000001 -12.363960000000004 4.799870000000002
vertex 8.483310000000003 -12.363960000000004 4.799870000000002
endloop
endfacet
facet normal 0 0 1
outer loop
vertex 6.743680000000002 -12.214310000000005 4.799870000000002
vertex 8.483310000000003 -12.363960000000004 4.799870000000002
vertex 8.603850000000003 -12.287290000000004 4.799870000000002
endloop
endfacet
facet normal 0 0 1
outer loop
vertex 6.743680000000002 -12.214310000000005 4.799870000000002
vertex 8.603850000000003 -12.287290000000004 4.799870000000002
vertex 8.941280000000003 -12.028170000000005 4.799870000000002
endloop
endfacet
facet normal 0 0 0.9999999999999999
outer loop
vertex 6.743680000000002 -12.214310000000005 4.799870000000002
vertex 8.941280000000003 -12.028170000000005 4.799870000000002
vertex 4.377980000000002 -12.028170000000005 4.799870000000002
endloop
endfacet
facet normal 0 0 1
outer loop
vertex -6.743680000000002 -12.214310000000005 4.799870000000002
vertex -8.941280000000003 -12.028170000000005 4.799870000000002
vertex -8.603850000000003 -12.287290000000004 4.799870000000002
endloop
endfacet
facet normal 0 0 1
outer loop
vertex -6.743680000000002 -12.214310000000005 4.799870000000002
vertex -8.603850000000003 -12.287290000000004 4.799870000000002
vertex -8.483310000000003 -12.363960000000004 4.799870000000002
endloop
endfacet
facet normal 0 0 0.9999999999999999
outer loop
vertex -6.743680000000002 -12.214310000000005 4.799870000000002
vertex -8.483310000000003 -12.363960000000004 4.799870000000002
vertex -3.312800000000001 -12.363960000000004 4.799870000000002
endloop
endfacet
facet normal 0 0 0.9999999999999999
outer loop
vertex -6.743680000000002 -12.214310000000005 4.799870000000002
vertex -3.312800000000001 -12.363960000000004 4.799870000000002
vertex -4.377980000000002 -12.028170000000005 4.799870000000002
endloop
endfacet
facet normal 0 0 0.9999999999999999
outer loop
vertex -6.743680000000002 -12.214310000000005 4.799870000000002
vertex -4.377980000000002 -12.028170000000005 4.799870000000002
vertex -8.941280000000003 -12.028170000000005 4.799870000000002
endloop
endfacet
facet normal 0 0 1
outer loop
vertex 3.312800000000001 -12.363960000000004 4.799870000000002
vertex 2.222610000000001 -12.605450000000005 4.799870000000002
vertex 8.104060000000002 -12.605450000000005 4.799870000000002
endloop
endfacet
facet normal 0 0 1
outer loop
vertex 3.312800000000001 -12.363960000000004 4.799870000000002
vertex 8.104060000000002 -12.605450000000005 4.799870000000002
vertex 8.483310000000003 -12.363960000000004 4.799870000000002
endloop
endfacet
facet normal 0 0 1
outer loop
vertex -8.483310000000003 -12.363960000000004 4.799870000000002
vertex -8.104060000000002 -12.605450000000005 4.799870000000002
vertex -2.222610000000001 -12.605450000000005 4.799870000000002
endloop
endfacet
facet normal 0 0 1
outer loop
vertex -8.483310000000003 -12.363960000000004 4.799870000000002
vertex -2.222610000000001 -12.605450000000005 4.799870000000002
vertex -3.312800000000001 -12.363960000000004 4.799870000000002
endloop
endfacet
facet normal 0 0 0.9999999999999999
outer loop
vertex 2.222610000000001 -12.605450000000005 4.799870000000002
vertex 1.1156100000000004 -12.751410000000005 4.799870000000002
vertex 7.875280000000003 -12.751410000000005 4.799870000000002
endloop
endfacet
facet normal 0 0 1
outer loop
vertex 2.222610000000001 -12.605450000000005 4.799870000000002
vertex 7.875280000000003 -12.751410000000005 4.799870000000002
vertex 8.104060000000002 -12.605450000000005 4.799870000000002
endloop
endfacet
facet normal 0 0 1
outer loop
vertex -8.104060000000002 -12.605450000000005 4.799870000000002
vertex -7.875280000000003 -12.751410000000005 4.799870000000002
vertex -1.1156100000000004 -12.751410000000005 4.799870000000002
endloop
endfacet
facet normal 0 0 1
outer loop
vertex -8.104060000000002 -12.605450000000005 4.799870000000002
vertex -1.1156100000000004 -12.751410000000005 4.799870000000002
vertex -2.222610000000001 -12.605450000000005 4.799870000000002
endloop
endfacet
facet normal 0 0 1
outer loop
vertex 1.1156100000000004 -12.751410000000005 4.799870000000002
vertex 0 -12.800200000000006 4.799870000000002
vertex 7.799020000000003 -12.800200000000006 4.799870000000002
endloop
endfacet
facet normal 0 0 1
outer loop
vertex 1.1156100000000004 -12.751410000000005 4.799870000000002
vertex 7.799020000000003 -12.800200000000006 4.799870000000002
vertex 7.875280000000003 -12.751410000000005 4.799870000000002
endloop
endfacet
facet normal 0 0 1
outer loop
vertex -7.875280000000003 -12.751410000000005 4.799870000000002
vertex -7.799020000000003 -12.800200000000006 4.799870000000002
vertex 0 -12.800200000000006 4.799870000000002
endloop
endfacet
facet normal 0 0 1
outer loop
vertex -7.875280000000003 -12.751410000000005 4.799870000000002
vertex 0 -12.800200000000006 4.799870000000002
vertex -1.1156100000000004 -12.751410000000005 4.799870000000002
endloop
endfacet
facet normal 0 0 1
outer loop
vertex 0 -13.948200000000005 4.799870000000002
vertex 0 -12.800200000000006 4.799870000000002
vertex -7.799020000000003 -12.800200000000006 4.799870000000002
endloop
endfacet
facet normal 0 0 1
outer loop
vertex 0 -13.948200000000005 4.799870000000002
vertex -7.799020000000003 -12.800200000000006 4.799870000000002
vertex -7.500130000000003 -12.990440000000005 4.799870000000002
endloop
endfacet
facet normal 0 0 0.9999999999999999
outer loop
vertex 0 -13.948200000000005 4.799870000000002
vertex -7.500130000000003 -12.990440000000005 4.799870000000002
vertex -6.339420000000002 -13.594780000000005 4.799870000000002
endloop
endfacet
facet normal 0 0 1
outer loop
vertex 0 -13.948200000000005 4.799870000000002
vertex -6.339420000000002 -13.594780000000005 4.799870000000002
vertex -5.130330000000002 -14.095390000000005 4.799870000000002
endloop
endfacet
facet normal 0 0 1
outer loop
vertex 0 -13.948200000000005 4.799870000000002
vertex -5.130330000000002 -14.095390000000005 4.799870000000002
vertex -3.8822900000000016 -14.488990000000005 4.799870000000002
endloop
endfacet
facet normal 0 0 1
outer loop
vertex 0 -13.948200000000005 4.799870000000002
vertex -3.8822900000000016 -14.488990000000005 4.799870000000002
vertex -2.604730000000001 -14.772300000000005 4.799870000000002
endloop
endfacet
facet normal 0 0 1
outer loop
vertex 0 -13.948200000000005 4.799870000000002
vertex -2.604730000000001 -14.772300000000005 4.799870000000002
vertex -1.3074900000000005 -14.942860000000005 4.799870000000002
endloop
endfacet
facet normal 0 0 1
outer loop
vertex 0 -13.948200000000005 4.799870000000002
vertex -1.3074900000000005 -14.942860000000005 4.799870000000002
vertex 0 -14.999850000000006 4.799870000000002
endloop
endfacet
facet normal 0 0 1
outer loop
vertex 0 -13.948200000000005 4.799870000000002
vertex 0 -14.999850000000006 4.799870000000002
vertex 1.3074900000000005 -14.942860000000005 4.799870000000002
endloop
endfacet
facet normal 0 0 1
outer loop
vertex 0 -13.948200000000005 4.799870000000002
vertex 1.3074900000000005 -14.942860000000005 4.799870000000002
vertex 2.604730000000001 -14.772300000000005 4.799870000000002
endloop
endfacet
facet normal 0 0 1
outer loop
vertex 0 -13.948200000000005 4.799870000000002
vertex 2.604730000000001 -14.772300000000005 4.799870000000002
vertex 3.8822900000000016 -14.488990000000005 4.799870000000002
endloop
endfacet
facet normal 0 0 1
outer loop
vertex 0 -13.948200000000005 4.799870000000002
vertex 3.8822900000000016 -14.488990000000005 4.799870000000002
vertex 5.130330000000002 -14.095390000000005 4.799870000000002
endloop
endfacet
facet normal 0 0 1
outer loop
vertex 0 -13.948200000000005 4.799870000000002
vertex 5.130330000000002 -14.095390000000005 4.799870000000002
vertex 6.339420000000002 -13.594780000000005 4.799870000000002
endloop
endfacet
facet normal 0 0 0.9999999999999999
outer loop
vertex 0 -13.948200000000005 4.799870000000002
vertex 6.339420000000002 -13.594780000000005 4.799870000000002
vertex 7.500130000000003 -12.990440000000005 4.799870000000002
endloop
endfacet
facet normal 0 0 1
outer loop
vertex 0 -13.948200000000005 4.799870000000002
vertex 7.500130000000003 -12.990440000000005 4.799870000000002
vertex 7.799020000000003 -12.800200000000006 4.799870000000002
endloop
endfacet
facet normal 0 0 1
outer loop
vertex 0 -13.948200000000005 4.799870000000002
vertex 7.799020000000003 -12.800200000000006 4.799870000000002
vertex 0 -12.800200000000006 4.799870000000002
endloop
endfacet
endsolid JSCAD
