solid JSCAD
facet normal 0 0 1
outer loop
vertex 21.500182000000006 21.500182000000006 10.100112000000003
vertex 21.239702000000005 22.977185000000006 10.100112000000003
vertex 20.986955000000005 22.909623000000003 10.100112000000003
endloop
endfacet
facet normal 0 0 1
outer loop
vertex 21.500182000000006 21.500182000000006 10.100112000000003
vertex 20.986955000000005 22.909623000000003 10.100112000000003
vertex 20.750081000000005 22.798919000000005 10.100112000000003
endloop
endfacet
facet normal 0 0 1
outer loop
vertex 21.500182000000006 21.500182000000006 10.100112000000003
vertex 20.750081000000005 22.798919000000005 10.100112000000003
vertex 20.535999000000004 22.649143000000006 10.100112000000003
endloop
endfacet
facet normal 0 0 0.9999999999999999
outer loop
vertex 21.500182000000006 21.500182000000006 10.100112000000003
vertex 20.535999000000004 22.649143000000006 10.100112000000003
vertex 20.350814000000003 22.464365000000004 10.100112000000003
endloop
endfacet
facet normal 0 0 1
outer loop
vertex 21.500182000000006 21.500182000000006 10.100112000000003
vertex 20.350814000000003 22.464365000000004 10.100112000000003
vertex 20.201038000000004 22.249876000000004 10.100112000000003
endloop
endfacet
facet normal 0 0 0.9999999999999999
outer loop
vertex 21.500182000000006 21.500182000000006 10.100112000000003
vertex 20.201038000000004 22.249876000000004 10.100112000000003
vertex 20.090334000000006 22.013002000000004 10.100112000000003
endloop
endfacet
facet normal 0 0 1
outer loop
vertex 21.500182000000006 21.500182000000006 10.100112000000003
vertex 20.090334000000006 22.013002000000004 10.100112000000003
vertex 20.022772000000003 21.760662000000004 10.100112000000003
endloop
endfacet
facet normal 0 0 0.9999999999999999
outer loop
vertex 21.500182000000006 21.500182000000006 10.100112000000003
vertex 20.022772000000003 21.760662000000004 10.100112000000003
vertex 19.999980000000004 21.500182000000006 10.100112000000003
endloop
endfacet
facet normal 0 0 1
outer loop
vertex 21.500182000000006 21.500182000000006 10.100112000000003
vertex 19.999980000000004 21.500182000000006 10.100112000000003
vertex 20.022772000000003 21.239702000000005 10.100112000000003
endloop
endfacet
facet normal 0 0 1
outer loop
vertex 21.500182000000006 21.500182000000006 10.100112000000003
vertex 20.022772000000003 21.239702000000005 10.100112000000003
vertex 20.090334000000006 20.986955000000005 10.100112000000003
endloop
endfacet
facet normal 0 0 1
outer loop
vertex 21.500182000000006 21.500182000000006 10.100112000000003
vertex 20.090334000000006 20.986955000000005 10.100112000000003
vertex 20.201038000000004 20.750081000000005 10.100112000000003
endloop
endfacet
facet normal 0 0 1
outer loop
vertex 21.500182000000006 21.500182000000006 10.100112000000003
vertex 20.201038000000004 20.750081000000005 10.100112000000003
vertex 20.350814000000003 20.535999000000004 10.100112000000003
endloop
endfacet
facet normal 0 0 1
outer loop
vertex 21.500182000000006 21.500182000000006 10.100112000000003
vertex 20.350814000000003 20.535999000000004 10.100112000000003
vertex 20.535999000000004 20.350814000000003 10.100112000000003
endloop
endfacet
facet normal 0 0 1
outer loop
vertex 21.500182000000006 21.500182000000006 10.100112000000003
vertex 20.535999000000004 20.350814000000003 10.100112000000003
vertex 20.750081000000005 20.201038000000004 10.100112000000003
endloop
endfacet
facet normal 0 0 1
outer loop
vertex 21.500182000000006 21.500182000000006 10.100112000000003
vertex 20.750081000000005 20.201038000000004 10.100112000000003
vertex 20.986955000000005 20.090334000000006 10.100112000000003
endloop
endfacet
facet normal 0 0 1
outer loop
vertex 21.500182000000006 21.500182000000006 10.100112000000003
vertex 20.986955000000005 20.090334000000006 10.100112000000003
vertex 21.239702000000005 20.022772000000003 10.100112000000003
endloop
endfacet
facet normal 0 0 1
outer loop
vertex 21.500182000000006 21.500182000000006 10.100112000000003
vertex 21.239702000000005 20.022772000000003 10.100112000000003
vertex 21.500182000000006 19.999980000000004 10.100112000000003
endloop
endfacet
facet normal 0 0 0.9999999999999999
outer loop
vertex 21.500182000000006 21.500182000000006 10.100112000000003
vertex 21.500182000000006 19.999980000000004 10.100112000000003
vertex 21.760662000000004 20.022772000000003 10.100112000000003
endloop
endfacet
facet normal 0 0 1
outer loop
vertex 21.500182000000006 21.500182000000006 10.100112000000003
vertex 21.760662000000004 20.022772000000003 10.100112000000003
vertex 22.013002000000004 20.090334000000006 10.100112000000003
endloop
endfacet
facet normal 0 0 0.9999999999999999
outer loop
vertex 21.500182000000006 21.500182000000006 10.100112000000003
vertex 22.013002000000004 20.090334000000006 10.100112000000003
vertex 22.249876000000004 20.201038000000004 10.100112000000003
endloop
endfacet
facet normal 0 0 1
outer loop
vertex 21.500182000000006 21.500182000000006 10.100112000000003
vertex 22.249876000000004 20.201038000000004 10.100112000000003
vertex 22.464365000000004 20.350814000000003 10.100112000000003
endloop
endfacet
facet normal 0 0 0.9999999999999999
outer loop
vertex 21.500182000000006 21.500182000000006 10.100112000000003
vertex 22.464365000000004 20.350814000000003 10.100112000000003
vertex 22.649143000000006 20.535999000000004 10.100112000000003
endloop
endfacet
facet normal 0 0 1
outer loop
vertex 21.500182000000006 21.500182000000006 10.100112000000003
vertex 22.649143000000006 20.535999000000004 10.100112000000003
vertex 22.798919000000005 20.750081000000005 10.100112000000003
endloop
endfacet
facet normal 0 0 1
outer loop
vertex 21.500182000000006 21.500182000000006 10.100112000000003
vertex 22.798919000000005 20.750081000000005 10.100112000000003
vertex 22.909623000000003 20.986955000000005 10.100112000000003
endloop
endfacet
facet normal 0 0 1
outer loop
vertex 21.500182000000006 21.500182000000006 10.100112000000003
vertex 22.909623000000003 20.986955000000005 10.100112000000003
vertex 22.977185000000006 21.239702000000005 10.100112000000003
endloop
endfacet
facet normal 0 0 1
outer loop
vertex 21.500182000000006 21.500182000000006 10.100112000000003
vertex 22.977185000000006 21.239702000000005 10.100112000000003
vertex 22.999977000000005 21.500182000000006 10.100112000000003
endloop
endfacet
facet normal 0 0 1
outer loop
vertex 21.500182000000006 21.500182000000006 10.100112000000003
vertex 22.999977000000005 21.500182000000006 10.100112000000003
vertex 22.977185000000006 21.760662000000004 10.100112000000003
endloop
endfacet
facet normal 0 0 1
outer loop
vertex 21.500182000000006 21.500182000000006 10.100112000000003
vertex 22.977185000000006 21.760662000000004 10.100112000000003
vertex 22.909623000000003 22.013002000000004 10.100112000000003
endloop
endfacet
facet normal 0 0 0.9999999999999999
outer loop
vertex 21.500182000000006 21.500182000000006 10.100112000000003
vertex 22.909623000000003 22.013002000000004 10.100112000000003
vertex 22.798919000000005 22.249876000000004 10.100112000000003
endloop
endfacet
facet normal 0 0 1
outer loop
vertex 21.500182000000006 21.500182000000006 10.100112000000003
vertex 22.798919000000005 22.249876000000004 10.100112000000003
vertex 22.649143000000006 22.464365000000004 10.100112000000003
endloop
endfacet
facet normal 0 0 1
outer loop
vertex 21.500182000000006 21.500182000000006 10.100112000000003
vertex 22.649143000000006 22.464365000000004 10.100112000000003
vertex 22.464365000000004 22.649143000000006 10.100112000000003
endloop
endfacet
facet normal 0 0 1
outer loop
vertex 21.500182000000006 21.500182000000006 10.100112000000003
vertex 22.464365000000004 22.649143000000006 10.100112000000003
vertex 22.249876000000004 22.798919000000005 10.100112000000003
endloop
endfacet
facet normal 0 0 0.9999999999999999
outer loop
vertex 21.500182000000006 21.500182000000006 10.100112000000003
vertex 22.249876000000004 22.798919000000005 10.100112000000003
vertex 22.013002000000004 22.909623000000003 10.100112000000003
endloop
endfacet
facet normal 0 0 1
outer loop
vertex 21.500182000000006 21.500182000000006 10.100112000000003
vertex 22.013002000000004 22.909623000000003 10.100112000000003
vertex 21.760662000000004 22.977185000000006 10.100112000000003
endloop
endfacet
facet normal 0 0 1
outer loop
vertex 21.500182000000006 21.500182000000006 10.100112000000003
vertex 21.760662000000004 22.977185000000006 10.100112000000003
vertex 21.500182000000006 22.999977000000005 10.100112000000003
endloop
endfacet
facet normal 0 0 1
outer loop
vertex 21.500182000000006 21.500182000000006 10.100112000000003
vertex 21.500182000000006 22.999977000000005 10.100112000000003
vertex 21.239702000000005 22.977185000000006 10.100112000000003
endloop
endfacet
facet normal 0 0 1
outer loop
vertex -21.500182000000006 21.500182000000006 10.100112000000003
vertex -21.760662000000004 22.977185000000006 10.100112000000003
vertex -22.013002000000004 22.909623000000003 10.100112000000003
endloop
endfacet
facet normal 0 0 0.9999999999999999
outer loop
vertex -21.500182000000006 21.500182000000006 10.100112000000003
vertex -22.013002000000004 22.909623000000003 10.100112000000003
vertex -22.249876000000004 22.798919000000005 10.100112000000003
endloop
endfacet
facet normal 0 0 1
outer loop
vertex -21.500182000000006 21.500182000000006 10.100112000000003
vertex -22.249876000000004 22.798919000000005 10.100112000000003
vertex -22.464365000000004 22.649143000000006 10.100112000000003
endloop
endfacet
facet normal 0 0 1
outer loop
vertex -21.500182000000006 21.500182000000006 10.100112000000003
vertex -22.464365000000004 22.649143000000006 10.100112000000003
vertex -22.649143000000006 22.464365000000004 10.100112000000003
endloop
endfacet
facet normal 0 0 1
outer loop
vertex -21.500182000000006 21.500182000000006 10.100112000000003
vertex -22.649143000000006 22.464365000000004 10.100112000000003
vertex -22.798919000000005 22.249876000000004 10.100112000000003
endloop
endfacet
facet normal 0 0 0.9999999999999999
outer loop
vertex -21.500182000000006 21.500182000000006 10.100112000000003
vertex -22.798919000000005 22.249876000000004 10.100112000000003
vertex -22.909623000000003 22.013002000000004 10.100112000000003
endloop
endfacet
facet normal 0 0 1
outer loop
vertex -21.500182000000006 21.500182000000006 10.100112000000003
vertex -22.909623000000003 22.013002000000004 10.100112000000003
vertex -22.977185000000006 21.760662000000004 10.100112000000003
endloop
endfacet
facet normal 0 0 1
outer loop
vertex -21.500182000000006 21.500182000000006 10.100112000000003
vertex -22.977185000000006 21.760662000000004 10.100112000000003
vertex -22.999977000000005 21.500182000000006 10.100112000000003
endloop
endfacet
facet normal 0 0 1
outer loop
vertex -21.500182000000006 21.500182000000006 10.100112000000003
vertex -22.999977000000005 21.500182000000006 10.100112000000003
vertex -22.977185000000006 21.239702000000005 10.100112000000003
endloop
endfacet
facet normal 0 0 1
outer loop
vertex -21.500182000000006 21.500182000000006 10.100112000000003
vertex -22.977185000000006 21.239702000000005 10.100112000000003
vertex -22.909623000000003 20.986955000000005 10.100112000000003
endloop
endfacet
facet normal 0 0 1
outer loop
vertex -21.500182000000006 21.500182000000006 10.100112000000003
vertex -22.909623000000003 20.986955000000005 10.100112000000003
vertex -22.798919000000005 20.750081000000005 10.100112000000003
endloop
endfacet
facet normal 0 0 1
outer loop
vertex -21.500182000000006 21.500182000000006 10.100112000000003
vertex -22.798919000000005 20.750081000000005 10.100112000000003
vertex -22.649143000000006 20.535999000000004 10.100112000000003
endloop
endfacet
facet normal 0 0 0.9999999999999999
outer loop
vertex -21.500182000000006 21.500182000000006 10.100112000000003
vertex -22.649143000000006 20.535999000000004 10.100112000000003
vertex -22.464365000000004 20.350814000000003 10.100112000000003
endloop
endfacet
facet normal 0 0 1
outer loop
vertex -21.500182000000006 21.500182000000006 10.100112000000003
vertex -22.464365000000004 20.350814000000003 10.100112000000003
vertex -22.249876000000004 20.201038000000004 10.100112000000003
endloop
endfacet
facet normal 0 0 0.9999999999999999
outer loop
vertex -21.500182000000006 21.500182000000006 10.100112000000003
vertex -22.249876000000004 20.201038000000004 10.100112000000003
vertex -22.013002000000004 20.090334000000006 10.100112000000003
endloop
endfacet
facet normal 0 0 1
outer loop
vertex -21.500182000000006 21.500182000000006 10.100112000000003
vertex -22.013002000000004 20.090334000000006 10.100112000000003
vertex -21.760662000000004 20.022772000000003 10.100112000000003
endloop
endfacet
facet normal 0 0 0.9999999999999999
outer loop
vertex -21.500182000000006 21.500182000000006 10.100112000000003
vertex -21.760662000000004 20.022772000000003 10.100112000000003
vertex -21.500182000000006 19.999980000000004 10.100112000000003
endloop
endfacet
facet normal 0 0 1
outer loop
vertex -21.500182000000006 21.500182000000006 10.100112000000003
vertex -21.500182000000006 19.999980000000004 10.100112000000003
vertex -21.239702000000005 20.022772000000003 10.100112000000003
endloop
endfacet
facet normal 0 0 1
outer loop
vertex -21.500182000000006 21.500182000000006 10.100112000000003
vertex -21.239702000000005 20.022772000000003 10.100112000000003
vertex -20.986955000000005 20.090334000000006 10.100112000000003
endloop
endfacet
facet normal 0 0 1
outer loop
vertex -21.500182000000006 21.500182000000006 10.100112000000003
vertex -20.986955000000005 20.090334000000006 10.100112000000003
vertex -20.750081000000005 20.201038000000004 10.100112000000003
endloop
endfacet
facet normal 0 0 1
outer loop
vertex -21.500182000000006 21.500182000000006 10.100112000000003
vertex -20.750081000000005 20.201038000000004 10.100112000000003
vertex -20.535999000000004 20.350814000000003 10.100112000000003
endloop
endfacet
facet normal 0 0 1
outer loop
vertex -21.500182000000006 21.500182000000006 10.100112000000003
vertex -20.535999000000004 20.350814000000003 10.100112000000003
vertex -20.350814000000003 20.535999000000004 10.100112000000003
endloop
endfacet
facet normal 0 0 1
outer loop
vertex -21.500182000000006 21.500182000000006 10.100112000000003
vertex -20.350814000000003 20.535999000000004 10.100112000000003
vertex -20.201038000000004 20.750081000000005 10.100112000000003
endloop
endfacet
facet normal 0 0 1
outer loop
vertex -21.500182000000006 21.500182000000006 10.100112000000003
vertex -20.201038000000004 20.750081000000005 10.100112000000003
vertex -20.090334000000006 20.986955000000005 10.100112000000003
endloop
endfacet
facet normal 0 0 1
outer loop
vertex -21.500182000000006 21.500182000000006 10.100112000000003
vertex -20.090334000000006 20.986955000000005 10.100112000000003
vertex -20.022772000000003 21.239702000000005 10.100112000000003
endloop
endfacet
facet normal 0 0 1
outer loop
vertex -21.500182000000006 21.500182000000006 10.100112000000003
vertex -20.022772000000003 21.239702000000005 10.100112000000003
vertex -19.999980000000004 21.500182000000006 10.100112000000003
endloop
endfacet
facet normal 0 0 0.9999999999999999
outer loop
vertex -21.500182000000006 21.500182000000006 10.100112000000003
vertex -19.999980000000004 21.500182000000006 10.100112000000003
vertex -20.022772000000003 21.760662000000004 10.100112000000003
endloop
endfacet
facet normal 0 0 1
outer loop
vertex -21.500182000000006 21.500182000000006 10.100112000000003
vertex -20.022772000000003 21.760662000000004 10.100112000000003
vertex -20.090334000000006 22.013002000000004 10.100112000000003
endloop
endfacet
facet normal 0 0 0.9999999999999999
outer loop
vertex -21.500182000000006 21.500182000000006 10.100112000000003
vertex -20.090334000000006 22.013002000000004 10.100112000000003
vertex -20.201038000000004 22.249876000000004 10.100112000000003
endloop
endfacet
facet normal 0 0 1
outer loop
vertex -21.500182000000006 21.500182000000006 10.100112000000003
vertex -20.201038000000004 22.249876000000004 10.100112000000003
vertex -20.350814000000003 22.464365000000004 10.100112000000003
endloop
endfacet
facet normal 0 0 0.9999999999999999
outer loop
vertex -21.500182000000006 21.500182000000006 10.100112000000003
vertex -20.350814000000003 22.464365000000004 10.100112000000003
vertex -20.535999000000004 22.649143000000006 10.100112000000003
endloop
endfacet
facet normal 0 0 1
outer loop
vertex -21.500182000000006 21.500182000000006 10.100112000000003
vertex -20.535999000000004 22.649143000000006 10.100112000000003
vertex -20.750081000000005 22.798919000000005 10.100112000000003
endloop
endfacet
facet normal 0 0 1
outer loop
vertex -21.500182000000006 21.500182000000006 10.100112000000003
vertex -20.750081000000005 22.798919000000005 10.100112000000003
vertex -20.986955000000005 22.909623000000003 10.100112000000003
endloop
endfacet
facet normal 0 0 1
outer loop
vertex -21.500182000000006 21.500182000000006 10.100112000000003
vertex -20.986955000000005 22.909623000000003 10.100112000000003
vertex -21.239702000000005 22.977185000000006 10.100112000000003
endloop
endfacet
facet normal 0 0 1
outer loop
vertex -21.500182000000006 21.500182000000006 10.100112000000003
vertex -21.239702000000005 22.977185000000006 10.100112000000003
vertex -21.500182000000006 22.999977000000005 10.100112000000003
endloop
endfacet
facet normal 0 0 1
outer loop
vertex -21.500182000000006 21.500182000000006 10.100112000000003
vertex -21.500182000000006 22.999977000000005 10.100112000000003
vertex -21.760662000000004 22.977185000000006 10.100112000000003
endloop
endfacet
facet normal 0 0 1
outer loop
vertex 21.500182000000006 -21.500182000000006 10.100112000000003
vertex 21.239702000000005 -20.022772000000003 10.100112000000003
vertex 20.986955000000005 -20.090334000000006 10.100112000000003
endloop
endfacet
facet normal 0 0 1
outer loop
vertex 21.500182000000006 -21.500182000000006 10.100112000000003
vertex 20.986955000000005 -20.090334000000006 10.100112000000003
vertex 20.750081000000005 -20.201038000000004 10.100112000000003
endloop
endfacet
facet normal 0 0 1
outer loop
vertex 21.500182000000006 -21.500182000000006 10.100112000000003
vertex 20.750081000000005 -20.201038000000004 10.100112000000003
vertex 20.535999000000004 -20.350814000000003 10.100112000000003
endloop
endfacet
facet normal 0 0 1
outer loop
vertex 21.500182000000006 -21.500182000000006 10.100112000000003
vertex 20.535999000000004 -20.350814000000003 10.100112000000003
vertex 20.350814000000003 -20.535999000000004 10.100112000000003
endloop
endfacet
facet normal 0 0 1
outer loop
vertex 21.500182000000006 -21.500182000000006 10.100112000000003
vertex 20.350814000000003 -20.535999000000004 10.100112000000003
vertex 20.201038000000004 -20.750081000000005 10.100112000000003
endloop
endfacet
facet normal 0 0 1
outer loop
vertex 21.500182000000006 -21.500182000000006 10.100112000000003
vertex 20.201038000000004 -20.750081000000005 10.100112000000003
vertex 20.090334000000006 -20.986955000000005 10.100112000000003
endloop
endfacet
facet normal 0 0 1
outer loop
vertex 21.500182000000006 -21.500182000000006 10.100112000000003
vertex 20.090334000000006 -20.986955000000005 10.100112000000003
vertex 20.022772000000003 -21.239702000000005 10.100112000000003
endloop
endfacet
facet normal 0 0 1
outer loop
vertex 21.500182000000006 -21.500182000000006 10.100112000000003
vertex 20.022772000000003 -21.239702000000005 10.100112000000003
vertex 19.999980000000004 -21.500182000000006 10.100112000000003
endloop
endfacet
facet normal 0 0 0.9999999999999999
outer loop
vertex 21.500182000000006 -21.500182000000006 10.100112000000003
vertex 19.999980000000004 -21.500182000000006 10.100112000000003
vertex 20.022772000000003 -21.760662000000004 10.100112000000003
endloop
endfacet
facet normal 0 0 1
outer loop
vertex 21.500182000000006 -21.500182000000006 10.100112000000003
vertex 20.022772000000003 -21.760662000000004 10.100112000000003
vertex 20.090334000000006 -22.013002000000004 10.100112000000003
endloop
endfacet
facet normal 0 0 0.9999999999999999
outer loop
vertex 21.500182000000006 -21.500182000000006 10.100112000000003
vertex 20.090334000000006 -22.013002000000004 10.100112000000003
vertex 20.201038000000004 -22.249876000000004 10.100112000000003
endloop
endfacet
facet normal 0 0 1
outer loop
vertex 21.500182000000006 -21.500182000000006 10.100112000000003
vertex 20.201038000000004 -22.249876000000004 10.100112000000003
vertex 20.350814000000003 -22.464365000000004 10.100112000000003
endloop
endfacet
facet normal 0 0 0.9999999999999999
outer loop
vertex 21.500182000000006 -21.500182000000006 10.100112000000003
vertex 20.350814000000003 -22.464365000000004 10.100112000000003
vertex 20.535999000000004 -22.649143000000006 10.100112000000003
endloop
endfacet
facet normal 0 0 1
outer loop
vertex 21.500182000000006 -21.500182000000006 10.100112000000003
vertex 20.535999000000004 -22.649143000000006 10.100112000000003
vertex 20.750081000000005 -22.798919000000005 10.100112000000003
endloop
endfacet
facet normal 0 0 1
outer loop
vertex 21.500182000000006 -21.500182000000006 10.100112000000003
vertex 20.750081000000005 -22.798919000000005 10.100112000000003
vertex 20.986955000000005 -22.909623000000003 10.100112000000003
endloop
endfacet
facet normal 0 0 1
outer loop
vertex 21.500182000000006 -21.500182000000006 10.100112000000003
vertex 20.986955000000005 -22.909623000000003 10.100112000000003
vertex 21.239702000000005 -22.977185000000006 10.100112000000003
endloop
endfacet
facet normal 0 0 1
outer loop
vertex 21.500182000000006 -21.500182000000006 10.100112000000003
vertex 21.239702000000005 -22.977185000000006 10.100112000000003
vertex 21.500182000000006 -22.999977000000005 10.100112000000003
endloop
endfacet
facet normal 0 0 1
outer loop
vertex 21.500182000000006 -21.500182000000006 10.100112000000003
vertex 21.500182000000006 -22.999977000000005 10.100112000000003
vertex 21.760662000000004 -22.977185000000006 10.100112000000003
endloop
endfacet
facet normal 0 0 1
outer loop
vertex 21.500182000000006 -21.500182000000006 10.100112000000003
vertex 21.760662000000004 -22.977185000000006 10.100112000000003
vertex 22.013002000000004 -22.909623000000003 10.100112000000003
endloop
endfacet
facet normal 0 0 0.9999999999999999
outer loop
vertex 21.500182000000006 -21.500182000000006 10.100112000000003
vertex 22.013002000000004 -22.909623000000003 10.100112000000003
vertex 22.249876000000004 -22.798919000000005 10.100112000000003
endloop
endfacet
facet normal 0 0 1
outer loop
vertex 21.500182000000006 -21.500182000000006 10.100112000000003
vertex 22.249876000000004 -22.798919000000005 10.100112000000003
vertex 22.464365000000004 -22.649143000000006 10.100112000000003
endloop
endfacet
facet normal 0 0 1
outer loop
vertex 21.500182000000006 -21.500182000000006 10.100112000000003
vertex 22.464365000000004 -22.649143000000006 10.100112000000003
vertex 22.649143000000006 -22.464365000000004 10.100112000000003
endloop
endfacet
facet normal 0 0 1
outer loop
vertex 21.500182000000006 -21.500182000000006 10.100112000000003
vertex 22.649143000000006 -22.464365000000004 10.100112000000003
vertex 22.798919000000005 -22.249876000000004 10.100112000000003
endloop
endfacet
facet normal 0 0 0.9999999999999999
outer loop
vertex 21.500182000000006 -21.500182000000006 10.100112000000003
vertex 22.798919000000005 -22.249876000000004 10.100112000000003
vertex 22.909623000000003 -22.013002000000004 10.100112000000003
endloop
endfacet
facet normal 0 0 1
outer loop
vertex 21.500182000000006 -21.500182000000006 10.100112000000003
vertex 22.909623000000003 -22.013002000000004 10.100112000000003
vertex 22.977185000000006 -21.760662000000004 10.100112000000003
endloop
endfacet
facet normal 0 0 1
outer loop
vertex 21.500182000000006 -21.500182000000006 10.100112000000003
vertex 22.977185000000006 -21.760662000000004 10.100112000000003
vertex 22.999977000000005 -21.500182000000006 10.100112000000003
endloop
endfacet
facet normal 0 0 1
outer loop
vertex 21.500182000000006 -21.500182000000006 10.100112000000003
vertex 22.999977000000005 -21.500182000000006 10.100112000000003
vertex 22.977185000000006 -21.239702000000005 10.100112000000003
endloop
endfacet
facet normal 0 0 1
outer loop
vertex 21.500182000000006 -21.500182000000006 10.100112000000003
vertex 22.977185000000006 -21.239702000000005 10.100112000000003
vertex 22.909623000000003 -20.986955000000005 10.100112000000003
endloop
endfacet
facet normal 0 0 1
outer loop
vertex 21.500182000000006 -21.500182000000006 10.100112000000003
vertex 22.909623000000003 -20.986955000000005 10.100112000000003
vertex 22.798919000000005 -20.750081000000005 10.100112000000003
endloop
endfacet
facet normal 0 0 1
outer loop
vertex 21.500182000000006 -21.500182000000006 10.100112000000003
vertex 22.798919000000005 -20.750081000000005 10.100112000000003
vertex 22.649143000000006 -20.535999000000004 10.100112000000003
endloop
endfacet
facet normal 0 0 0.9999999999999999
outer loop
vertex 21.500182000000006 -21.500182000000006 10.100112000000003
vertex 22.649143000000006 -20.535999000000004 10.100112000000003
vertex 22.464365000000004 -20.350814000000003 10.100112000000003
endloop
endfacet
facet normal 0 0 1
outer loop
vertex 21.500182000000006 -21.500182000000006 10.100112000000003
vertex 22.464365000000004 -20.350814000000003 10.100112000000003
vertex 22.249876000000004 -20.201038000000004 10.100112000000003
endloop
endfacet
facet normal 0 0 0.9999999999999999
outer loop
vertex 21.500182000000006 -21.500182000000006 10.100112000000003
vertex 22.249876000000004 -20.201038000000004 10.100112000000003
vertex 22.013002000000004 -20.090334000000006 10.100112000000003
endloop
endfacet
facet normal 0 0 1
outer loop
vertex 21.500182000000006 -21.500182000000006 10.100112000000003
vertex 22.013002000000004 -20.090334000000006 10.100112000000003
vertex 21.760662000000004 -20.022772000000003 10.100112000000003
endloop
endfacet
facet normal 0 0 0.9999999999999999
outer loop
vertex 21.500182000000006 -21.500182000000006 10.100112000000003
vertex 21.760662000000004 -20.022772000000003 10.100112000000003
vertex 21.500182000000006 -19.999980000000004 10.100112000000003
endloop
endfacet
facet normal 0 0 1
outer loop
vertex 21.500182000000006 -21.500182000000006 10.100112000000003
vertex 21.500182000000006 -19.999980000000004 10.100112000000003
vertex 21.239702000000005 -20.022772000000003 10.100112000000003
endloop
endfacet
facet normal 0 0 1
outer loop
vertex -21.500182000000006 -21.500182000000006 10.100112000000003
vertex -21.760662000000004 -20.022772000000003 10.100112000000003
vertex -22.013002000000004 -20.090334000000006 10.100112000000003
endloop
endfacet
facet normal 0 0 0.9999999999999999
outer loop
vertex -21.500182000000006 -21.500182000000006 10.100112000000003
vertex -22.013002000000004 -20.090334000000006 10.100112000000003
vertex -22.249876000000004 -20.201038000000004 10.100112000000003
endloop
endfacet
facet normal 0 0 1
outer loop
vertex -21.500182000000006 -21.500182000000006 10.100112000000003
vertex -22.249876000000004 -20.201038000000004 10.100112000000003
vertex -22.464365000000004 -20.350814000000003 10.100112000000003
endloop
endfacet
facet normal 0 0 0.9999999999999999
outer loop
vertex -21.500182000000006 -21.500182000000006 10.100112000000003
vertex -22.464365000000004 -20.350814000000003 10.100112000000003
vertex -22.649143000000006 -20.535999000000004 10.100112000000003
endloop
endfacet
facet normal 0 0 1
outer loop
vertex -21.500182000000006 -21.500182000000006 10.100112000000003
vertex -22.649143000000006 -20.535999000000004 10.100112000000003
vertex -22.798919000000005 -20.750081000000005 10.100112000000003
endloop
endfacet
facet normal 0 0 1
outer loop
vertex -21.500182000000006 -21.500182000000006 10.100112000000003
vertex -22.798919000000005 -20.750081000000005 10.100112000000003
vertex -22.909623000000003 -20.986955000000005 10.100112000000003
endloop
endfacet
facet normal 0 0 1
outer loop
vertex -21.500182000000006 -21.500182000000006 10.100112000000003
vertex -22.909623000000003 -20.986955000000005 10.100112000000003
vertex -22.977185000000006 -21.239702000000005 10.100112000000003
endloop
endfacet
facet normal 0 0 1
outer loop
vertex -21.500182000000006 -21.500182000000006 10.100112000000003
vertex -22.977185000000006 -21.239702000000005 10.100112000000003
vertex -22.999977000000005 -21.500182000000006 10.100112000000003
endloop
endfacet
facet normal 0 0 1
outer loop
vertex -21.500182000000006 -21.500182000000006 10.100112000000003
vertex -22.999977000000005 -21.500182000000006 10.100112000000003
vertex -22.977185000000006 -21.760662000000004 10.100112000000003
endloop
endfacet
facet normal 0 0 1
outer loop
vertex -21.500182000000006 -21.500182000000006 10.100112000000003
vertex -22.977185000000006 -21.760662000000004 10.100112000000003
vertex -22.909623000000003 -22.013002000000004 10.100112000000003
endloop
endfacet
facet normal 0 0 0.9999999999999999
outer loop
vertex -21.500182000000006 -21.500182000000006 10.100112000000003
vertex -22.909623000000003 -22.013002000000004 10.100112000000003
vertex -22.798919000000005 -22.249876000000004 10.100112000000003
endloop
endfacet
facet normal 0 0 1
outer loop
vertex -21.500182000000006 -21.500182000000006 10.100112000000003
vertex -22.798919000000005 -22.249876000000004 10.100112000000003
vertex -22.649143000000006 -22.464365000000004 10.100112000000003
endloop
endfacet
facet normal 0 0 1
outer loop
vertex -21.500182000000006 -21.500182000000006 10.100112000000003
vertex -22.649143000000006 -22.464365000000004 10.100112000000003
vertex -22.464365000000004 -22.649143000000006 10.100112000000003
endloop
endfacet
facet normal 0 0 1
outer loop
vertex -21.500182000000006 -21.500182000000006 10.100112000000003
vertex -22.464365000000004 -22.649143000000006 10.100112000000003
vertex -22.249876000000004 -22.798919000000005 10.100112000000003
endloop
endfacet
facet normal 0 0 0.9999999999999999
outer loop
vertex -21.500182000000006 -21.500182000000006 10.100112000000003
vertex -22.249876000000004 -22.798919000000005 10.100112000000003
vertex -22.013002000000004 -22.909623000000003 10.100112000000003
endloop
endfacet
facet normal 0 0 1
outer loop
vertex -21.500182000000006 -21.500182000000006 10.100112000000003
vertex -22.013002000000004 -22.909623000000003 10.100112000000003
vertex -21.760662000000004 -22.977185000000006 10.100112000000003
endloop
endfacet
facet normal 0 0 1
outer loop
vertex -21.500182000000006 -21.500182000000006 10.100112000000003
vertex -21.760662000000004 -22.977185000000006 10.100112000000003
vertex -21.500182000000006 -22.999977000000005 10.100112000000003
endloop
endfacet
facet normal 0 0 1
outer loop
vertex -21.500182000000006 -21.500182000000006 10.100112000000003
vertex -21.500182000000006 -22.999977000000005 10.100112000000003
vertex -21.239702000000005 -22.977185000000006 10.100112000000003
endloop
endfacet
facet normal 0 0 1
outer loop
vertex -21.500182000000006 -21.500182000000006 10.100112000000003
vertex -21.239702000000005 -22.977185000000006 10.100112000000003
vertex -20.986955000000005 -22.909623000000003 10.100112000000003
endloop
endfacet
facet normal 0 0 1
outer loop
vertex -21.500182000000006 -21.500182000000006 10.100112000000003
vertex -20.986955000000005 -22.909623000000003 10.100112000000003
vertex -20.750081000000005 -22.798919000000005 10.100112000000003
endloop
endfacet
facet normal 0 0 1
outer loop
vertex -21.500182000000006 -21.500182000000006 10.100112000000003
vertex -20.750081000000005 -22.798919000000005 10.100112000000003
vertex -20.535999000000004 -22.649143000000006 10.100112000000003
endloop
endfacet
facet normal 0 0 0.9999999999999999
outer loop
vertex -21.500182000000006 -21.500182000000006 10.100112000000003
vertex -20.535999000000004 -22.649143000000006 10.100112000000003
vertex -20.350814000000003 -22.464365000000004 10.100112000000003
endloop
endfacet
facet normal 0 0 1
outer loop
vertex -21.500182000000006 -21.500182000000006 10.100112000000003
vertex -20.350814000000003 -22.464365000000004 10.100112000000003
vertex -20.201038000000004 -22.249876000000004 10.100112000000003
endloop
endfacet
facet normal 0 0 0.9999999999999999
outer loop
vertex -21.500182000000006 -21.500182000000006 10.100112000000003
vertex -20.201038000000004 -22.249876000000004 10.100112000000003
vertex -20.090334000000006 -22.013002000000004 10.100112000000003
endloop
endfacet
facet normal 0 0 1
outer loop
vertex -21.500182000000006 -21.500182000000006 10.100112000000003
vertex -20.090334000000006 -22.013002000000004 10.100112000000003
vertex -20.022772000000003 -21.760662000000004 10.100112000000003
endloop
endfacet
facet normal 0 0 0.9999999999999999
outer loop
vertex -21.500182000000006 -21.500182000000006 10.100112000000003
vertex -20.022772000000003 -21.760662000000004 10.100112000000003
vertex -19.999980000000004 -21.500182000000006 10.100112000000003
endloop
endfacet
facet normal 0 0 1
outer loop
vertex -21.500182000000006 -21.500182000000006 10.100112000000003
vertex -19.999980000000004 -21.500182000000006 10.100112000000003
vertex -20.022772000000003 -21.239702000000005 10.100112000000003
endloop
endfacet
facet normal 0 0 1
outer loop
vertex -21.500182000000006 -21.500182000000006 10.100112000000003
vertex -20.022772000000003 -21.239702000000005 10.100112000000003
vertex -20.090334000000006 -20.986955000000005 10.100112000000003
endloop
endfacet
facet normal 0 0 1
outer loop
vertex -21.500182000000006 -21.500182000000006 10.100112000000003
vertex -20.090334000000006 -20.986955000000005 10.100112000000003
vertex -20.201038000000004 -20.750081000000005 10.100112000000003
endloop
endfacet
facet normal 0 0 1
outer loop
vertex -21.500182000000006 -21.500182000000006 10.100112000000003
vertex -20.201038000000004 -20.750081000000005 10.100112000000003
vertex -20.350814000000003 -20.535999000000004 10.100112000000003
endloop
endfacet
facet normal 0 0 1
outer loop
vertex -21.500182000000006 -21.500182000000006 10.100112000000003
vertex -20.350814000000003 -20.535999000000004 10.100112000000003
vertex -20.535999000000004 -20.350814000000003 10.100112000000003
endloop
endfacet
facet normal 0 0 1
outer loop
vertex -21.500182000000006 -21.500182000000006 10.100112000000003
vertex -20.535999000000004 -20.350814000000003 10.100112000000003
vertex -20.750081000000005 -20.201038000000004 10.100112000000003
endloop
endfacet
facet normal 0 0 1
outer loop
vertex -21.500182000000006 -21.500182000000006 10.100112000000003
vertex -20.750081000000005 -20.201038000000004 10.100112000000003
vertex -20.986955000000005 -20.090334000000006 10.100112000000003
endloop
endfacet
facet normal 0 0 1
outer loop
vertex -21.500182000000006 -21.500182000000006 10.100112000000003
vertex -20.986955000000005 -20.090334000000006 10.100112000000003
vertex -21.239702000000005 -20.022772000000003 10.100112000000003
endloop
endfacet
facet normal 0 0 1
outer loop
vertex -21.500182000000006 -21.500182000000006 10.100112000000003
vertex -21.239702000000005 -20.022772000000003 10.100112000000003
vertex -21.500182000000006 -19.999980000000004 10.100112000000003
endloop
endfacet
facet normal 0 0 0.9999999999999999
outer loop
vertex -21.500182000000006 -21.500182000000006 10.100112000000003
vertex -21.500182000000006 -19.999980000000004 10.100112000000003
vertex -21.760662000000004 -20.022772000000003 10.100112000000003
endloop
endfacet
facet normal 0.9961937174961132 0.08716695028090583 0
outer loop
vertex 22.977185000000006 -21.239702000000005 7.9999920000000015
vertex 22.977185000000006 -21.239702000000005 10.100112000000003
vertex 22.999977000000005 -21.500182000000006 10.100112000000003
endloop
endfacet
facet normal 0.9961937174961132 0.08716695028090583 0
outer loop
vertex 22.977185000000006 -21.239702000000005 7.9999920000000015
vertex 22.999977000000005 -21.500182000000006 10.100112000000003
vertex 22.999977000000005 -21.500182000000006 7.9999920000000015
endloop
endfacet
facet normal 0.9660798420457387 0.25824356486247757 0
outer loop
vertex 22.909623000000003 -20.986955000000005 7.9999920000000015
vertex 22.909623000000003 -20.986955000000005 10.100112000000003
vertex 22.977185000000006 -21.239702000000005 10.100112000000003
endloop
endfacet
facet normal 0.9660798420457387 0.25824356486247757 0
outer loop
vertex 22.909623000000003 -20.986955000000005 7.9999920000000015
vertex 22.977185000000006 -21.239702000000005 10.100112000000003
vertex 22.977185000000006 -21.239702000000005 7.9999920000000015
endloop
endfacet
facet normal 0.9059443919917602 0.42339669178995687 0
outer loop
vertex 22.798919000000005 -20.750081000000005 7.9999920000000015
vertex 22.798919000000005 -20.750081000000005 10.100112000000003
vertex 22.909623000000003 -20.986955000000005 10.100112000000003
endloop
endfacet
facet normal 0.9059443919917602 0.42339669178995687 0
outer loop
vertex 22.798919000000005 -20.750081000000005 7.9999920000000015
vertex 22.909623000000003 -20.986955000000005 10.100112000000003
vertex 22.909623000000003 -20.986955000000005 7.9999920000000015
endloop
endfacet
facet normal 0.8193782599214123 0.5732532312758108 0
outer loop
vertex 22.649143000000006 -20.535999000000004 7.9999920000000015
vertex 22.649143000000006 -20.535999000000004 10.100112000000003
vertex 22.798919000000005 -20.750081000000005 10.100112000000003
endloop
endfacet
facet normal 0.8193782599214123 0.5732532312758108 0
outer loop
vertex 22.649143000000006 -20.535999000000004 7.9999920000000015
vertex 22.798919000000005 -20.750081000000005 10.100112000000003
vertex 22.798919000000005 -20.750081000000005 7.9999920000000015
endloop
endfacet
facet normal 0.7063284585236523 0.7078842480798686 0
outer loop
vertex -20.350814000000003 22.464365000000004 10.100112000000003
vertex -20.350814000000003 22.464365000000004 7.9999920000000015
vertex -20.535999000000004 22.649143000000006 7.9999920000000015
endloop
endfacet
facet normal 0.7063284585236523 0.7078842480798686 0
outer loop
vertex -20.350814000000003 22.464365000000004 10.100112000000003
vertex -20.535999000000004 22.649143000000006 7.9999920000000015
vertex -20.535999000000004 22.649143000000006 10.100112000000003
endloop
endfacet
facet normal 0.7078842480798686 0.7063284585236523 0
outer loop
vertex 22.649143000000006 -20.535999000000004 10.100112000000003
vertex 22.649143000000006 -20.535999000000004 7.9999920000000015
vertex 22.464365000000004 -20.350814000000003 7.9999920000000015
endloop
endfacet
facet normal 0.7078842480798686 0.7063284585236523 0
outer loop
vertex 22.649143000000006 -20.535999000000004 10.100112000000003
vertex 22.464365000000004 -20.350814000000003 7.9999920000000015
vertex 22.464365000000004 -20.350814000000003 10.100112000000003
endloop
endfacet
facet normal 0.5725222420734011 0.8198891890562077 0
outer loop
vertex 22.249876000000004 -20.201038000000004 7.9999920000000015
vertex 22.249876000000004 -20.201038000000004 10.100112000000003
vertex 22.464365000000004 -20.350814000000003 10.100112000000003
endloop
endfacet
facet normal 0.5725222420734011 0.8198891890562077 0
outer loop
vertex 22.249876000000004 -20.201038000000004 7.9999920000000015
vertex 22.464365000000004 -20.350814000000003 10.100112000000003
vertex 22.464365000000004 -20.350814000000003 7.9999920000000015
endloop
endfacet
facet normal 0.42339669178995687 0.9059443919917602 0
outer loop
vertex 22.013002000000004 -20.090334000000006 7.9999920000000015
vertex 22.013002000000004 -20.090334000000006 10.100112000000003
vertex 22.249876000000004 -20.201038000000004 10.100112000000003
endloop
endfacet
facet normal 0.42339669178995687 0.9059443919917602 0
outer loop
vertex 22.013002000000004 -20.090334000000006 7.9999920000000015
vertex 22.249876000000004 -20.201038000000004 10.100112000000003
vertex 22.249876000000004 -20.201038000000004 7.9999920000000015
endloop
endfacet
facet normal 0.2586322462611542 0.9659758595295795 0
outer loop
vertex 21.760662000000004 -20.022772000000003 7.9999920000000015
vertex 21.760662000000004 -20.022772000000003 10.100112000000003
vertex 22.013002000000004 -20.090334000000006 10.100112000000003
endloop
endfacet
facet normal 0.2586322462611542 0.9659758595295795 0
outer loop
vertex 21.760662000000004 -20.022772000000003 7.9999920000000015
vertex 22.013002000000004 -20.090334000000006 10.100112000000003
vertex 22.013002000000004 -20.090334000000006 7.9999920000000015
endloop
endfacet
facet normal 0.08716695028090701 0.9961937174961132 0
outer loop
vertex 21.500182000000006 -19.999980000000004 7.9999920000000015
vertex 21.500182000000006 -19.999980000000004 10.100112000000003
vertex 21.760662000000004 -20.022772000000003 10.100112000000003
endloop
endfacet
facet normal 0.08716695028090701 0.9961937174961132 0
outer loop
vertex 21.500182000000006 -19.999980000000004 7.9999920000000015
vertex 21.760662000000004 -20.022772000000003 10.100112000000003
vertex 21.760662000000004 -20.022772000000003 7.9999920000000015
endloop
endfacet
facet normal -0.08716695028090583 0.9961937174961132 0
outer loop
vertex 21.239702000000005 -20.022772000000003 7.9999920000000015
vertex 21.239702000000005 -20.022772000000003 10.100112000000003
vertex 21.500182000000006 -19.999980000000004 10.100112000000003
endloop
endfacet
facet normal -0.08716695028090583 0.9961937174961132 0
outer loop
vertex 21.239702000000005 -20.022772000000003 7.9999920000000015
vertex 21.500182000000006 -19.999980000000004 10.100112000000003
vertex 21.500182000000006 -19.999980000000004 7.9999920000000015
endloop
endfacet
facet normal -0.25824356486247757 0.9660798420457387 0
outer loop
vertex 20.986955000000005 -20.090334000000006 7.9999920000000015
vertex 20.986955000000005 -20.090334000000006 10.100112000000003
vertex 21.239702000000005 -20.022772000000003 10.100112000000003
endloop
endfacet
facet normal -0.25824356486247757 0.9660798420457387 0
outer loop
vertex 20.986955000000005 -20.090334000000006 7.9999920000000015
vertex 21.239702000000005 -20.022772000000003 10.100112000000003
vertex 21.239702000000005 -20.022772000000003 7.9999920000000015
endloop
endfacet
facet normal -0.42339669178995687 0.9059443919917602 0
outer loop
vertex 20.750081000000005 -20.201038000000004 7.9999920000000015
vertex 20.750081000000005 -20.201038000000004 10.100112000000003
vertex 20.986955000000005 -20.090334000000006 10.100112000000003
endloop
endfacet
facet normal -0.42339669178995687 0.9059443919917602 0
outer loop
vertex 20.750081000000005 -20.201038000000004 7.9999920000000015
vertex 20.986955000000005 -20.090334000000006 10.100112000000003
vertex 20.986955000000005 -20.090334000000006 7.9999920000000015
endloop
endfacet
facet normal -0.5732532312758108 0.8193782599214123 0
outer loop
vertex 20.535999000000004 -20.350814000000003 7.9999920000000015
vertex 20.535999000000004 -20.350814000000003 10.100112000000003
vertex 20.750081000000005 -20.201038000000004 10.100112000000003
endloop
endfacet
facet normal -0.5732532312758108 0.8193782599214123 0
outer loop
vertex 20.535999000000004 -20.350814000000003 7.9999920000000015
vertex 20.750081000000005 -20.201038000000004 10.100112000000003
vertex 20.750081000000005 -20.201038000000004 7.9999920000000015
endloop
endfacet
facet normal -0.7071067811865476 0.7071067811865476 0
outer loop
vertex 20.350814000000003 -20.535999000000004 7.9999920000000015
vertex 20.350814000000003 -20.535999000000004 10.100112000000003
vertex 20.535999000000004 -20.350814000000003 10.100112000000003
endloop
endfacet
facet normal -0.7071067811865476 0.7071067811865476 0
outer loop
vertex 20.350814000000003 -20.535999000000004 7.9999920000000015
vertex 20.535999000000004 -20.350814000000003 10.100112000000003
vertex 20.535999000000004 -20.350814000000003 7.9999920000000015
endloop
endfacet
facet normal -0.8193782599214123 0.5732532312758108 0
outer loop
vertex 20.201038000000004 -20.750081000000005 7.9999920000000015
vertex 20.201038000000004 -20.750081000000005 10.100112000000003
vertex 20.350814000000003 -20.535999000000004 10.100112000000003
endloop
endfacet
facet normal -0.8193782599214123 0.5732532312758108 0
outer loop
vertex 20.201038000000004 -20.750081000000005 7.9999920000000015
vertex 20.350814000000003 -20.535999000000004 10.100112000000003
vertex 20.350814000000003 -20.535999000000004 7.9999920000000015
endloop
endfacet
facet normal -0.9059443919917602 0.42339669178995687 0
outer loop
vertex 20.090334000000006 -20.986955000000005 7.9999920000000015
vertex 20.090334000000006 -20.986955000000005 10.100112000000003
vertex 20.201038000000004 -20.750081000000005 10.100112000000003
endloop
endfacet
facet normal -0.9059443919917602 0.42339669178995687 0
outer loop
vertex 20.090334000000006 -20.986955000000005 7.9999920000000015
vertex 20.201038000000004 -20.750081000000005 10.100112000000003
vertex 20.201038000000004 -20.750081000000005 7.9999920000000015
endloop
endfacet
facet normal -0.9660798420457387 0.25824356486247757 0
outer loop
vertex 20.022772000000003 -21.239702000000005 7.9999920000000015
vertex 20.022772000000003 -21.239702000000005 10.100112000000003
vertex 20.090334000000006 -20.986955000000005 10.100112000000003
endloop
endfacet
facet normal -0.9660798420457387 0.25824356486247757 0
outer loop
vertex 20.022772000000003 -21.239702000000005 7.9999920000000015
vertex 20.090334000000006 -20.986955000000005 10.100112000000003
vertex 20.090334000000006 -20.986955000000005 7.9999920000000015
endloop
endfacet
facet normal -0.9961937174961132 0.08716695028090583 0
outer loop
vertex 19.999980000000004 -21.500182000000006 7.9999920000000015
vertex 19.999980000000004 -21.500182000000006 10.100112000000003
vertex 20.022772000000003 -21.239702000000005 10.100112000000003
endloop
endfacet
facet normal -0.9961937174961132 0.08716695028090583 0
outer loop
vertex 19.999980000000004 -21.500182000000006 7.9999920000000015
vertex 20.022772000000003 -21.239702000000005 10.100112000000003
vertex 20.022772000000003 -21.239702000000005 7.9999920000000015
endloop
endfacet
facet normal -0.9961937174961132 -0.08716695028090701 0
outer loop
vertex 20.022772000000003 -21.760662000000004 7.9999920000000015
vertex 20.022772000000003 -21.760662000000004 10.100112000000003
vertex 19.999980000000004 -21.500182000000006 10.100112000000003
endloop
endfacet
facet normal -0.9961937174961132 -0.08716695028090701 0
outer loop
vertex 20.022772000000003 -21.760662000000004 7.9999920000000015
vertex 19.999980000000004 -21.500182000000006 10.100112000000003
vertex 19.999980000000004 -21.500182000000006 7.9999920000000015
endloop
endfacet
facet normal -0.9659758595295795 -0.2586322462611542 0
outer loop
vertex 20.090334000000006 -22.013002000000004 7.9999920000000015
vertex 20.090334000000006 -22.013002000000004 10.100112000000003
vertex 20.022772000000003 -21.760662000000004 10.100112000000003
endloop
endfacet
facet normal -0.9659758595295795 -0.2586322462611542 0
outer loop
vertex 20.090334000000006 -22.013002000000004 7.9999920000000015
vertex 20.022772000000003 -21.760662000000004 10.100112000000003
vertex 20.022772000000003 -21.760662000000004 7.9999920000000015
endloop
endfacet
facet normal -0.9059443919917602 -0.42339669178995687 0
outer loop
vertex 20.201038000000004 -22.249876000000004 7.9999920000000015
vertex 20.201038000000004 -22.249876000000004 10.100112000000003
vertex 20.090334000000006 -22.013002000000004 10.100112000000003
endloop
endfacet
facet normal -0.9059443919917602 -0.42339669178995687 0
outer loop
vertex 20.201038000000004 -22.249876000000004 7.9999920000000015
vertex 20.090334000000006 -22.013002000000004 10.100112000000003
vertex 20.090334000000006 -22.013002000000004 7.9999920000000015
endloop
endfacet
facet normal -0.8198891890562077 -0.5725222420734011 0
outer loop
vertex 20.350814000000003 -22.464365000000004 7.9999920000000015
vertex 20.350814000000003 -22.464365000000004 10.100112000000003
vertex 20.201038000000004 -22.249876000000004 10.100112000000003
endloop
endfacet
facet normal -0.8198891890562077 -0.5725222420734011 0
outer loop
vertex 20.350814000000003 -22.464365000000004 7.9999920000000015
vertex 20.201038000000004 -22.249876000000004 10.100112000000003
vertex 20.201038000000004 -22.249876000000004 7.9999920000000015
endloop
endfacet
facet normal -0.7063284585236523 -0.7078842480798686 0
outer loop
vertex 20.350814000000003 -22.464365000000004 10.100112000000003
vertex 20.350814000000003 -22.464365000000004 7.9999920000000015
vertex 20.535999000000004 -22.649143000000006 7.9999920000000015
endloop
endfacet
facet normal -0.7063284585236523 -0.7078842480798686 0
outer loop
vertex 20.350814000000003 -22.464365000000004 10.100112000000003
vertex 20.535999000000004 -22.649143000000006 7.9999920000000015
vertex 20.535999000000004 -22.649143000000006 10.100112000000003
endloop
endfacet
facet normal -0.7078842480798686 -0.7063284585236523 0
outer loop
vertex -22.649143000000006 20.535999000000004 10.100112000000003
vertex -22.649143000000006 20.535999000000004 7.9999920000000015
vertex -22.464365000000004 20.350814000000003 7.9999920000000015
endloop
endfacet
facet normal -0.7078842480798686 -0.7063284585236523 0
outer loop
vertex -22.649143000000006 20.535999000000004 10.100112000000003
vertex -22.464365000000004 20.350814000000003 7.9999920000000015
vertex -22.464365000000004 20.350814000000003 10.100112000000003
endloop
endfacet
facet normal -0.5732532312758108 -0.8193782599214123 0
outer loop
vertex 20.750081000000005 -22.798919000000005 7.9999920000000015
vertex 20.750081000000005 -22.798919000000005 10.100112000000003
vertex 20.535999000000004 -22.649143000000006 10.100112000000003
endloop
endfacet
facet normal -0.5732532312758108 -0.8193782599214123 0
outer loop
vertex 20.750081000000005 -22.798919000000005 7.9999920000000015
vertex 20.535999000000004 -22.649143000000006 10.100112000000003
vertex 20.535999000000004 -22.649143000000006 7.9999920000000015
endloop
endfacet
facet normal -0.42339669178995687 -0.9059443919917602 0
outer loop
vertex 20.986955000000005 -22.909623000000003 7.9999920000000015
vertex 20.986955000000005 -22.909623000000003 10.100112000000003
vertex 20.750081000000005 -22.798919000000005 10.100112000000003
endloop
endfacet
facet normal -0.42339669178995687 -0.9059443919917602 0
outer loop
vertex 20.986955000000005 -22.909623000000003 7.9999920000000015
vertex 20.750081000000005 -22.798919000000005 10.100112000000003
vertex 20.750081000000005 -22.798919000000005 7.9999920000000015
endloop
endfacet
facet normal -0.25824356486247757 -0.9660798420457387 0
outer loop
vertex 21.239702000000005 -22.977185000000006 7.9999920000000015
vertex 21.239702000000005 -22.977185000000006 10.100112000000003
vertex 20.986955000000005 -22.909623000000003 10.100112000000003
endloop
endfacet
facet normal -0.25824356486247757 -0.9660798420457387 0
outer loop
vertex 21.239702000000005 -22.977185000000006 7.9999920000000015
vertex 20.986955000000005 -22.909623000000003 10.100112000000003
vertex 20.986955000000005 -22.909623000000003 7.9999920000000015
endloop
endfacet
facet normal -0.08716695028090583 -0.9961937174961132 0
outer loop
vertex 21.500182000000006 -22.999977000000005 7.9999920000000015
vertex 21.500182000000006 -22.999977000000005 10.100112000000003
vertex 21.239702000000005 -22.977185000000006 10.100112000000003
endloop
endfacet
facet normal -0.08716695028090583 -0.9961937174961132 0
outer loop
vertex 21.500182000000006 -22.999977000000005 7.9999920000000015
vertex 21.239702000000005 -22.977185000000006 10.100112000000003
vertex 21.239702000000005 -22.977185000000006 7.9999920000000015
endloop
endfacet
facet normal 0.08716695028090701 -0.9961937174961132 0
outer loop
vertex 21.760662000000004 -22.977185000000006 7.9999920000000015
vertex 21.760662000000004 -22.977185000000006 10.100112000000003
vertex 21.500182000000006 -22.999977000000005 10.100112000000003
endloop
endfacet
facet normal 0.08716695028090701 -0.9961937174961132 0
outer loop
vertex 21.760662000000004 -22.977185000000006 7.9999920000000015
vertex 21.500182000000006 -22.999977000000005 10.100112000000003
vertex 21.500182000000006 -22.999977000000005 7.9999920000000015
endloop
endfacet
facet normal 0.2586322462611542 -0.9659758595295795 0
outer loop
vertex 22.013002000000004 -22.909623000000003 7.9999920000000015
vertex 22.013002000000004 -22.909623000000003 10.100112000000003
vertex 21.760662000000004 -22.977185000000006 10.100112000000003
endloop
endfacet
facet normal 0.2586322462611542 -0.9659758595295795 0
outer loop
vertex 22.013002000000004 -22.909623000000003 7.9999920000000015
vertex 21.760662000000004 -22.977185000000006 10.100112000000003
vertex 21.760662000000004 -22.977185000000006 7.9999920000000015
endloop
endfacet
facet normal 0.42339669178995687 -0.9059443919917602 0
outer loop
vertex 22.249876000000004 -22.798919000000005 7.9999920000000015
vertex 22.249876000000004 -22.798919000000005 10.100112000000003
vertex 22.013002000000004 -22.909623000000003 10.100112000000003
endloop
endfacet
facet normal 0.42339669178995687 -0.9059443919917602 0
outer loop
vertex 22.249876000000004 -22.798919000000005 7.9999920000000015
vertex 22.013002000000004 -22.909623000000003 10.100112000000003
vertex 22.013002000000004 -22.909623000000003 7.9999920000000015
endloop
endfacet
facet normal 0.5725222420734011 -0.8198891890562077 0
outer loop
vertex 22.464365000000004 -22.649143000000006 7.9999920000000015
vertex 22.464365000000004 -22.649143000000006 10.100112000000003
vertex 22.249876000000004 -22.798919000000005 10.100112000000003
endloop
endfacet
facet normal 0.5725222420734011 -0.8198891890562077 0
outer loop
vertex 22.464365000000004 -22.649143000000006 7.9999920000000015
vertex 22.249876000000004 -22.798919000000005 10.100112000000003
vertex 22.249876000000004 -22.798919000000005 7.9999920000000015
endloop
endfacet
facet normal 0.7071067811865475 -0.7071067811865475 0
outer loop
vertex 22.649143000000006 -22.464365000000004 7.9999920000000015
vertex 22.649143000000006 -22.464365000000004 10.100112000000003
vertex 22.464365000000004 -22.649143000000006 10.100112000000003
endloop
endfacet
facet normal 0.7071067811865475 -0.7071067811865475 0
outer loop
vertex 22.649143000000006 -22.464365000000004 7.9999920000000015
vertex 22.464365000000004 -22.649143000000006 10.100112000000003
vertex 22.464365000000004 -22.649143000000006 7.9999920000000015
endloop
endfacet
facet normal 0.8198891890562077 -0.5725222420734011 0
outer loop
vertex 22.798919000000005 -22.249876000000004 7.9999920000000015
vertex 22.798919000000005 -22.249876000000004 10.100112000000003
vertex 22.649143000000006 -22.464365000000004 10.100112000000003
endloop
endfacet
facet normal 0.8198891890562077 -0.5725222420734011 0
outer loop
vertex 22.798919000000005 -22.249876000000004 7.9999920000000015
vertex 22.649143000000006 -22.464365000000004 10.100112000000003
vertex 22.649143000000006 -22.464365000000004 7.9999920000000015
endloop
endfacet
facet normal 0.9059443919917602 -0.42339669178995687 0
outer loop
vertex 22.909623000000003 -22.013002000000004 7.9999920000000015
vertex 22.909623000000003 -22.013002000000004 10.100112000000003
vertex 22.798919000000005 -22.249876000000004 10.100112000000003
endloop
endfacet
facet normal 0.9059443919917602 -0.42339669178995687 0
outer loop
vertex 22.909623000000003 -22.013002000000004 7.9999920000000015
vertex 22.798919000000005 -22.249876000000004 10.100112000000003
vertex 22.798919000000005 -22.249876000000004 7.9999920000000015
endloop
endfacet
facet normal 0.9659758595295795 -0.2586322462611542 0
outer loop
vertex 22.977185000000006 -21.760662000000004 7.9999920000000015
vertex 22.977185000000006 -21.760662000000004 10.100112000000003
vertex 22.909623000000003 -22.013002000000004 10.100112000000003
endloop
endfacet
facet normal 0.9659758595295795 -0.2586322462611542 0
outer loop
vertex 22.977185000000006 -21.760662000000004 7.9999920000000015
vertex 22.909623000000003 -22.013002000000004 10.100112000000003
vertex 22.909623000000003 -22.013002000000004 7.9999920000000015
endloop
endfacet
facet normal 0.9961937174961132 -0.08716695028090701 0
outer loop
vertex 22.999977000000005 -21.500182000000006 7.9999920000000015
vertex 22.999977000000005 -21.500182000000006 10.100112000000003
vertex 22.977185000000006 -21.760662000000004 10.100112000000003
endloop
endfacet
facet normal 0.9961937174961132 -0.08716695028090701 0
outer loop
vertex 22.999977000000005 -21.500182000000006 7.9999920000000015
vertex 22.977185000000006 -21.760662000000004 10.100112000000003
vertex 22.977185000000006 -21.760662000000004 7.9999920000000015
endloop
endfacet
facet normal 0.9961937174961132 0.08716695028090701 0
outer loop
vertex 22.977185000000006 21.760662000000004 7.9999920000000015
vertex 22.977185000000006 21.760662000000004 10.100112000000003
vertex 22.999977000000005 21.500182000000006 10.100112000000003
endloop
endfacet
facet normal 0.9961937174961132 0.08716695028090701 0
outer loop
vertex 22.977185000000006 21.760662000000004 7.9999920000000015
vertex 22.999977000000005 21.500182000000006 10.100112000000003
vertex 22.999977000000005 21.500182000000006 7.9999920000000015
endloop
endfacet
facet normal 0.9659758595295795 0.2586322462611542 0
outer loop
vertex 22.909623000000003 22.013002000000004 7.9999920000000015
vertex 22.909623000000003 22.013002000000004 10.100112000000003
vertex 22.977185000000006 21.760662000000004 10.100112000000003
endloop
endfacet
facet normal 0.9659758595295795 0.2586322462611542 0
outer loop
vertex 22.909623000000003 22.013002000000004 7.9999920000000015
vertex 22.977185000000006 21.760662000000004 10.100112000000003
vertex 22.977185000000006 21.760662000000004 7.9999920000000015
endloop
endfacet
facet normal 0.9059443919917602 0.42339669178995687 0
outer loop
vertex 22.798919000000005 22.249876000000004 7.9999920000000015
vertex 22.798919000000005 22.249876000000004 10.100112000000003
vertex 22.909623000000003 22.013002000000004 10.100112000000003
endloop
endfacet
facet normal 0.9059443919917602 0.42339669178995687 0
outer loop
vertex 22.798919000000005 22.249876000000004 7.9999920000000015
vertex 22.909623000000003 22.013002000000004 10.100112000000003
vertex 22.909623000000003 22.013002000000004 7.9999920000000015
endloop
endfacet
facet normal 0.8198891890562077 0.5725222420734011 0
outer loop
vertex 22.649143000000006 22.464365000000004 7.9999920000000015
vertex 22.649143000000006 22.464365000000004 10.100112000000003
vertex 22.798919000000005 22.249876000000004 10.100112000000003
endloop
endfacet
facet normal 0.8198891890562077 0.5725222420734011 0
outer loop
vertex 22.649143000000006 22.464365000000004 7.9999920000000015
vertex 22.798919000000005 22.249876000000004 10.100112000000003
vertex 22.798919000000005 22.249876000000004 7.9999920000000015
endloop
endfacet
facet normal 0.7071067811865475 0.7071067811865475 0
outer loop
vertex 22.464365000000004 22.649143000000006 7.9999920000000015
vertex 22.464365000000004 22.649143000000006 10.100112000000003
vertex 22.649143000000006 22.464365000000004 10.100112000000003
endloop
endfacet
facet normal 0.7071067811865475 0.7071067811865475 0
outer loop
vertex 22.464365000000004 22.649143000000006 7.9999920000000015
vertex 22.649143000000006 22.464365000000004 10.100112000000003
vertex 22.649143000000006 22.464365000000004 7.9999920000000015
endloop
endfacet
facet normal 0.5725222420734011 0.8198891890562077 0
outer loop
vertex 22.249876000000004 22.798919000000005 7.9999920000000015
vertex 22.249876000000004 22.798919000000005 10.100112000000003
vertex 22.464365000000004 22.649143000000006 10.100112000000003
endloop
endfacet
facet normal 0.5725222420734011 0.8198891890562077 0
outer loop
vertex 22.249876000000004 22.798919000000005 7.9999920000000015
vertex 22.464365000000004 22.649143000000006 10.100112000000003
vertex 22.464365000000004 22.649143000000006 7.9999920000000015
endloop
endfacet
facet normal 0.42339669178995687 0.9059443919917602 0
outer loop
vertex 22.013002000000004 22.909623000000003 7.9999920000000015
vertex 22.013002000000004 22.909623000000003 10.100112000000003
vertex 22.249876000000004 22.798919000000005 10.100112000000003
endloop
endfacet
facet normal 0.42339669178995687 0.9059443919917602 0
outer loop
vertex 22.013002000000004 22.909623000000003 7.9999920000000015
vertex 22.249876000000004 22.798919000000005 10.100112000000003
vertex 22.249876000000004 22.798919000000005 7.9999920000000015
endloop
endfacet
facet normal 0.2586322462611542 0.9659758595295795 0
outer loop
vertex 21.760662000000004 22.977185000000006 7.9999920000000015
vertex 21.760662000000004 22.977185000000006 10.100112000000003
vertex 22.013002000000004 22.909623000000003 10.100112000000003
endloop
endfacet
facet normal 0.2586322462611542 0.9659758595295795 0
outer loop
vertex 21.760662000000004 22.977185000000006 7.9999920000000015
vertex 22.013002000000004 22.909623000000003 10.100112000000003
vertex 22.013002000000004 22.909623000000003 7.9999920000000015
endloop
endfacet
facet normal 0.08716695028090701 0.9961937174961132 0
outer loop
vertex 21.500182000000006 22.999977000000005 7.9999920000000015
vertex 21.500182000000006 22.999977000000005 10.100112000000003
vertex 21.760662000000004 22.977185000000006 10.100112000000003
endloop
endfacet
facet normal 0.08716695028090701 0.9961937174961132 0
outer loop
vertex 21.500182000000006 22.999977000000005 7.9999920000000015
vertex 21.760662000000004 22.977185000000006 10.100112000000003
vertex 21.760662000000004 22.977185000000006 7.9999920000000015
endloop
endfacet
facet normal -0.08716695028090583 0.9961937174961132 0
outer loop
vertex 21.239702000000005 22.977185000000006 7.9999920000000015
vertex 21.239702000000005 22.977185000000006 10.100112000000003
vertex 21.500182000000006 22.999977000000005 10.100112000000003
endloop
endfacet
facet normal -0.08716695028090583 0.9961937174961132 0
outer loop
vertex 21.239702000000005 22.977185000000006 7.9999920000000015
vertex 21.500182000000006 22.999977000000005 10.100112000000003
vertex 21.500182000000006 22.999977000000005 7.9999920000000015
endloop
endfacet
facet normal -0.25824356486247757 0.9660798420457387 0
outer loop
vertex 20.986955000000005 22.909623000000003 7.9999920000000015
vertex 20.986955000000005 22.909623000000003 10.100112000000003
vertex 21.239702000000005 22.977185000000006 10.100112000000003
endloop
endfacet
facet normal -0.25824356486247757 0.9660798420457387 0
outer loop
vertex 20.986955000000005 22.909623000000003 7.9999920000000015
vertex 21.239702000000005 22.977185000000006 10.100112000000003
vertex 21.239702000000005 22.977185000000006 7.9999920000000015
endloop
endfacet
facet normal -0.42339669178995687 0.9059443919917602 0
outer loop
vertex 20.750081000000005 22.798919000000005 7.9999920000000015
vertex 20.750081000000005 22.798919000000005 10.100112000000003
vertex 20.986955000000005 22.909623000000003 10.100112000000003
endloop
endfacet
facet normal -0.42339669178995687 0.9059443919917602 0
outer loop
vertex 20.750081000000005 22.798919000000005 7.9999920000000015
vertex 20.986955000000005 22.909623000000003 10.100112000000003
vertex 20.986955000000005 22.909623000000003 7.9999920000000015
endloop
endfacet
facet normal -0.5732532312758108 0.8193782599214123 0
outer loop
vertex 20.535999000000004 22.649143000000006 7.9999920000000015
vertex 20.535999000000004 22.649143000000006 10.100112000000003
vertex 20.750081000000005 22.798919000000005 10.100112000000003
endloop
endfacet
facet normal -0.5732532312758108 0.8193782599214123 0
outer loop
vertex 20.535999000000004 22.649143000000006 7.9999920000000015
vertex 20.750081000000005 22.798919000000005 10.100112000000003
vertex 20.750081000000005 22.798919000000005 7.9999920000000015
endloop
endfacet
facet normal -0.7078842480798686 0.7063284585236523 0
outer loop
vertex -22.464365000000004 -20.350814000000003 10.100112000000003
vertex -22.464365000000004 -20.350814000000003 7.9999920000000015
vertex -22.649143000000006 -20.535999000000004 7.9999920000000015
endloop
endfacet
facet normal -0.7078842480798686 0.7063284585236523 0
outer loop
vertex -22.464365000000004 -20.350814000000003 10.100112000000003
vertex -22.649143000000006 -20.535999000000004 7.9999920000000015
vertex -22.649143000000006 -20.535999000000004 10.100112000000003
endloop
endfacet
facet normal -0.7063284585236523 0.7078842480798686 0
outer loop
vertex 20.535999000000004 22.649143000000006 10.100112000000003
vertex 20.535999000000004 22.649143000000006 7.9999920000000015
vertex 20.350814000000003 22.464365000000004 7.9999920000000015
endloop
endfacet
facet normal -0.7063284585236523 0.7078842480798686 0
outer loop
vertex 20.535999000000004 22.649143000000006 10.100112000000003
vertex 20.350814000000003 22.464365000000004 7.9999920000000015
vertex 20.350814000000003 22.464365000000004 10.100112000000003
endloop
endfacet
facet normal -0.8198891890562077 0.5725222420734011 0
outer loop
vertex 20.201038000000004 22.249876000000004 7.9999920000000015
vertex 20.201038000000004 22.249876000000004 10.100112000000003
vertex 20.350814000000003 22.464365000000004 10.100112000000003
endloop
endfacet
facet normal -0.8198891890562077 0.5725222420734011 0
outer loop
vertex 20.201038000000004 22.249876000000004 7.9999920000000015
vertex 20.350814000000003 22.464365000000004 10.100112000000003
vertex 20.350814000000003 22.464365000000004 7.9999920000000015
endloop
endfacet
facet normal -0.9059443919917602 0.42339669178995687 0
outer loop
vertex 20.090334000000006 22.013002000000004 7.9999920000000015
vertex 20.090334000000006 22.013002000000004 10.100112000000003
vertex 20.201038000000004 22.249876000000004 10.100112000000003
endloop
endfacet
facet normal -0.9059443919917602 0.42339669178995687 0
outer loop
vertex 20.090334000000006 22.013002000000004 7.9999920000000015
vertex 20.201038000000004 22.249876000000004 10.100112000000003
vertex 20.201038000000004 22.249876000000004 7.9999920000000015
endloop
endfacet
facet normal -0.9659758595295795 0.2586322462611542 0
outer loop
vertex 20.022772000000003 21.760662000000004 7.9999920000000015
vertex 20.022772000000003 21.760662000000004 10.100112000000003
vertex 20.090334000000006 22.013002000000004 10.100112000000003
endloop
endfacet
facet normal -0.9659758595295795 0.2586322462611542 0
outer loop
vertex 20.022772000000003 21.760662000000004 7.9999920000000015
vertex 20.090334000000006 22.013002000000004 10.100112000000003
vertex 20.090334000000006 22.013002000000004 7.9999920000000015
endloop
endfacet
facet normal -0.9961937174961132 0.08716695028090701 0
outer loop
vertex 19.999980000000004 21.500182000000006 7.9999920000000015
vertex 19.999980000000004 21.500182000000006 10.100112000000003
vertex 20.022772000000003 21.760662000000004 10.100112000000003
endloop
endfacet
facet normal -0.9961937174961132 0.08716695028090701 0
outer loop
vertex 19.999980000000004 21.500182000000006 7.9999920000000015
vertex 20.022772000000003 21.760662000000004 10.100112000000003
vertex 20.022772000000003 21.760662000000004 7.9999920000000015
endloop
endfacet
facet normal -0.9961937174961132 -0.08716695028090583 0
outer loop
vertex 20.022772000000003 21.239702000000005 7.9999920000000015
vertex 20.022772000000003 21.239702000000005 10.100112000000003
vertex 19.999980000000004 21.500182000000006 10.100112000000003
endloop
endfacet
facet normal -0.9961937174961132 -0.08716695028090583 0
outer loop
vertex 20.022772000000003 21.239702000000005 7.9999920000000015
vertex 19.999980000000004 21.500182000000006 10.100112000000003
vertex 19.999980000000004 21.500182000000006 7.9999920000000015
endloop
endfacet
facet normal -0.9660798420457387 -0.25824356486247757 0
outer loop
vertex 20.090334000000006 20.986955000000005 7.9999920000000015
vertex 20.090334000000006 20.986955000000005 10.100112000000003
vertex 20.022772000000003 21.239702000000005 10.100112000000003
endloop
endfacet
facet normal -0.9660798420457387 -0.25824356486247757 0
outer loop
vertex 20.090334000000006 20.986955000000005 7.9999920000000015
vertex 20.022772000000003 21.239702000000005 10.100112000000003
vertex 20.022772000000003 21.239702000000005 7.9999920000000015
endloop
endfacet
facet normal -0.9059443919917602 -0.42339669178995687 0
outer loop
vertex 20.201038000000004 20.750081000000005 7.9999920000000015
vertex 20.201038000000004 20.750081000000005 10.100112000000003
vertex 20.090334000000006 20.986955000000005 10.100112000000003
endloop
endfacet
facet normal -0.9059443919917602 -0.42339669178995687 0
outer loop
vertex 20.201038000000004 20.750081000000005 7.9999920000000015
vertex 20.090334000000006 20.986955000000005 10.100112000000003
vertex 20.090334000000006 20.986955000000005 7.9999920000000015
endloop
endfacet
facet normal -0.8193782599214123 -0.5732532312758108 0
outer loop
vertex 20.350814000000003 20.535999000000004 7.9999920000000015
vertex 20.350814000000003 20.535999000000004 10.100112000000003
vertex 20.201038000000004 20.750081000000005 10.100112000000003
endloop
endfacet
facet normal -0.8193782599214123 -0.5732532312758108 0
outer loop
vertex 20.350814000000003 20.535999000000004 7.9999920000000015
vertex 20.201038000000004 20.750081000000005 10.100112000000003
vertex 20.201038000000004 20.750081000000005 7.9999920000000015
endloop
endfacet
facet normal -0.7071067811865476 -0.7071067811865476 0
outer loop
vertex 20.535999000000004 20.350814000000003 7.9999920000000015
vertex 20.535999000000004 20.350814000000003 10.100112000000003
vertex 20.350814000000003 20.535999000000004 10.100112000000003
endloop
endfacet
facet normal -0.7071067811865476 -0.7071067811865476 0
outer loop
vertex 20.535999000000004 20.350814000000003 7.9999920000000015
vertex 20.350814000000003 20.535999000000004 10.100112000000003
vertex 20.350814000000003 20.535999000000004 7.9999920000000015
endloop
endfacet
facet normal -0.5732532312758108 -0.8193782599214123 0
outer loop
vertex 20.750081000000005 20.201038000000004 7.9999920000000015
vertex 20.750081000000005 20.201038000000004 10.100112000000003
vertex 20.535999000000004 20.350814000000003 10.100112000000003
endloop
endfacet
facet normal -0.5732532312758108 -0.8193782599214123 0
outer loop
vertex 20.750081000000005 20.201038000000004 7.9999920000000015
vertex 20.535999000000004 20.350814000000003 10.100112000000003
vertex 20.535999000000004 20.350814000000003 7.9999920000000015
endloop
endfacet
facet normal -0.42339669178995687 -0.9059443919917602 0
outer loop
vertex 20.986955000000005 20.090334000000006 7.9999920000000015
vertex 20.986955000000005 20.090334000000006 10.100112000000003
vertex 20.750081000000005 20.201038000000004 10.100112000000003
endloop
endfacet
facet normal -0.42339669178995687 -0.9059443919917602 0
outer loop
vertex 20.986955000000005 20.090334000000006 7.9999920000000015
vertex 20.750081000000005 20.201038000000004 10.100112000000003
vertex 20.750081000000005 20.201038000000004 7.9999920000000015
endloop
endfacet
facet normal -0.25824356486247757 -0.9660798420457387 0
outer loop
vertex 21.239702000000005 20.022772000000003 7.9999920000000015
vertex 21.239702000000005 20.022772000000003 10.100112000000003
vertex 20.986955000000005 20.090334000000006 10.100112000000003
endloop
endfacet
facet normal -0.25824356486247757 -0.9660798420457387 0
outer loop
vertex 21.239702000000005 20.022772000000003 7.9999920000000015
vertex 20.986955000000005 20.090334000000006 10.100112000000003
vertex 20.986955000000005 20.090334000000006 7.9999920000000015
endloop
endfacet
facet normal -0.08716695028090583 -0.9961937174961132 0
outer loop
vertex 21.500182000000006 19.999980000000004 7.9999920000000015
vertex 21.500182000000006 19.999980000000004 10.100112000000003
vertex 21.239702000000005 20.022772000000003 10.100112000000003
endloop
endfacet
facet normal -0.08716695028090583 -0.9961937174961132 0
outer loop
vertex 21.500182000000006 19.999980000000004 7.9999920000000015
vertex 21.239702000000005 20.022772000000003 10.100112000000003
vertex 21.239702000000005 20.022772000000003 7.9999920000000015
endloop
endfacet
facet normal 0.08716695028090701 -0.9961937174961132 0
outer loop
vertex 21.760662000000004 20.022772000000003 7.9999920000000015
vertex 21.760662000000004 20.022772000000003 10.100112000000003
vertex 21.500182000000006 19.999980000000004 10.100112000000003
endloop
endfacet
facet normal 0.08716695028090701 -0.9961937174961132 0
outer loop
vertex 21.760662000000004 20.022772000000003 7.9999920000000015
vertex 21.500182000000006 19.999980000000004 10.100112000000003
vertex 21.500182000000006 19.999980000000004 7.9999920000000015
endloop
endfacet
facet normal 0.2586322462611542 -0.9659758595295795 0
outer loop
vertex 22.013002000000004 20.090334000000006 7.9999920000000015
vertex 22.013002000000004 20.090334000000006 10.100112000000003
vertex 21.760662000000004 20.022772000000003 10.100112000000003
endloop
endfacet
facet normal 0.2586322462611542 -0.9659758595295795 0
outer loop
vertex 22.013002000000004 20.090334000000006 7.9999920000000015
vertex 21.760662000000004 20.022772000000003 10.100112000000003
vertex 21.760662000000004 20.022772000000003 7.9999920000000015
endloop
endfacet
facet normal 0.42339669178995687 -0.9059443919917602 0
outer loop
vertex 22.249876000000004 20.201038000000004 7.9999920000000015
vertex 22.249876000000004 20.201038000000004 10.100112000000003
vertex 22.013002000000004 20.090334000000006 10.100112000000003
endloop
endfacet
facet normal 0.42339669178995687 -0.9059443919917602 0
outer loop
vertex 22.249876000000004 20.201038000000004 7.9999920000000015
vertex 22.013002000000004 20.090334000000006 10.100112000000003
vertex 22.013002000000004 20.090334000000006 7.9999920000000015
endloop
endfacet
facet normal 0.5725222420734011 -0.8198891890562077 0
outer loop
vertex 22.464365000000004 20.350814000000003 7.9999920000000015
vertex 22.464365000000004 20.350814000000003 10.100112000000003
vertex 22.249876000000004 20.201038000000004 10.100112000000003
endloop
endfacet
facet normal 0.5725222420734011 -0.8198891890562077 0
outer loop
vertex 22.464365000000004 20.350814000000003 7.9999920000000015
vertex 22.249876000000004 20.201038000000004 10.100112000000003
vertex 22.249876000000004 20.201038000000004 7.9999920000000015
endloop
endfacet
facet normal 0.7078842480798686 -0.7063284585236523 0
outer loop
vertex 22.464365000000004 20.350814000000003 10.100112000000003
vertex 22.464365000000004 20.350814000000003 7.9999920000000015
vertex 22.649143000000006 20.535999000000004 7.9999920000000015
endloop
endfacet
facet normal 0.7078842480798686 -0.7063284585236523 0
outer loop
vertex 22.464365000000004 20.350814000000003 10.100112000000003
vertex 22.649143000000006 20.535999000000004 7.9999920000000015
vertex 22.649143000000006 20.535999000000004 10.100112000000003
endloop
endfacet
facet normal 0.7063284585236523 -0.7078842480798686 0
outer loop
vertex -20.535999000000004 -22.649143000000006 10.100112000000003
vertex -20.535999000000004 -22.649143000000006 7.9999920000000015
vertex -20.350814000000003 -22.464365000000004 7.9999920000000015
endloop
endfacet
facet normal 0.7063284585236523 -0.7078842480798686 0
outer loop
vertex -20.535999000000004 -22.649143000000006 10.100112000000003
vertex -20.350814000000003 -22.464365000000004 7.9999920000000015
vertex -20.350814000000003 -22.464365000000004 10.100112000000003
endloop
endfacet
facet normal 0.8193782599214123 -0.5732532312758108 0
outer loop
vertex 22.798919000000005 20.750081000000005 7.9999920000000015
vertex 22.798919000000005 20.750081000000005 10.100112000000003
vertex 22.649143000000006 20.535999000000004 10.100112000000003
endloop
endfacet
facet normal 0.8193782599214123 -0.5732532312758108 0
outer loop
vertex 22.798919000000005 20.750081000000005 7.9999920000000015
vertex 22.649143000000006 20.535999000000004 10.100112000000003
vertex 22.649143000000006 20.535999000000004 7.9999920000000015
endloop
endfacet
facet normal 0.9059443919917602 -0.42339669178995687 0
outer loop
vertex 22.909623000000003 20.986955000000005 7.9999920000000015
vertex 22.909623000000003 20.986955000000005 10.100112000000003
vertex 22.798919000000005 20.750081000000005 10.100112000000003
endloop
endfacet
facet normal 0.9059443919917602 -0.42339669178995687 0
outer loop
vertex 22.909623000000003 20.986955000000005 7.9999920000000015
vertex 22.798919000000005 20.750081000000005 10.100112000000003
vertex 22.798919000000005 20.750081000000005 7.9999920000000015
endloop
endfacet
facet normal 0.9660798420457387 -0.25824356486247757 0
outer loop
vertex 22.977185000000006 21.239702000000005 7.9999920000000015
vertex 22.977185000000006 21.239702000000005 10.100112000000003
vertex 22.909623000000003 20.986955000000005 10.100112000000003
endloop
endfacet
facet normal 0.9660798420457387 -0.25824356486247757 0
outer loop
vertex 22.977185000000006 21.239702000000005 7.9999920000000015
vertex 22.909623000000003 20.986955000000005 10.100112000000003
vertex 22.909623000000003 20.986955000000005 7.9999920000000015
endloop
endfacet
facet normal 0.9961937174961132 -0.08716695028090583 0
outer loop
vertex 22.999977000000005 21.500182000000006 7.9999920000000015
vertex 22.999977000000005 21.500182000000006 10.100112000000003
vertex 22.977185000000006 21.239702000000005 10.100112000000003
endloop
endfacet
facet normal 0.9961937174961132 -0.08716695028090583 0
outer loop
vertex 22.999977000000005 21.500182000000006 7.9999920000000015
vertex 22.977185000000006 21.239702000000005 10.100112000000003
vertex 22.977185000000006 21.239702000000005 7.9999920000000015
endloop
endfacet
facet normal 1 0 0
outer loop
vertex 27.999972000000007 0 0.22222200000000003
vertex 27.999972000000007 -18.999981000000005 5.999994000000001
vertex 27.999972000000007 -18.999981000000005 0
endloop
endfacet
facet normal 1 0 0
outer loop
vertex 27.999972000000007 0 0.22222200000000003
vertex 27.999972000000007 -18.999981000000005 0
vertex 27.999972000000007 -18.100104000000005 0
endloop
endfacet
facet normal 1 0 0
outer loop
vertex 27.999972000000007 0 0.22222200000000003
vertex 27.999972000000007 -18.100104000000005 0
vertex 27.999972000000007 -18.082196000000003 0
endloop
endfacet
facet normal 1 0 0
outer loop
vertex 27.999972000000007 0 0.22222200000000003
vertex 27.999972000000007 -18.082196000000003 0
vertex 27.999972000000007 -18.028472000000004 0
endloop
endfacet
facet normal 1 0 0
outer loop
vertex 27.999972000000007 0 0.22222200000000003
vertex 27.999972000000007 -18.028472000000004 0
vertex 27.999972000000007 -17.940153000000002 0
endloop
endfacet
facet normal 1 0 0
outer loop
vertex 27.999972000000007 0 0.22222200000000003
vertex 27.999972000000007 -17.940153000000002 0
vertex 27.999972000000007 -17.818460000000005 0
endloop
endfacet
facet normal 1 0 0
outer loop
vertex 27.999972000000007 0 0.22222200000000003
vertex 27.999972000000007 -17.818460000000005 0
vertex 27.999972000000007 -17.666242000000004 0
endloop
endfacet
facet normal 1 0 0
outer loop
vertex 27.999972000000007 0 0.22222200000000003
vertex 27.999972000000007 -17.666242000000004 0
vertex 27.999972000000007 -17.485127000000002 0
endloop
endfacet
facet normal 1 0 0
outer loop
vertex 27.999972000000007 0 0.22222200000000003
vertex 27.999972000000007 -17.485127000000002 0
vertex 27.999972000000007 -17.278371000000003 0
endloop
endfacet
facet normal 1 0 0
outer loop
vertex 27.999972000000007 0 0.22222200000000003
vertex 27.999972000000007 -17.278371000000003 0
vertex 27.999972000000007 -17.050044000000003 0
endloop
endfacet
facet normal 1 0 0
outer loop
vertex 27.999972000000007 0 0.22222200000000003
vertex 27.999972000000007 -17.050044000000003 0
vertex 27.999972000000007 -16.803809000000005 0
endloop
endfacet
facet normal 1 0 0
outer loop
vertex 27.999972000000007 0 0.22222200000000003
vertex 27.999972000000007 -16.803809000000005 0
vertex 27.999972000000007 -16.543329000000004 0
endloop
endfacet
facet normal 0.9999999999999999 0 0
outer loop
vertex 27.999972000000007 0 0.22222200000000003
vertex 27.999972000000007 -16.543329000000004 0
vertex 27.999972000000007 -16.274302000000002 0
endloop
endfacet
facet normal 1 0 0
outer loop
vertex 27.999972000000007 0 0.22222200000000003
vertex 27.999972000000007 -16.274302000000002 0
vertex 27.999972000000007 -15.999984000000003 0
endloop
endfacet
facet normal 1 0 0
outer loop
vertex 27.999972000000007 0 0.22222200000000003
vertex 27.999972000000007 -15.999984000000003 0
vertex 27.999972000000007 -15.726073000000003 0
endloop
endfacet
facet normal 0.9999999999999999 0 0
outer loop
vertex 27.999972000000007 0 0.22222200000000003
vertex 27.999972000000007 -15.726073000000003 0
vertex 27.999972000000007 -15.456639000000003 0
endloop
endfacet
facet normal 1 0 0
outer loop
vertex 27.999972000000007 0 0.22222200000000003
vertex 27.999972000000007 -15.456639000000003 0
vertex 27.999972000000007 -15.196566000000002 0
endloop
endfacet
facet normal 1 0 0
outer loop
vertex 27.999972000000007 0 0.22222200000000003
vertex 27.999972000000007 -15.196566000000002 0
vertex 27.999972000000007 -14.949924000000003 0
endloop
endfacet
facet normal 1 0 0
outer loop
vertex 27.999972000000007 0 0.22222200000000003
vertex 27.999972000000007 -14.949924000000003 0
vertex 27.999972000000007 -14.721597000000003 0
endloop
endfacet
facet normal 1 0 0
outer loop
vertex 27.999972000000007 0 0.22222200000000003
vertex 27.999972000000007 -14.721597000000003 0
vertex 27.999972000000007 -14.515248000000003 0
endloop
endfacet
facet normal 1 0 0
outer loop
vertex 27.999972000000007 0 0.22222200000000003
vertex 27.999972000000007 -14.515248000000003 0
vertex 27.999972000000007 -14.334133000000003 0
endloop
endfacet
facet normal 1 0 0
outer loop
vertex 27.999972000000007 0 0.22222200000000003
vertex 27.999972000000007 -14.334133000000003 0
vertex 27.999972000000007 -14.181508000000003 0
endloop
endfacet
facet normal 1 0 0
outer loop
vertex 27.999972000000007 0 0.22222200000000003
vertex 27.999972000000007 -14.181508000000003 0
vertex 27.999972000000007 -14.059815000000002 0
endloop
endfacet
facet normal 1 0 0
outer loop
vertex 27.999972000000007 0 0.22222200000000003
vertex 27.999972000000007 -14.059815000000002 0
vertex 27.999972000000007 -13.971496000000002 0
endloop
endfacet
facet normal 1 0 0
outer loop
vertex 27.999972000000007 0 0.22222200000000003
vertex 27.999972000000007 -13.971496000000002 0
vertex 27.999972000000007 -13.917772000000003 0
endloop
endfacet
facet normal 1 0 0
outer loop
vertex 27.999972000000007 0 0.22222200000000003
vertex 27.999972000000007 -13.917772000000003 0
vertex 27.999972000000007 -13.899864000000003 0
endloop
endfacet
facet normal 1 0 0
outer loop
vertex 27.999972000000007 0 0.22222200000000003
vertex 27.999972000000007 -13.899864000000003 0
vertex 27.999972000000007 13.899864000000003 0
endloop
endfacet
facet normal 1 0 0
outer loop
vertex 27.999972000000007 0 0.22222200000000003
vertex 27.999972000000007 13.899864000000003 0
vertex 27.999972000000007 13.917772000000003 0
endloop
endfacet
facet normal 1 0 0
outer loop
vertex 27.999972000000007 0 0.22222200000000003
vertex 27.999972000000007 13.917772000000003 0
vertex 27.999972000000007 13.971496000000002 0
endloop
endfacet
facet normal 1 0 0
outer loop
vertex 27.999972000000007 0 0.22222200000000003
vertex 27.999972000000007 13.971496000000002 0
vertex 27.999972000000007 14.059815000000002 0
endloop
endfacet
facet normal 1 0 0
outer loop
vertex 27.999972000000007 0 0.22222200000000003
vertex 27.999972000000007 14.059815000000002 0
vertex 27.999972000000007 14.181508000000003 0
endloop
endfacet
facet normal 1 0 0
outer loop
vertex 27.999972000000007 0 0.22222200000000003
vertex 27.999972000000007 14.181508000000003 0
vertex 27.999972000000007 14.334133000000003 0
endloop
endfacet
facet normal 1 0 0
outer loop
vertex 27.999972000000007 0 0.22222200000000003
vertex 27.999972000000007 14.334133000000003 0
vertex 27.999972000000007 14.515248000000003 0
endloop
endfacet
facet normal 1 0 0
outer loop
vertex 27.999972000000007 0 0.22222200000000003
vertex 27.999972000000007 14.515248000000003 0
vertex 27.999972000000007 14.721597000000003 0
endloop
endfacet
facet normal 1 0 0
outer loop
vertex 27.999972000000007 0 0.22222200000000003
vertex 27.999972000000007 14.721597000000003 0
vertex 27.999972000000007 14.949924000000003 0
endloop
endfacet
facet normal 1 0 0
outer loop
vertex 27.999972000000007 0 0.22222200000000003
vertex 27.999972000000007 14.949924000000003 0
vertex 27.999972000000007 15.196566000000002 0
endloop
endfacet
facet normal 1 0 0
outer loop
vertex 27.999972000000007 0 0.22222200000000003
vertex 27.999972000000007 15.196566000000002 0
vertex 27.999972000000007 15.456639000000003 0
endloop
endfacet
facet normal 0.9999999999999999 0 0
outer loop
vertex 27.999972000000007 0 0.22222200000000003
vertex 27.999972000000007 15.456639000000003 0
vertex 27.999972000000007 15.726073000000003 0
endloop
endfacet
facet normal 1 0 0
outer loop
vertex 27.999972000000007 0 0.22222200000000003
vertex 27.999972000000007 15.726073000000003 0
vertex 27.999972000000007 15.999984000000003 0
endloop
endfacet
facet normal 1 0 0
outer loop
vertex 27.999972000000007 0 0.22222200000000003
vertex 27.999972000000007 15.999984000000003 0
vertex 27.999972000000007 16.274302000000002 0
endloop
endfacet
facet normal 0.9999999999999999 0 0
outer loop
vertex 27.999972000000007 0 0.22222200000000003
vertex 27.999972000000007 16.274302000000002 0
vertex 27.999972000000007 16.543329000000004 0
endloop
endfacet
facet normal 1 0 0
outer loop
vertex 27.999972000000007 0 0.22222200000000003
vertex 27.999972000000007 16.543329000000004 0
vertex 27.999972000000007 16.803809000000005 0
endloop
endfacet
facet normal 1 0 0
outer loop
vertex 27.999972000000007 0 0.22222200000000003
vertex 27.999972000000007 16.803809000000005 0
vertex 27.999972000000007 17.050044000000003 0
endloop
endfacet
facet normal 1 0 0
outer loop
vertex 27.999972000000007 0 0.22222200000000003
vertex 27.999972000000007 17.050044000000003 0
vertex 27.999972000000007 17.278371000000003 0
endloop
endfacet
facet normal 1 0 0
outer loop
vertex 27.999972000000007 0 0.22222200000000003
vertex 27.999972000000007 17.278371000000003 0
vertex 27.999972000000007 17.485127000000002 0
endloop
endfacet
facet normal 1 0 0
outer loop
vertex 27.999972000000007 0 0.22222200000000003
vertex 27.999972000000007 17.485127000000002 0
vertex 27.999972000000007 17.666242000000004 0
endloop
endfacet
facet normal 1 0 0
outer loop
vertex 27.999972000000007 0 0.22222200000000003
vertex 27.999972000000007 17.666242000000004 0
vertex 27.999972000000007 17.818460000000005 0
endloop
endfacet
facet normal 1 0 0
outer loop
vertex 27.999972000000007 0 0.22222200000000003
vertex 27.999972000000007 17.818460000000005 0
vertex 27.999972000000007 17.940153000000002 0
endloop
endfacet
facet normal 1 0 0
outer loop
vertex 27.999972000000007 0 0.22222200000000003
vertex 27.999972000000007 17.940153000000002 0
vertex 27.999972000000007 18.028472000000004 0
endloop
endfacet
facet normal 1 0 0
outer loop
vertex 27.999972000000007 0 0.22222200000000003
vertex 27.999972000000007 18.028472000000004 0
vertex 27.999972000000007 18.082196000000003 0
endloop
endfacet
facet normal 1 0 0
outer loop
vertex 27.999972000000007 0 0.22222200000000003
vertex 27.999972000000007 18.082196000000003 0
vertex 27.999972000000007 18.100104000000005 0
endloop
endfacet
facet normal 1 0 0
outer loop
vertex 27.999972000000007 0 0.22222200000000003
vertex 27.999972000000007 18.100104000000005 0
vertex 27.999972000000007 18.999981000000005 0
endloop
endfacet
facet normal 1 0 0
outer loop
vertex 27.999972000000007 0 0.22222200000000003
vertex 27.999972000000007 18.999981000000005 0
vertex 27.999972000000007 18.999981000000005 5.999994000000001
endloop
endfacet
facet normal 1 0 0
outer loop
vertex 27.999972000000007 0 0.22222200000000003
vertex 27.999972000000007 18.999981000000005 5.999994000000001
vertex 27.999972000000007 -18.999981000000005 5.999994000000001
endloop
endfacet
facet normal 0.9978624968591229 0.06534858347414277 0
outer loop
vertex 27.999972000000007 18.999981000000005 5.999994000000001
vertex 27.999972000000007 18.999981000000005 0
vertex 27.923049000000006 20.174583000000005 0
endloop
endfacet
facet normal 0.9978624968591229 0.06534858347414277 0
outer loop
vertex 27.999972000000007 18.999981000000005 5.999994000000001
vertex 27.923049000000006 20.174583000000005 0
vertex 27.923049000000006 20.174583000000005 5.999994000000001
endloop
endfacet
facet normal 0.9808060716550077 0.19498576821058433 0
outer loop
vertex 27.923049000000006 20.174583000000005 5.999994000000001
vertex 27.923049000000006 20.174583000000005 0
vertex 27.693501000000005 21.329242000000004 0
endloop
endfacet
facet normal 0.9808060716550077 0.19498576821058433 0
outer loop
vertex 27.923049000000006 20.174583000000005 5.999994000000001
vertex 27.693501000000005 21.329242000000004 0
vertex 27.693501000000005 21.329242000000004 5.999994000000001
endloop
endfacet
facet normal 0.9469054207229483 0.32151224580954324 0
outer loop
vertex 27.693501000000005 21.329242000000004 5.999994000000001
vertex 27.693501000000005 21.329242000000004 0
vertex 27.314991000000006 22.444015000000004 0
endloop
endfacet
facet normal 0.9469054207229483 0.32151224580954324 0
outer loop
vertex 27.693501000000005 21.329242000000004 5.999994000000001
vertex 27.314991000000006 22.444015000000004 0
vertex 27.314991000000006 22.444015000000004 5.999994000000001
endloop
endfacet
facet normal 0.896833307741758 0.4423686450518132 0
outer loop
vertex 27.314991000000006 22.444015000000004 5.999994000000001
vertex 27.314991000000006 22.444015000000004 0
vertex 26.794031000000004 23.500180000000004 0
endloop
endfacet
facet normal 0.896833307741758 0.4423686450518132 0
outer loop
vertex 27.314991000000006 22.444015000000004 5.999994000000001
vertex 26.794031000000004 23.500180000000004 0
vertex 26.794031000000004 23.500180000000004 5.999994000000001
endloop
endfacet
facet normal 0.8314647611521588 0.5555774932106082 0
outer loop
vertex 26.794031000000004 23.500180000000004 5.999994000000001
vertex 26.794031000000004 23.500180000000004 0
vertex 26.139982000000007 24.479015000000004 0
endloop
endfacet
facet normal 0.8314647611521588 0.5555774932106082 0
outer loop
vertex 26.794031000000004 23.500180000000004 5.999994000000001
vertex 26.139982000000007 24.479015000000004 0
vertex 26.139982000000007 24.479015000000004 5.999994000000001
endloop
endfacet
facet normal 0.7517621203146969 0.6594343898068642 0
outer loop
vertex 26.139982000000007 24.479015000000004 5.999994000000001
vertex 26.139982000000007 24.479015000000004 0
vertex 25.363833000000007 25.363833000000007 0
endloop
endfacet
facet normal 0.7517621203146969 0.6594343898068642 0
outer loop
vertex 26.139982000000007 24.479015000000004 5.999994000000001
vertex 25.363833000000007 25.363833000000007 0
vertex 25.363833000000007 25.363833000000007 5.999994000000001
endloop
endfacet
facet normal 0.6594343898068642 0.7517621203146969 0
outer loop
vertex 25.363833000000007 25.363833000000007 5.999994000000001
vertex 25.363833000000007 25.363833000000007 0
vertex 24.479015000000004 26.139982000000007 0
endloop
endfacet
facet normal 0.6594343898068642 0.7517621203146969 0
outer loop
vertex 25.363833000000007 25.363833000000007 5.999994000000001
vertex 24.479015000000004 26.139982000000007 0
vertex 24.479015000000004 26.139982000000007 5.999994000000001
endloop
endfacet
facet normal 0.5555774932106082 0.8314647611521588 0
outer loop
vertex 24.479015000000004 26.139982000000007 5.999994000000001
vertex 24.479015000000004 26.139982000000007 0
vertex 23.500180000000004 26.794031000000004 0
endloop
endfacet
facet normal 0.5555774932106082 0.8314647611521588 0
outer loop
vertex 24.479015000000004 26.139982000000007 5.999994000000001
vertex 23.500180000000004 26.794031000000004 0
vertex 23.500180000000004 26.794031000000004 5.999994000000001
endloop
endfacet
facet normal 0.4423686450518132 0.896833307741758 0
outer loop
vertex 23.500180000000004 26.794031000000004 5.999994000000001
vertex 23.500180000000004 26.794031000000004 0
vertex 22.444015000000004 27.314991000000006 0
endloop
endfacet
facet normal 0.4423686450518132 0.896833307741758 0
outer loop
vertex 23.500180000000004 26.794031000000004 5.999994000000001
vertex 22.444015000000004 27.314991000000006 0
vertex 22.444015000000004 27.314991000000006 5.999994000000001
endloop
endfacet
facet normal 0.32151224580954324 0.9469054207229483 0
outer loop
vertex 22.444015000000004 27.314991000000006 5.999994000000001
vertex 22.444015000000004 27.314991000000006 0
vertex 21.329242000000004 27.693501000000005 0
endloop
endfacet
facet normal 0.32151224580954324 0.9469054207229483 0
outer loop
vertex 22.444015000000004 27.314991000000006 5.999994000000001
vertex 21.329242000000004 27.693501000000005 0
vertex 21.329242000000004 27.693501000000005 5.999994000000001
endloop
endfacet
facet normal 0.19498576821058433 0.9808060716550077 0
outer loop
vertex 21.329242000000004 27.693501000000005 5.999994000000001
vertex 21.329242000000004 27.693501000000005 0
vertex 20.174583000000005 27.923049000000006 0
endloop
endfacet
facet normal 0.19498576821058433 0.9808060716550077 0
outer loop
vertex 21.329242000000004 27.693501000000005 5.999994000000001
vertex 20.174583000000005 27.923049000000006 0
vertex 20.174583000000005 27.923049000000006 5.999994000000001
endloop
endfacet
facet normal 0.06534858347414277 0.9978624968591229 0
outer loop
vertex 20.174583000000005 27.923049000000006 5.999994000000001
vertex 20.174583000000005 27.923049000000006 0
vertex 18.999981000000005 27.999972000000007 0
endloop
endfacet
facet normal 0.06534858347414277 0.9978624968591229 0
outer loop
vertex 20.174583000000005 27.923049000000006 5.999994000000001
vertex 18.999981000000005 27.999972000000007 0
vertex 18.999981000000005 27.999972000000007 5.999994000000001
endloop
endfacet
facet normal 0 1 0
outer loop
vertex 18.999981000000005 27.999972000000007 5.999994000000001
vertex 18.999981000000005 27.999972000000007 0
vertex -18.999981000000005 27.999972000000007 0
endloop
endfacet
facet normal 0 1 0
outer loop
vertex 18.999981000000005 27.999972000000007 5.999994000000001
vertex -18.999981000000005 27.999972000000007 0
vertex -18.999981000000005 27.999972000000007 5.999994000000001
endloop
endfacet
facet normal -0.06534858347414277 0.9978624968591229 0
outer loop
vertex -18.999981000000005 27.999972000000007 5.999994000000001
vertex -18.999981000000005 27.999972000000007 0
vertex -20.174583000000005 27.923049000000006 0
endloop
endfacet
facet normal -0.06534858347414277 0.9978624968591229 0
outer loop
vertex -18.999981000000005 27.999972000000007 5.999994000000001
vertex -20.174583000000005 27.923049000000006 0
vertex -20.174583000000005 27.923049000000006 5.999994000000001
endloop
endfacet
facet normal -0.19498576821058433 0.9808060716550077 0
outer loop
vertex -20.174583000000005 27.923049000000006 5.999994000000001
vertex -20.174583000000005 27.923049000000006 0
vertex -21.329242000000004 27.693501000000005 0
endloop
endfacet
facet normal -0.19498576821058433 0.9808060716550077 0
outer loop
vertex -20.174583000000005 27.923049000000006 5.999994000000001
vertex -21.329242000000004 27.693501000000005 0
vertex -21.329242000000004 27.693501000000005 5.999994000000001
endloop
endfacet
facet normal -0.32151224580954324 0.9469054207229483 0
outer loop
vertex -21.329242000000004 27.693501000000005 5.999994000000001
vertex -21.329242000000004 27.693501000000005 0
vertex -22.444015000000004 27.314991000000006 0
endloop
endfacet
facet normal -0.32151224580954324 0.9469054207229483 0
outer loop
vertex -21.329242000000004 27.693501000000005 5.999994000000001
vertex -22.444015000000004 27.314991000000006 0
vertex -22.444015000000004 27.314991000000006 5.999994000000001
endloop
endfacet
facet normal -0.4423686450518132 0.896833307741758 0
outer loop
vertex -22.444015000000004 27.314991000000006 5.999994000000001
vertex -22.444015000000004 27.314991000000006 0
vertex -23.500180000000004 26.794031000000004 0
endloop
endfacet
facet normal -0.4423686450518132 0.896833307741758 0
outer loop
vertex -22.444015000000004 27.314991000000006 5.999994000000001
vertex -23.500180000000004 26.794031000000004 0
vertex -23.500180000000004 26.794031000000004 5.999994000000001
endloop
endfacet
facet normal -0.5555774932106082 0.8314647611521588 0
outer loop
vertex -23.500180000000004 26.794031000000004 5.999994000000001
vertex -23.500180000000004 26.794031000000004 0
vertex -24.479015000000004 26.139982000000007 0
endloop
endfacet
facet normal -0.5555774932106082 0.8314647611521588 0
outer loop
vertex -23.500180000000004 26.794031000000004 5.999994000000001
vertex -24.479015000000004 26.139982000000007 0
vertex -24.479015000000004 26.139982000000007 5.999994000000001
endloop
endfacet
facet normal -0.6594343898068642 0.7517621203146969 0
outer loop
vertex -24.479015000000004 26.139982000000007 5.999994000000001
vertex -24.479015000000004 26.139982000000007 0
vertex -25.363833000000007 25.363833000000007 0
endloop
endfacet
facet normal -0.6594343898068642 0.7517621203146969 0
outer loop
vertex -24.479015000000004 26.139982000000007 5.999994000000001
vertex -25.363833000000007 25.363833000000007 0
vertex -25.363833000000007 25.363833000000007 5.999994000000001
endloop
endfacet
facet normal -0.7517621203146969 0.6594343898068642 0
outer loop
vertex -25.363833000000007 25.363833000000007 5.999994000000001
vertex -25.363833000000007 25.363833000000007 0
vertex -26.139982000000007 24.479015000000004 0
endloop
endfacet
facet normal -0.7517621203146969 0.6594343898068642 0
outer loop
vertex -25.363833000000007 25.363833000000007 5.999994000000001
vertex -26.139982000000007 24.479015000000004 0
vertex -26.139982000000007 24.479015000000004 5.999994000000001
endloop
endfacet
facet normal -0.8314647611521588 0.5555774932106082 0
outer loop
vertex -26.139982000000007 24.479015000000004 5.999994000000001
vertex -26.139982000000007 24.479015000000004 0
vertex -26.794031000000004 23.500180000000004 0
endloop
endfacet
facet normal -0.8314647611521588 0.5555774932106082 0
outer loop
vertex -26.139982000000007 24.479015000000004 5.999994000000001
vertex -26.794031000000004 23.500180000000004 0
vertex -26.794031000000004 23.500180000000004 5.999994000000001
endloop
endfacet
facet normal -0.896833307741758 0.4423686450518132 0
outer loop
vertex -26.794031000000004 23.500180000000004 5.999994000000001
vertex -26.794031000000004 23.500180000000004 0
vertex -27.314991000000006 22.444015000000004 0
endloop
endfacet
facet normal -0.896833307741758 0.4423686450518132 0
outer loop
vertex -26.794031000000004 23.500180000000004 5.999994000000001
vertex -27.314991000000006 22.444015000000004 0
vertex -27.314991000000006 22.444015000000004 5.999994000000001
endloop
endfacet
facet normal -0.9469054207229483 0.32151224580954324 0
outer loop
vertex -27.314991000000006 22.444015000000004 5.999994000000001
vertex -27.314991000000006 22.444015000000004 0
vertex -27.693501000000005 21.329242000000004 0
endloop
endfacet
facet normal -0.9469054207229483 0.32151224580954324 0
outer loop
vertex -27.314991000000006 22.444015000000004 5.999994000000001
vertex -27.693501000000005 21.329242000000004 0
vertex -27.693501000000005 21.329242000000004 5.999994000000001
endloop
endfacet
facet normal -0.9808060716550077 0.19498576821058433 0
outer loop
vertex -27.693501000000005 21.329242000000004 5.999994000000001
vertex -27.693501000000005 21.329242000000004 0
vertex -27.923049000000006 20.174583000000005 0
endloop
endfacet
facet normal -0.9808060716550077 0.19498576821058433 0
outer loop
vertex -27.693501000000005 21.329242000000004 5.999994000000001
vertex -27.923049000000006 20.174583000000005 0
vertex -27.923049000000006 20.174583000000005 5.999994000000001
endloop
endfacet
facet normal -0.9978624968591229 0.06534858347414277 0
outer loop
vertex -27.923049000000006 20.174583000000005 5.999994000000001
vertex -27.923049000000006 20.174583000000005 0
vertex -27.999972000000007 18.999981000000005 0
endloop
endfacet
facet normal -0.9978624968591229 0.06534858347414277 0
outer loop
vertex -27.923049000000006 20.174583000000005 5.999994000000001
vertex -27.999972000000007 18.999981000000005 0
vertex -27.999972000000007 18.999981000000005 5.999994000000001
endloop
endfacet
facet normal -1 0 0
outer loop
vertex -27.999972000000007 0 0.22222200000000003
vertex -27.999972000000007 18.999981000000005 5.999994000000001
vertex -27.999972000000007 18.999981000000005 0
endloop
endfacet
facet normal -1 0 0
outer loop
vertex -27.999972000000007 0 0.22222200000000003
vertex -27.999972000000007 18.999981000000005 0
vertex -27.999972000000007 18.100104000000005 0
endloop
endfacet
facet normal -1 0 0
outer loop
vertex -27.999972000000007 0 0.22222200000000003
vertex -27.999972000000007 18.100104000000005 0
vertex -27.999972000000007 18.082196000000003 0
endloop
endfacet
facet normal -1 0 0
outer loop
vertex -27.999972000000007 0 0.22222200000000003
vertex -27.999972000000007 18.082196000000003 0
vertex -27.999972000000007 18.028472000000004 0
endloop
endfacet
facet normal -1 0 0
outer loop
vertex -27.999972000000007 0 0.22222200000000003
vertex -27.999972000000007 18.028472000000004 0
vertex -27.999972000000007 17.940153000000002 0
endloop
endfacet
facet normal -1 0 0
outer loop
vertex -27.999972000000007 0 0.22222200000000003
vertex -27.999972000000007 17.940153000000002 0
vertex -27.999972000000007 17.818460000000005 0
endloop
endfacet
facet normal -1 0 0
outer loop
vertex -27.999972000000007 0 0.22222200000000003
vertex -27.999972000000007 17.818460000000005 0
vertex -27.999972000000007 17.666242000000004 0
endloop
endfacet
facet normal -1 0 0
outer loop
vertex -27.999972000000007 0 0.22222200000000003
vertex -27.999972000000007 17.666242000000004 0
vertex -27.999972000000007 17.485127000000002 0
endloop
endfacet
facet normal -1 0 0
outer loop
vertex -27.999972000000007 0 0.22222200000000003
vertex -27.999972000000007 17.485127000000002 0
vertex -27.999972000000007 17.278371000000003 0
endloop
endfacet
facet normal -1 0 0
outer loop
vertex -27.999972000000007 0 0.22222200000000003
vertex -27.999972000000007 17.278371000000003 0
vertex -27.999972000000007 17.050044000000003 0
endloop
endfacet
facet normal -1 0 0
outer loop
vertex -27.999972000000007 0 0.22222200000000003
vertex -27.999972000000007 17.050044000000003 0
vertex -27.999972000000007 16.803809000000005 0
endloop
endfacet
facet normal -1 0 0
outer loop
vertex -27.999972000000007 0 0.22222200000000003
vertex -27.999972000000007 16.803809000000005 0
vertex -27.999972000000007 16.543329000000004 0
endloop
endfacet
facet normal -0.9999999999999999 0 0
outer loop
vertex -27.999972000000007 0 0.22222200000000003
vertex -27.999972000000007 16.543329000000004 0
vertex -27.999972000000007 16.274302000000002 0
endloop
endfacet
facet normal -1 0 0
outer loop
vertex -27.999972000000007 0 0.22222200000000003
vertex -27.999972000000007 16.274302000000002 0
vertex -27.999972000000007 15.999984000000003 0
endloop
endfacet
facet normal -1 0 0
outer loop
vertex -27.999972000000007 0 0.22222200000000003
vertex -27.999972000000007 15.999984000000003 0
vertex -27.999972000000007 15.726073000000003 0
endloop
endfacet
facet normal -0.9999999999999999 0 0
outer loop
vertex -27.999972000000007 0 0.22222200000000003
vertex -27.999972000000007 15.726073000000003 0
vertex -27.999972000000007 15.456639000000003 0
endloop
endfacet
facet normal -1 0 0
outer loop
vertex -27.999972000000007 0 0.22222200000000003
vertex -27.999972000000007 15.456639000000003 0
vertex -27.999972000000007 15.196566000000002 0
endloop
endfacet
facet normal -1 0 0
outer loop
vertex -27.999972000000007 0 0.22222200000000003
vertex -27.999972000000007 15.196566000000002 0
vertex -27.999972000000007 14.949924000000003 0
endloop
endfacet
facet normal -1 0 0
outer loop
vertex -27.999972000000007 0 0.22222200000000003
vertex -27.999972000000007 14.949924000000003 0
vertex -27.999972000000007 14.721597000000003 0
endloop
endfacet
facet normal -1 0 0
outer loop
vertex -27.999972000000007 0 0.22222200000000003
vertex -27.999972000000007 14.721597000000003 0
vertex -27.999972000000007 14.515248000000003 0
endloop
endfacet
facet normal -1 0 0
outer loop
vertex -27.999972000000007 0 0.22222200000000003
vertex -27.999972000000007 14.515248000000003 0
vertex -27.999972000000007 14.334133000000003 0
endloop
endfacet
facet normal -1 0 0
outer loop
vertex -27.999972000000007 0 0.22222200000000003
vertex -27.999972000000007 14.334133000000003 0
vertex -27.999972000000007 14.181508000000003 0
endloop
endfacet
facet normal -1 0 0
outer loop
vertex -27.999972000000007 0 0.22222200000000003
vertex -27.999972000000007 14.181508000000003 0
vertex -27.999972000000007 14.059815000000002 0
endloop
endfacet
facet normal -1 0 0
outer loop
vertex -27.999972000000007 0 0.22222200000000003
vertex -27.999972000000007 14.059815000000002 0
vertex -27.999972000000007 13.971496000000002 0
endloop
endfacet
facet normal -1 0 0
outer loop
vertex -27.999972000000007 0 0.22222200000000003
vertex -27.999972000000007 13.971496000000002 0
vertex -27.999972000000007 13.917772000000003 0
endloop
endfacet
facet normal -1 0 0
outer loop
vertex -27.999972000000007 0 0.22222200000000003
vertex -27.999972000000007 13.917772000000003 0
vertex -27.999972000000007 13.899864000000003 0
endloop
endfacet
facet normal -1 0 0
outer loop
vertex -27.999972000000007 0 0.22222200000000003
vertex -27.999972000000007 13.899864000000003 0
vertex -27.999972000000007 -13.899864000000003 0
endloop
endfacet
facet normal -1 0 0
outer loop
vertex -27.999972000000007 0 0.22222200000000003
vertex -27.999972000000007 -13.899864000000003 0
vertex -27.999972000000007 -13.917772000000003 0
endloop
endfacet
facet normal -1 0 0
outer loop
vertex -27.999972000000007 0 0.22222200000000003
vertex -27.999972000000007 -13.917772000000003 0
vertex -27.999972000000007 -13.971496000000002 0
endloop
endfacet
facet normal -1 0 0
outer loop
vertex -27.999972000000007 0 0.22222200000000003
vertex -27.999972000000007 -13.971496000000002 0
vertex -27.999972000000007 -14.059815000000002 0
endloop
endfacet
facet normal -1 0 0
outer loop
vertex -27.999972000000007 0 0.22222200000000003
vertex -27.999972000000007 -14.059815000000002 0
vertex -27.999972000000007 -14.181508000000003 0
endloop
endfacet
facet normal -1 0 0
outer loop
vertex -27.999972000000007 0 0.22222200000000003
vertex -27.999972000000007 -14.181508000000003 0
vertex -27.999972000000007 -14.334133000000003 0
endloop
endfacet
facet normal -1 0 0
outer loop
vertex -27.999972000000007 0 0.22222200000000003
vertex -27.999972000000007 -14.334133000000003 0
vertex -27.999972000000007 -14.515248000000003 0
endloop
endfacet
facet normal -1 0 0
outer loop
vertex -27.999972000000007 0 0.22222200000000003
vertex -27.999972000000007 -14.515248000000003 0
vertex -27.999972000000007 -14.721597000000003 0
endloop
endfacet
facet normal -1 0 0
outer loop
vertex -27.999972000000007 0 0.22222200000000003
vertex -27.999972000000007 -14.721597000000003 0
vertex -27.999972000000007 -14.949924000000003 0
endloop
endfacet
facet normal -1 0 0
outer loop
vertex -27.999972000000007 0 0.22222200000000003
vertex -27.999972000000007 -14.949924000000003 0
vertex -27.999972000000007 -15.196566000000002 0
endloop
endfacet
facet normal -1 0 0
outer loop
vertex -27.999972000000007 0 0.22222200000000003
vertex -27.999972000000007 -15.196566000000002 0
vertex -27.999972000000007 -15.456639000000003 0
endloop
endfacet
facet normal -0.9999999999999999 0 0
outer loop
vertex -27.999972000000007 0 0.22222200000000003
vertex -27.999972000000007 -15.456639000000003 0
vertex -27.999972000000007 -15.726073000000003 0
endloop
endfacet
facet normal -1 0 0
outer loop
vertex -27.999972000000007 0 0.22222200000000003
vertex -27.999972000000007 -15.726073000000003 0
vertex -27.999972000000007 -15.999984000000003 0
endloop
endfacet
facet normal -1 0 0
outer loop
vertex -27.999972000000007 0 0.22222200000000003
vertex -27.999972000000007 -15.999984000000003 0
vertex -27.999972000000007 -16.274302000000002 0
endloop
endfacet
facet normal -0.9999999999999999 0 0
outer loop
vertex -27.999972000000007 0 0.22222200000000003
vertex -27.999972000000007 -16.274302000000002 0
vertex -27.999972000000007 -16.543329000000004 0
endloop
endfacet
facet normal -1 0 0
outer loop
vertex -27.999972000000007 0 0.22222200000000003
vertex -27.999972000000007 -16.543329000000004 0
vertex -27.999972000000007 -16.803809000000005 0
endloop
endfacet
facet normal -1 0 0
outer loop
vertex -27.999972000000007 0 0.22222200000000003
vertex -27.999972000000007 -16.803809000000005 0
vertex -27.999972000000007 -17.050044000000003 0
endloop
endfacet
facet normal -1 0 0
outer loop
vertex -27.999972000000007 0 0.22222200000000003
vertex -27.999972000000007 -17.050044000000003 0
vertex -27.999972000000007 -17.278371000000003 0
endloop
endfacet
facet normal -1 0 0
outer loop
vertex -27.999972000000007 0 0.22222200000000003
vertex -27.999972000000007 -17.278371000000003 0
vertex -27.999972000000007 -17.485127000000002 0
endloop
endfacet
facet normal -1 0 0
outer loop
vertex -27.999972000000007 0 0.22222200000000003
vertex -27.999972000000007 -17.485127000000002 0
vertex -27.999972000000007 -17.666242000000004 0
endloop
endfacet
facet normal -1 0 0
outer loop
vertex -27.999972000000007 0 0.22222200000000003
vertex -27.999972000000007 -17.666242000000004 0
vertex -27.999972000000007 -17.818460000000005 0
endloop
endfacet
facet normal -1 0 0
outer loop
vertex -27.999972000000007 0 0.22222200000000003
vertex -27.999972000000007 -17.818460000000005 0
vertex -27.999972000000007 -17.940153000000002 0
endloop
endfacet
facet normal -1 0 0
outer loop
vertex -27.999972000000007 0 0.22222200000000003
vertex -27.999972000000007 -17.940153000000002 0
vertex -27.999972000000007 -18.028472000000004 0
endloop
endfacet
facet normal -1 0 0
outer loop
vertex -27.999972000000007 0 0.22222200000000003
vertex -27.999972000000007 -18.028472000000004 0
vertex -27.999972000000007 -18.082196000000003 0
endloop
endfacet
facet normal -1 0 0
outer loop
vertex -27.999972000000007 0 0.22222200000000003
vertex -27.999972000000007 -18.082196000000003 0
vertex -27.999972000000007 -18.100104000000005 0
endloop
endfacet
facet normal -1 0 0
outer loop
vertex -27.999972000000007 0 0.22222200000000003
vertex -27.999972000000007 -18.100104000000005 0
vertex -27.999972000000007 -18.999981000000005 0
endloop
endfacet
facet normal -1 0 0
outer loop
vertex -27.999972000000007 0 0.22222200000000003
vertex -27.999972000000007 -18.999981000000005 0
vertex -27.999972000000007 -18.999981000000005 5.999994000000001
endloop
endfacet
facet normal -1 0 0
outer loop
vertex -27.999972000000007 0 0.22222200000000003
vertex -27.999972000000007 -18.999981000000005 5.999994000000001
vertex -27.999972000000007 18.999981000000005 5.999994000000001
endloop
endfacet
facet normal -0.9978624968591229 -0.06534858347414277 0
outer loop
vertex -27.999972000000007 -18.999981000000005 5.999994000000001
vertex -27.999972000000007 -18.999981000000005 0
vertex -27.923049000000006 -20.174583000000005 0
endloop
endfacet
facet normal -0.9978624968591229 -0.06534858347414277 0
outer loop
vertex -27.999972000000007 -18.999981000000005 5.999994000000001
vertex -27.923049000000006 -20.174583000000005 0
vertex -27.923049000000006 -20.174583000000005 5.999994000000001
endloop
endfacet
facet normal -0.9808060716550077 -0.19498576821058433 0
outer loop
vertex -27.923049000000006 -20.174583000000005 5.999994000000001
vertex -27.923049000000006 -20.174583000000005 0
vertex -27.693501000000005 -21.329242000000004 0
endloop
endfacet
facet normal -0.9808060716550077 -0.19498576821058433 0
outer loop
vertex -27.923049000000006 -20.174583000000005 5.999994000000001
vertex -27.693501000000005 -21.329242000000004 0
vertex -27.693501000000005 -21.329242000000004 5.999994000000001
endloop
endfacet
facet normal -0.9469054207229483 -0.32151224580954324 0
outer loop
vertex -27.693501000000005 -21.329242000000004 5.999994000000001
vertex -27.693501000000005 -21.329242000000004 0
vertex -27.314991000000006 -22.444015000000004 0
endloop
endfacet
facet normal -0.9469054207229483 -0.32151224580954324 0
outer loop
vertex -27.693501000000005 -21.329242000000004 5.999994000000001
vertex -27.314991000000006 -22.444015000000004 0
vertex -27.314991000000006 -22.444015000000004 5.999994000000001
endloop
endfacet
facet normal -0.896833307741758 -0.4423686450518132 0
outer loop
vertex -27.314991000000006 -22.444015000000004 5.999994000000001
vertex -27.314991000000006 -22.444015000000004 0
vertex -26.794031000000004 -23.500180000000004 0
endloop
endfacet
facet normal -0.896833307741758 -0.4423686450518132 0
outer loop
vertex -27.314991000000006 -22.444015000000004 5.999994000000001
vertex -26.794031000000004 -23.500180000000004 0
vertex -26.794031000000004 -23.500180000000004 5.999994000000001
endloop
endfacet
facet normal -0.8314647611521588 -0.5555774932106082 0
outer loop
vertex -26.794031000000004 -23.500180000000004 5.999994000000001
vertex -26.794031000000004 -23.500180000000004 0
vertex -26.139982000000007 -24.479015000000004 0
endloop
endfacet
facet normal -0.8314647611521588 -0.5555774932106082 0
outer loop
vertex -26.794031000000004 -23.500180000000004 5.999994000000001
vertex -26.139982000000007 -24.479015000000004 0
vertex -26.139982000000007 -24.479015000000004 5.999994000000001
endloop
endfacet
facet normal -0.7517621203146969 -0.6594343898068642 0
outer loop
vertex -26.139982000000007 -24.479015000000004 5.999994000000001
vertex -26.139982000000007 -24.479015000000004 0
vertex -25.363833000000007 -25.363833000000007 0
endloop
endfacet
facet normal -0.7517621203146969 -0.6594343898068642 0
outer loop
vertex -26.139982000000007 -24.479015000000004 5.999994000000001
vertex -25.363833000000007 -25.363833000000007 0
vertex -25.363833000000007 -25.363833000000007 5.999994000000001
endloop
endfacet
facet normal -0.6594343898068642 -0.7517621203146969 0
outer loop
vertex -25.363833000000007 -25.363833000000007 5.999994000000001
vertex -25.363833000000007 -25.363833000000007 0
vertex -24.479015000000004 -26.139982000000007 0
endloop
endfacet
facet normal -0.6594343898068642 -0.7517621203146969 0
outer loop
vertex -25.363833000000007 -25.363833000000007 5.999994000000001
vertex -24.479015000000004 -26.139982000000007 0
vertex -24.479015000000004 -26.139982000000007 5.999994000000001
endloop
endfacet
facet normal -0.5555774932106082 -0.8314647611521588 0
outer loop
vertex -24.479015000000004 -26.139982000000007 5.999994000000001
vertex -24.479015000000004 -26.139982000000007 0
vertex -23.500180000000004 -26.794031000000004 0
endloop
endfacet
facet normal -0.5555774932106082 -0.8314647611521588 0
outer loop
vertex -24.479015000000004 -26.139982000000007 5.999994000000001
vertex -23.500180000000004 -26.794031000000004 0
vertex -23.500180000000004 -26.794031000000004 5.999994000000001
endloop
endfacet
facet normal -0.4423686450518132 -0.896833307741758 0
outer loop
vertex -23.500180000000004 -26.794031000000004 5.999994000000001
vertex -23.500180000000004 -26.794031000000004 0
vertex -22.444015000000004 -27.314991000000006 0
endloop
endfacet
facet normal -0.4423686450518132 -0.896833307741758 0
outer loop
vertex -23.500180000000004 -26.794031000000004 5.999994000000001
vertex -22.444015000000004 -27.314991000000006 0
vertex -22.444015000000004 -27.314991000000006 5.999994000000001
endloop
endfacet
facet normal -0.32151224580954324 -0.9469054207229483 0
outer loop
vertex -22.444015000000004 -27.314991000000006 5.999994000000001
vertex -22.444015000000004 -27.314991000000006 0
vertex -21.329242000000004 -27.693501000000005 0
endloop
endfacet
facet normal -0.32151224580954324 -0.9469054207229483 0
outer loop
vertex -22.444015000000004 -27.314991000000006 5.999994000000001
vertex -21.329242000000004 -27.693501000000005 0
vertex -21.329242000000004 -27.693501000000005 5.999994000000001
endloop
endfacet
facet normal -0.19498576821058433 -0.9808060716550077 0
outer loop
vertex -21.329242000000004 -27.693501000000005 5.999994000000001
vertex -21.329242000000004 -27.693501000000005 0
vertex -20.174583000000005 -27.923049000000006 0
endloop
endfacet
facet normal -0.19498576821058433 -0.9808060716550077 0
outer loop
vertex -21.329242000000004 -27.693501000000005 5.999994000000001
vertex -20.174583000000005 -27.923049000000006 0
vertex -20.174583000000005 -27.923049000000006 5.999994000000001
endloop
endfacet
facet normal -0.06510408089816623 -0.9978784788993122 0
outer loop
vertex -19.469659000000004 -27.969040000000007 2.9999970000000005
vertex -20.174583000000005 -27.923049000000006 5.999994000000001
vertex -20.174583000000005 -27.923049000000006 0
endloop
endfacet
facet normal -0.06534858336537196 -0.99786249519821 0.00005769697889362267
outer loop
vertex -19.469659000000004 -27.969040000000007 2.9999970000000005
vertex -20.174583000000005 -27.923049000000006 0
vertex -18.999981000000005 -27.999972000000007 0
endloop
endfacet
facet normal -0.06571552711011333 -0.9978383984877712 0
outer loop
vertex -19.469659000000004 -27.969040000000007 2.9999970000000005
vertex -18.999981000000005 -27.999972000000007 0
vertex -18.999981000000005 -27.999972000000007 2.9999970000000005
endloop
endfacet
facet normal -0.06571552711011333 -0.9978383984877712 0
outer loop
vertex -19.469659000000004 -27.969040000000007 2.9999970000000005
vertex -18.999981000000005 -27.999972000000007 2.9999970000000005
vertex -18.999981000000005 -27.999972000000007 5.999994000000001
endloop
endfacet
facet normal -0.06534858336537196 -0.99786249519821 -0.00005769697889362267
outer loop
vertex -19.469659000000004 -27.969040000000007 2.9999970000000005
vertex -18.999981000000005 -27.999972000000007 5.999994000000001
vertex -20.174583000000005 -27.923049000000006 5.999994000000001
endloop
endfacet
facet normal 0.06571552711011333 -0.9978383984877712 0
outer loop
vertex 19.469659000000004 -27.969040000000007 2.9999970000000005
vertex 18.999981000000005 -27.999972000000007 5.999994000000001
vertex 18.999981000000005 -27.999972000000007 2.9999970000000005
endloop
endfacet
facet normal 0.06571552711011333 -0.9978383984877712 0
outer loop
vertex 19.469659000000004 -27.969040000000007 2.9999970000000005
vertex 18.999981000000005 -27.999972000000007 2.9999970000000005
vertex 18.999981000000005 -27.999972000000007 0
endloop
endfacet
facet normal 0.06534858336537196 -0.99786249519821 0.00005769697889362267
outer loop
vertex 19.469659000000004 -27.969040000000007 2.9999970000000005
vertex 18.999981000000005 -27.999972000000007 0
vertex 20.174583000000005 -27.923049000000006 0
endloop
endfacet
facet normal 0.06510408089816623 -0.9978784788993122 0
outer loop
vertex 19.469659000000004 -27.969040000000007 2.9999970000000005
vertex 20.174583000000005 -27.923049000000006 0
vertex 20.174583000000005 -27.923049000000006 5.999994000000001
endloop
endfacet
facet normal 0.06534858336537196 -0.99786249519821 -0.00005769697889362267
outer loop
vertex 19.469659000000004 -27.969040000000007 2.9999970000000005
vertex 20.174583000000005 -27.923049000000006 5.999994000000001
vertex 18.999981000000005 -27.999972000000007 5.999994000000001
endloop
endfacet
facet normal 0.19498576821058433 -0.9808060716550077 0
outer loop
vertex 20.174583000000005 -27.923049000000006 5.999994000000001
vertex 20.174583000000005 -27.923049000000006 0
vertex 21.329242000000004 -27.693501000000005 0
endloop
endfacet
facet normal 0.19498576821058433 -0.9808060716550077 0
outer loop
vertex 20.174583000000005 -27.923049000000006 5.999994000000001
vertex 21.329242000000004 -27.693501000000005 0
vertex 21.329242000000004 -27.693501000000005 5.999994000000001
endloop
endfacet
facet normal 0.32151224580954324 -0.9469054207229483 0
outer loop
vertex 21.329242000000004 -27.693501000000005 5.999994000000001
vertex 21.329242000000004 -27.693501000000005 0
vertex 22.444015000000004 -27.314991000000006 0
endloop
endfacet
facet normal 0.32151224580954324 -0.9469054207229483 0
outer loop
vertex 21.329242000000004 -27.693501000000005 5.999994000000001
vertex 22.444015000000004 -27.314991000000006 0
vertex 22.444015000000004 -27.314991000000006 5.999994000000001
endloop
endfacet
facet normal 0.4423686450518132 -0.896833307741758 0
outer loop
vertex 22.444015000000004 -27.314991000000006 5.999994000000001
vertex 22.444015000000004 -27.314991000000006 0
vertex 23.500180000000004 -26.794031000000004 0
endloop
endfacet
facet normal 0.4423686450518132 -0.896833307741758 0
outer loop
vertex 22.444015000000004 -27.314991000000006 5.999994000000001
vertex 23.500180000000004 -26.794031000000004 0
vertex 23.500180000000004 -26.794031000000004 5.999994000000001
endloop
endfacet
facet normal 0.5555774932106082 -0.8314647611521588 0
outer loop
vertex 23.500180000000004 -26.794031000000004 5.999994000000001
vertex 23.500180000000004 -26.794031000000004 0
vertex 24.479015000000004 -26.139982000000007 0
endloop
endfacet
facet normal 0.5555774932106082 -0.8314647611521588 0
outer loop
vertex 23.500180000000004 -26.794031000000004 5.999994000000001
vertex 24.479015000000004 -26.139982000000007 0
vertex 24.479015000000004 -26.139982000000007 5.999994000000001
endloop
endfacet
facet normal 0.6594343898068642 -0.7517621203146969 0
outer loop
vertex 24.479015000000004 -26.139982000000007 5.999994000000001
vertex 24.479015000000004 -26.139982000000007 0
vertex 25.363833000000007 -25.363833000000007 0
endloop
endfacet
facet normal 0.6594343898068642 -0.7517621203146969 0
outer loop
vertex 24.479015000000004 -26.139982000000007 5.999994000000001
vertex 25.363833000000007 -25.363833000000007 0
vertex 25.363833000000007 -25.363833000000007 5.999994000000001
endloop
endfacet
facet normal 0.7517621203146969 -0.6594343898068642 0
outer loop
vertex 25.363833000000007 -25.363833000000007 5.999994000000001
vertex 25.363833000000007 -25.363833000000007 0
vertex 26.139982000000007 -24.479015000000004 0
endloop
endfacet
facet normal 0.7517621203146969 -0.6594343898068642 0
outer loop
vertex 25.363833000000007 -25.363833000000007 5.999994000000001
vertex 26.139982000000007 -24.479015000000004 0
vertex 26.139982000000007 -24.479015000000004 5.999994000000001
endloop
endfacet
facet normal 0.8314647611521588 -0.5555774932106082 0
outer loop
vertex 26.139982000000007 -24.479015000000004 5.999994000000001
vertex 26.139982000000007 -24.479015000000004 0
vertex 26.794031000000004 -23.500180000000004 0
endloop
endfacet
facet normal 0.8314647611521588 -0.5555774932106082 0
outer loop
vertex 26.139982000000007 -24.479015000000004 5.999994000000001
vertex 26.794031000000004 -23.500180000000004 0
vertex 26.794031000000004 -23.500180000000004 5.999994000000001
endloop
endfacet
facet normal 0.896833307741758 -0.4423686450518132 0
outer loop
vertex 26.794031000000004 -23.500180000000004 5.999994000000001
vertex 26.794031000000004 -23.500180000000004 0
vertex 27.314991000000006 -22.444015000000004 0
endloop
endfacet
facet normal 0.896833307741758 -0.4423686450518132 0
outer loop
vertex 26.794031000000004 -23.500180000000004 5.999994000000001
vertex 27.314991000000006 -22.444015000000004 0
vertex 27.314991000000006 -22.444015000000004 5.999994000000001
endloop
endfacet
facet normal 0.9469054207229483 -0.32151224580954324 0
outer loop
vertex 27.314991000000006 -22.444015000000004 5.999994000000001
vertex 27.314991000000006 -22.444015000000004 0
vertex 27.693501000000005 -21.329242000000004 0
endloop
endfacet
facet normal 0.9469054207229483 -0.32151224580954324 0
outer loop
vertex 27.314991000000006 -22.444015000000004 5.999994000000001
vertex 27.693501000000005 -21.329242000000004 0
vertex 27.693501000000005 -21.329242000000004 5.999994000000001
endloop
endfacet
facet normal 0.9808060716550077 -0.19498576821058433 0
outer loop
vertex 27.693501000000005 -21.329242000000004 5.999994000000001
vertex 27.693501000000005 -21.329242000000004 0
vertex 27.923049000000006 -20.174583000000005 0
endloop
endfacet
facet normal 0.9808060716550077 -0.19498576821058433 0
outer loop
vertex 27.693501000000005 -21.329242000000004 5.999994000000001
vertex 27.923049000000006 -20.174583000000005 0
vertex 27.923049000000006 -20.174583000000005 5.999994000000001
endloop
endfacet
facet normal 0.9978624968591229 -0.06534858347414277 0
outer loop
vertex 27.923049000000006 -20.174583000000005 5.999994000000001
vertex 27.923049000000006 -20.174583000000005 0
vertex 27.999972000000007 -18.999981000000005 0
endloop
endfacet
facet normal 0.9978624968591229 -0.06534858347414277 0
outer loop
vertex 27.923049000000006 -20.174583000000005 5.999994000000001
vertex 27.999972000000007 -18.999981000000005 0
vertex 27.999972000000007 -18.999981000000005 5.999994000000001
endloop
endfacet
facet normal 0 0 1
outer loop
vertex 0 26.525411000000005 5.999994000000001
vertex -18.999981000000005 27.999972000000007 5.999994000000001
vertex -20.174583000000005 27.923049000000006 5.999994000000001
endloop
endfacet
facet normal 0 0 1
outer loop
vertex 0 26.525411000000005 5.999994000000001
vertex -20.174583000000005 27.923049000000006 5.999994000000001
vertex -21.329242000000004 27.693501000000005 5.999994000000001
endloop
endfacet
facet normal 0 0 1
outer loop
vertex 0 26.525411000000005 5.999994000000001
vertex -21.329242000000004 27.693501000000005 5.999994000000001
vertex -22.444015000000004 27.314991000000006 5.999994000000001
endloop
endfacet
facet normal 0 0 1
outer loop
vertex 0 26.525411000000005 5.999994000000001
vertex -22.444015000000004 27.314991000000006 5.999994000000001
vertex -23.500180000000004 26.794031000000004 5.999994000000001
endloop
endfacet
facet normal 0 0 0.9999999999999999
outer loop
vertex 0 26.525411000000005 5.999994000000001
vertex -23.500180000000004 26.794031000000004 5.999994000000001
vertex -24.479015000000004 26.139982000000007 5.999994000000001
endloop
endfacet
facet normal 0 0 1
outer loop
vertex 0 26.525411000000005 5.999994000000001
vertex -24.479015000000004 26.139982000000007 5.999994000000001
vertex -25.363833000000007 25.363833000000007 5.999994000000001
endloop
endfacet
facet normal 0 0 1
outer loop
vertex 0 26.525411000000005 5.999994000000001
vertex -25.363833000000007 25.363833000000007 5.999994000000001
vertex -25.902294000000005 24.750077000000005 5.999994000000001
endloop
endfacet
facet normal 0 0 1
outer loop
vertex 0 26.525411000000005 5.999994000000001
vertex -25.902294000000005 24.750077000000005 5.999994000000001
vertex -18.999981000000005 24.750077000000005 5.999994000000001
endloop
endfacet
facet normal 0 0 1
outer loop
vertex 0 26.525411000000005 5.999994000000001
vertex -18.999981000000005 24.750077000000005 5.999994000000001
vertex 18.999981000000005 24.750077000000005 5.999994000000001
endloop
endfacet
facet normal 0 0 1
outer loop
vertex 0 26.525411000000005 5.999994000000001
vertex 18.999981000000005 24.750077000000005 5.999994000000001
vertex 25.902294000000005 24.750077000000005 5.999994000000001
endloop
endfacet
facet normal 0 0 1
outer loop
vertex 0 26.525411000000005 5.999994000000001
vertex 25.902294000000005 24.750077000000005 5.999994000000001
vertex 25.363833000000007 25.363833000000007 5.999994000000001
endloop
endfacet
facet normal 0 0 1
outer loop
vertex 0 26.525411000000005 5.999994000000001
vertex 25.363833000000007 25.363833000000007 5.999994000000001
vertex 24.479015000000004 26.139982000000007 5.999994000000001
endloop
endfacet
facet normal 0 0 0.9999999999999999
outer loop
vertex 0 26.525411000000005 5.999994000000001
vertex 24.479015000000004 26.139982000000007 5.999994000000001
vertex 23.500180000000004 26.794031000000004 5.999994000000001
endloop
endfacet
facet normal 0 0 1
outer loop
vertex 0 26.525411000000005 5.999994000000001
vertex 23.500180000000004 26.794031000000004 5.999994000000001
vertex 22.444015000000004 27.314991000000006 5.999994000000001
endloop
endfacet
facet normal 0 0 1
outer loop
vertex 0 26.525411000000005 5.999994000000001
vertex 22.444015000000004 27.314991000000006 5.999994000000001
vertex 21.329242000000004 27.693501000000005 5.999994000000001
endloop
endfacet
facet normal 0 0 1
outer loop
vertex 0 26.525411000000005 5.999994000000001
vertex 21.329242000000004 27.693501000000005 5.999994000000001
vertex 20.174583000000005 27.923049000000006 5.999994000000001
endloop
endfacet
facet normal 0 0 1
outer loop
vertex 0 26.525411000000005 5.999994000000001
vertex 20.174583000000005 27.923049000000006 5.999994000000001
vertex 18.999981000000005 27.999972000000007 5.999994000000001
endloop
endfacet
facet normal 0 0 1
outer loop
vertex 0 26.525411000000005 5.999994000000001
vertex 18.999981000000005 27.999972000000007 5.999994000000001
vertex -18.999981000000005 27.999972000000007 5.999994000000001
endloop
endfacet
facet normal 0 0 1
outer loop
vertex 18.999981000000005 24.750077000000005 5.999994000000001
vertex 19.750489000000005 24.700830000000003 5.999994000000001
vertex 25.945436000000004 24.700830000000003 5.999994000000001
endloop
endfacet
facet normal 0 0 1
outer loop
vertex 18.999981000000005 24.750077000000005 5.999994000000001
vertex 25.945436000000004 24.700830000000003 5.999994000000001
vertex 25.902294000000005 24.750077000000005 5.999994000000001
endloop
endfacet
facet normal 0 0 1
outer loop
vertex -25.902294000000005 24.750077000000005 5.999994000000001
vertex -25.945436000000004 24.700830000000003 5.999994000000001
vertex -19.750489000000005 24.700830000000003 5.999994000000001
endloop
endfacet
facet normal 0 0 1
outer loop
vertex -25.902294000000005 24.750077000000005 5.999994000000001
vertex -19.750489000000005 24.700830000000003 5.999994000000001
vertex -18.999981000000005 24.750077000000005 5.999994000000001
endloop
endfacet
facet normal 0 0 1
outer loop
vertex 19.750489000000005 24.700830000000003 5.999994000000001
vertex 20.488380000000003 24.553903000000005 5.999994000000001
vertex 26.074048000000005 24.553903000000005 5.999994000000001
endloop
endfacet
facet normal 0 0 1
outer loop
vertex 19.750489000000005 24.700830000000003 5.999994000000001
vertex 26.074048000000005 24.553903000000005 5.999994000000001
vertex 25.945436000000004 24.700830000000003 5.999994000000001
endloop
endfacet
facet normal 0 0 1
outer loop
vertex -25.945436000000004 24.700830000000003 5.999994000000001
vertex -26.074048000000005 24.553903000000005 5.999994000000001
vertex -20.488380000000003 24.553903000000005 5.999994000000001
endloop
endfacet
facet normal 0 0 1
outer loop
vertex -25.945436000000004 24.700830000000003 5.999994000000001
vertex -20.488380000000003 24.553903000000005 5.999994000000001
vertex -19.750489000000005 24.700830000000003 5.999994000000001
endloop
endfacet
facet normal 0 0 1
outer loop
vertex 24.030908000000004 24.442385000000005 5.999994000000001
vertex 20.488380000000003 24.553903000000005 5.999994000000001
vertex 21.200630000000004 24.312145000000005 5.999994000000001
endloop
endfacet
facet normal 0 0 1
outer loop
vertex 24.030908000000004 24.442385000000005 5.999994000000001
vertex 21.200630000000004 24.312145000000005 5.999994000000001
vertex 26.251500000000004 24.312145000000005 5.999994000000001
endloop
endfacet
facet normal 0 0 1
outer loop
vertex 24.030908000000004 24.442385000000005 5.999994000000001
vertex 26.251500000000004 24.312145000000005 5.999994000000001
vertex 26.139982000000007 24.479015000000004 5.999994000000001
endloop
endfacet
facet normal 0 0 1
outer loop
vertex 24.030908000000004 24.442385000000005 5.999994000000001
vertex 26.139982000000007 24.479015000000004 5.999994000000001
vertex 26.074048000000005 24.553903000000005 5.999994000000001
endloop
endfacet
facet normal 0 0 1
outer loop
vertex 24.030908000000004 24.442385000000005 5.999994000000001
vertex 26.074048000000005 24.553903000000005 5.999994000000001
vertex 20.488380000000003 24.553903000000005 5.999994000000001
endloop
endfacet
facet normal 0 0 1
outer loop
vertex -24.030908000000004 24.442385000000005 5.999994000000001
vertex -26.074048000000005 24.553903000000005 5.999994000000001
vertex -26.139982000000007 24.479015000000004 5.999994000000001
endloop
endfacet
facet normal 0 0 1
outer loop
vertex -24.030908000000004 24.442385000000005 5.999994000000001
vertex -26.139982000000007 24.479015000000004 5.999994000000001
vertex -26.251500000000004 24.312145000000005 5.999994000000001
endloop
endfacet
facet normal 0 0 1
outer loop
vertex -24.030908000000004 24.442385000000005 5.999994000000001
vertex -26.251500000000004 24.312145000000005 5.999994000000001
vertex -21.200630000000004 24.312145000000005 5.999994000000001
endloop
endfacet
facet normal 0 0 1
outer loop
vertex -24.030908000000004 24.442385000000005 5.999994000000001
vertex -21.200630000000004 24.312145000000005 5.999994000000001
vertex -20.488380000000003 24.553903000000005 5.999994000000001
endloop
endfacet
facet normal 0 0 1
outer loop
vertex -24.030908000000004 24.442385000000005 5.999994000000001
vertex -20.488380000000003 24.553903000000005 5.999994000000001
vertex -26.074048000000005 24.553903000000005 5.999994000000001
endloop
endfacet
facet normal 0 0 1
outer loop
vertex 21.200630000000004 24.312145000000005 5.999994000000001
vertex 21.875029000000005 23.979626000000003 5.999994000000001
vertex 26.473722000000006 23.979626000000003 5.999994000000001
endloop
endfacet
facet normal 0 0 1
outer loop
vertex 21.200630000000004 24.312145000000005 5.999994000000001
vertex 26.473722000000006 23.979626000000003 5.999994000000001
vertex 26.251500000000004 24.312145000000005 5.999994000000001
endloop
endfacet
facet normal 0 0 1
outer loop
vertex -26.251500000000004 24.312145000000005 5.999994000000001
vertex -26.473722000000006 23.979626000000003 5.999994000000001
vertex -21.875029000000005 23.979626000000003 5.999994000000001
endloop
endfacet
facet normal 0 0 1
outer loop
vertex -26.251500000000004 24.312145000000005 5.999994000000001
vertex -21.875029000000005 23.979626000000003 5.999994000000001
vertex -21.200630000000004 24.312145000000005 5.999994000000001
endloop
endfacet
facet normal 0 0 1
outer loop
vertex 21.875029000000005 23.979626000000003 5.999994000000001
vertex 22.500181000000005 23.561637000000005 5.999994000000001
vertex 26.752924000000004 23.561637000000005 5.999994000000001
endloop
endfacet
facet normal 0 0 1
outer loop
vertex 21.875029000000005 23.979626000000003 5.999994000000001
vertex 26.752924000000004 23.561637000000005 5.999994000000001
vertex 26.473722000000006 23.979626000000003 5.999994000000001
endloop
endfacet
facet normal 0 0 1
outer loop
vertex -26.473722000000006 23.979626000000003 5.999994000000001
vertex -26.752924000000004 23.561637000000005 5.999994000000001
vertex -22.500181000000005 23.561637000000005 5.999994000000001
endloop
endfacet
facet normal 0 0 1
outer loop
vertex -26.473722000000006 23.979626000000003 5.999994000000001
vertex -22.500181000000005 23.561637000000005 5.999994000000001
vertex -21.875029000000005 23.979626000000003 5.999994000000001
endloop
endfacet
facet normal 0 0 1
outer loop
vertex 25.224232000000004 23.351218000000003 5.999994000000001
vertex 22.500181000000005 23.561637000000005 5.999994000000001
vertex 23.065911000000003 23.065911000000003 5.999994000000001
endloop
endfacet
facet normal 0 0 1
outer loop
vertex 25.224232000000004 23.351218000000003 5.999994000000001
vertex 23.065911000000003 23.065911000000003 5.999994000000001
vertex 27.008520000000004 23.065911000000003 5.999994000000001
endloop
endfacet
facet normal 0 0 1
outer loop
vertex 25.224232000000004 23.351218000000003 5.999994000000001
vertex 27.008520000000004 23.065911000000003 5.999994000000001
vertex 26.794031000000004 23.500180000000004 5.999994000000001
endloop
endfacet
facet normal 0 0 1
outer loop
vertex 25.224232000000004 23.351218000000003 5.999994000000001
vertex 26.794031000000004 23.500180000000004 5.999994000000001
vertex 26.752924000000004 23.561637000000005 5.999994000000001
endloop
endfacet
facet normal 0 0 1
outer loop
vertex 25.224232000000004 23.351218000000003 5.999994000000001
vertex 26.752924000000004 23.561637000000005 5.999994000000001
vertex 22.500181000000005 23.561637000000005 5.999994000000001
endloop
endfacet
facet normal 0 0 1
outer loop
vertex -25.224232000000004 23.351218000000003 5.999994000000001
vertex -26.752924000000004 23.561637000000005 5.999994000000001
vertex -26.794031000000004 23.500180000000004 5.999994000000001
endloop
endfacet
facet normal 0 0 1
outer loop
vertex -25.224232000000004 23.351218000000003 5.999994000000001
vertex -26.794031000000004 23.500180000000004 5.999994000000001
vertex -27.008520000000004 23.065911000000003 5.999994000000001
endloop
endfacet
facet normal 0 0 1
outer loop
vertex -25.224232000000004 23.351218000000003 5.999994000000001
vertex -27.008520000000004 23.065911000000003 5.999994000000001
vertex -23.065911000000003 23.065911000000003 5.999994000000001
endloop
endfacet
facet normal 0 0 1
outer loop
vertex -25.224232000000004 23.351218000000003 5.999994000000001
vertex -23.065911000000003 23.065911000000003 5.999994000000001
vertex -22.500181000000005 23.561637000000005 5.999994000000001
endloop
endfacet
facet normal 0 0 1
outer loop
vertex -25.224232000000004 23.351218000000003 5.999994000000001
vertex -22.500181000000005 23.561637000000005 5.999994000000001
vertex -26.752924000000004 23.561637000000005 5.999994000000001
endloop
endfacet
facet normal 0 0 1
outer loop
vertex 23.065911000000003 23.065911000000003 5.999994000000001
vertex 23.561637000000005 22.500181000000005 5.999994000000001
vertex 27.287315000000007 22.500181000000005 5.999994000000001
endloop
endfacet
facet normal 0 0 1
outer loop
vertex 23.065911000000003 23.065911000000003 5.999994000000001
vertex 27.287315000000007 22.500181000000005 5.999994000000001
vertex 27.008520000000004 23.065911000000003 5.999994000000001
endloop
endfacet
facet normal 0 0 1
outer loop
vertex -27.008520000000004 23.065911000000003 5.999994000000001
vertex -27.287315000000007 22.500181000000005 5.999994000000001
vertex -23.561637000000005 22.500181000000005 5.999994000000001
endloop
endfacet
facet normal 0 0 1
outer loop
vertex -27.008520000000004 23.065911000000003 5.999994000000001
vertex -23.561637000000005 22.500181000000005 5.999994000000001
vertex -23.065911000000003 23.065911000000003 5.999994000000001
endloop
endfacet
facet normal 0 0 1
outer loop
vertex 25.930377000000004 22.238887000000005 5.999994000000001
vertex 23.561637000000005 22.500181000000005 5.999994000000001
vertex 23.979626000000003 21.875029000000005 5.999994000000001
endloop
endfacet
facet normal 0 0 1
outer loop
vertex 25.930377000000004 22.238887000000005 5.999994000000001
vertex 23.979626000000003 21.875029000000005 5.999994000000001
vertex 27.508316000000004 21.875029000000005 5.999994000000001
endloop
endfacet
facet normal 0 0 1
outer loop
vertex 25.930377000000004 22.238887000000005 5.999994000000001
vertex 27.508316000000004 21.875029000000005 5.999994000000001
vertex 27.314991000000006 22.444015000000004 5.999994000000001
endloop
endfacet
facet normal 0 0 1
outer loop
vertex 25.930377000000004 22.238887000000005 5.999994000000001
vertex 27.314991000000006 22.444015000000004 5.999994000000001
vertex 27.287315000000007 22.500181000000005 5.999994000000001
endloop
endfacet
facet normal 0 0 1
outer loop
vertex 25.930377000000004 22.238887000000005 5.999994000000001
vertex 27.287315000000007 22.500181000000005 5.999994000000001
vertex 23.561637000000005 22.500181000000005 5.999994000000001
endloop
endfacet
facet normal 0 0 1
outer loop
vertex -25.930377000000004 22.238887000000005 5.999994000000001
vertex -27.287315000000007 22.500181000000005 5.999994000000001
vertex -27.314991000000006 22.444015000000004 5.999994000000001
endloop
endfacet
facet normal 0 0 1
outer loop
vertex -25.930377000000004 22.238887000000005 5.999994000000001
vertex -27.314991000000006 22.444015000000004 5.999994000000001
vertex -27.508316000000004 21.875029000000005 5.999994000000001
endloop
endfacet
facet normal 0 0 1
outer loop
vertex -25.930377000000004 22.238887000000005 5.999994000000001
vertex -27.508316000000004 21.875029000000005 5.999994000000001
vertex -23.979626000000003 21.875029000000005 5.999994000000001
endloop
endfacet
facet normal 0 0 1
outer loop
vertex -25.930377000000004 22.238887000000005 5.999994000000001
vertex -23.979626000000003 21.875029000000005 5.999994000000001
vertex -23.561637000000005 22.500181000000005 5.999994000000001
endloop
endfacet
facet normal 0 0 1
outer loop
vertex -25.930377000000004 22.238887000000005 5.999994000000001
vertex -23.561637000000005 22.500181000000005 5.999994000000001
vertex -27.287315000000007 22.500181000000005 5.999994000000001
endloop
endfacet
facet normal 0 0 0.9999999999999999
outer loop
vertex 26.242546000000004 21.496112000000004 5.999994000000001
vertex 23.979626000000003 21.875029000000005 5.999994000000001
vertex 24.312145000000005 21.200630000000004 5.999994000000001
endloop
endfacet
facet normal 0 0 1
outer loop
vertex 26.242546000000004 21.496112000000004 5.999994000000001
vertex 24.312145000000005 21.200630000000004 5.999994000000001
vertex 27.719142000000005 21.200630000000004 5.999994000000001
endloop
endfacet
facet normal 0 0 1
outer loop
vertex 26.242546000000004 21.496112000000004 5.999994000000001
vertex 27.719142000000005 21.200630000000004 5.999994000000001
vertex 27.693501000000005 21.329242000000004 5.999994000000001
endloop
endfacet
facet normal 0 0 1
outer loop
vertex 26.242546000000004 21.496112000000004 5.999994000000001
vertex 27.693501000000005 21.329242000000004 5.999994000000001
vertex 27.508316000000004 21.875029000000005 5.999994000000001
endloop
endfacet
facet normal 0 0 1
outer loop
vertex 26.242546000000004 21.496112000000004 5.999994000000001
vertex 27.508316000000004 21.875029000000005 5.999994000000001
vertex 23.979626000000003 21.875029000000005 5.999994000000001
endloop
endfacet
facet normal 0 0 1
outer loop
vertex -26.242546000000004 21.496112000000004 5.999994000000001
vertex -27.508316000000004 21.875029000000005 5.999994000000001
vertex -27.693501000000005 21.329242000000004 5.999994000000001
endloop
endfacet
facet normal 0 0 1
outer loop
vertex -26.242546000000004 21.496112000000004 5.999994000000001
vertex -27.693501000000005 21.329242000000004 5.999994000000001
vertex -27.719142000000005 21.200630000000004 5.999994000000001
endloop
endfacet
facet normal 0 0 1
outer loop
vertex -26.242546000000004 21.496112000000004 5.999994000000001
vertex -27.719142000000005 21.200630000000004 5.999994000000001
vertex -24.312145000000005 21.200630000000004 5.999994000000001
endloop
endfacet
facet normal 0 0 0.9999999999999999
outer loop
vertex -26.242546000000004 21.496112000000004 5.999994000000001
vertex -24.312145000000005 21.200630000000004 5.999994000000001
vertex -23.979626000000003 21.875029000000005 5.999994000000001
endloop
endfacet
facet normal 0 0 1
outer loop
vertex -26.242546000000004 21.496112000000004 5.999994000000001
vertex -23.979626000000003 21.875029000000005 5.999994000000001
vertex -27.508316000000004 21.875029000000005 5.999994000000001
endloop
endfacet
facet normal 0 0 1
outer loop
vertex 24.312145000000005 21.200630000000004 5.999994000000001
vertex 24.553903000000005 20.488380000000003 5.999994000000001
vertex 27.860778000000007 20.488380000000003 5.999994000000001
endloop
endfacet
facet normal 0 0 1
outer loop
vertex 24.312145000000005 21.200630000000004 5.999994000000001
vertex 27.860778000000007 20.488380000000003 5.999994000000001
vertex 27.719142000000005 21.200630000000004 5.999994000000001
endloop
endfacet
facet normal 0 0 1
outer loop
vertex -27.719142000000005 21.200630000000004 5.999994000000001
vertex -27.860778000000007 20.488380000000003 5.999994000000001
vertex -24.553903000000005 20.488380000000003 5.999994000000001
endloop
endfacet
facet normal 0 0 1
outer loop
vertex -27.719142000000005 21.200630000000004 5.999994000000001
vertex -24.553903000000005 20.488380000000003 5.999994000000001
vertex -24.312145000000005 21.200630000000004 5.999994000000001
endloop
endfacet
facet normal 0 0 1
outer loop
vertex 26.597857000000005 20.130627000000004 5.999994000000001
vertex 24.553903000000005 20.488380000000003 5.999994000000001
vertex 24.700830000000003 19.750489000000005 5.999994000000001
endloop
endfacet
facet normal 0 0 1
outer loop
vertex 26.597857000000005 20.130627000000004 5.999994000000001
vertex 24.700830000000003 19.750489000000005 5.999994000000001
vertex 27.950725000000006 19.750489000000005 5.999994000000001
endloop
endfacet
facet normal 0 0 0.9999999999999999
outer loop
vertex 26.597857000000005 20.130627000000004 5.999994000000001
vertex 27.950725000000006 19.750489000000005 5.999994000000001
vertex 27.923049000000006 20.174583000000005 5.999994000000001
endloop
endfacet
facet normal 0 0 1
outer loop
vertex 26.597857000000005 20.130627000000004 5.999994000000001
vertex 27.923049000000006 20.174583000000005 5.999994000000001
vertex 27.860778000000007 20.488380000000003 5.999994000000001
endloop
endfacet
facet normal 0 0 1
outer loop
vertex 26.597857000000005 20.130627000000004 5.999994000000001
vertex 27.860778000000007 20.488380000000003 5.999994000000001
vertex 24.553903000000005 20.488380000000003 5.999994000000001
endloop
endfacet
facet normal 0 0 1
outer loop
vertex -26.597857000000005 20.130627000000004 5.999994000000001
vertex -27.860778000000007 20.488380000000003 5.999994000000001
vertex -27.923049000000006 20.174583000000005 5.999994000000001
endloop
endfacet
facet normal 0 0 0.9999999999999999
outer loop
vertex -26.597857000000005 20.130627000000004 5.999994000000001
vertex -27.923049000000006 20.174583000000005 5.999994000000001
vertex -27.950725000000006 19.750489000000005 5.999994000000001
endloop
endfacet
facet normal 0 0 1
outer loop
vertex -26.597857000000005 20.130627000000004 5.999994000000001
vertex -27.950725000000006 19.750489000000005 5.999994000000001
vertex -24.700830000000003 19.750489000000005 5.999994000000001
endloop
endfacet
facet normal 0 0 1
outer loop
vertex -26.597857000000005 20.130627000000004 5.999994000000001
vertex -24.700830000000003 19.750489000000005 5.999994000000001
vertex -24.553903000000005 20.488380000000003 5.999994000000001
endloop
endfacet
facet normal 0 0 1
outer loop
vertex -26.597857000000005 20.130627000000004 5.999994000000001
vertex -24.553903000000005 20.488380000000003 5.999994000000001
vertex -27.860778000000007 20.488380000000003 5.999994000000001
endloop
endfacet
facet normal 0 0 1
outer loop
vertex 24.700830000000003 19.750489000000005 5.999994000000001
vertex 24.750077000000005 18.999981000000005 5.999994000000001
vertex 27.999972000000007 18.999981000000005 5.999994000000001
endloop
endfacet
facet normal 0 0 1
outer loop
vertex 24.700830000000003 19.750489000000005 5.999994000000001
vertex 27.999972000000007 18.999981000000005 5.999994000000001
vertex 27.950725000000006 19.750489000000005 5.999994000000001
endloop
endfacet
facet normal 0 0 1
outer loop
vertex -27.950725000000006 19.750489000000005 5.999994000000001
vertex -27.999972000000007 18.999981000000005 5.999994000000001
vertex -24.750077000000005 18.999981000000005 5.999994000000001
endloop
endfacet
facet normal 0 0 1
outer loop
vertex -27.950725000000006 19.750489000000005 5.999994000000001
vertex -24.750077000000005 18.999981000000005 5.999994000000001
vertex -24.700830000000003 19.750489000000005 5.999994000000001
endloop
endfacet
facet normal 0 0 1
outer loop
vertex 24.750077000000005 18.999981000000005 5.999994000000001
vertex 24.750077000000005 -18.999981000000005 5.999994000000001
vertex 27.999972000000007 -18.999981000000005 5.999994000000001
endloop
endfacet
facet normal 0 0 1
outer loop
vertex 24.750077000000005 18.999981000000005 5.999994000000001
vertex 27.999972000000007 -18.999981000000005 5.999994000000001
vertex 27.999972000000007 18.999981000000005 5.999994000000001
endloop
endfacet
facet normal 0 0 1
outer loop
vertex -27.999972000000007 18.999981000000005 5.999994000000001
vertex -27.999972000000007 -18.999981000000005 5.999994000000001
vertex -24.750077000000005 -18.999981000000005 5.999994000000001
endloop
endfacet
facet normal 0 0 1
outer loop
vertex -27.999972000000007 18.999981000000005 5.999994000000001
vertex -24.750077000000005 -18.999981000000005 5.999994000000001
vertex -24.750077000000005 18.999981000000005 5.999994000000001
endloop
endfacet
facet normal 0 0 1
outer loop
vertex 24.750077000000005 -18.999981000000005 5.999994000000001
vertex 24.700830000000003 -19.750489000000005 5.999994000000001
vertex 27.950725000000006 -19.750489000000005 5.999994000000001
endloop
endfacet
facet normal 0 0 1
outer loop
vertex 24.750077000000005 -18.999981000000005 5.999994000000001
vertex 27.950725000000006 -19.750489000000005 5.999994000000001
vertex 27.999972000000007 -18.999981000000005 5.999994000000001
endloop
endfacet
facet normal 0 0 1
outer loop
vertex -27.999972000000007 -18.999981000000005 5.999994000000001
vertex -27.950725000000006 -19.750489000000005 5.999994000000001
vertex -24.700830000000003 -19.750489000000005 5.999994000000001
endloop
endfacet
facet normal 0 0 1
outer loop
vertex -27.999972000000007 -18.999981000000005 5.999994000000001
vertex -24.700830000000003 -19.750489000000005 5.999994000000001
vertex -24.750077000000005 -18.999981000000005 5.999994000000001
endloop
endfacet
facet normal 0 0 1
outer loop
vertex 26.597857000000005 -20.130627000000004 5.999994000000001
vertex 24.700830000000003 -19.750489000000005 5.999994000000001
vertex 24.553903000000005 -20.488380000000003 5.999994000000001
endloop
endfacet
facet normal 0 0 1
outer loop
vertex 26.597857000000005 -20.130627000000004 5.999994000000001
vertex 24.553903000000005 -20.488380000000003 5.999994000000001
vertex 27.860778000000007 -20.488380000000003 5.999994000000001
endloop
endfacet
facet normal 0 0 1
outer loop
vertex 26.597857000000005 -20.130627000000004 5.999994000000001
vertex 27.860778000000007 -20.488380000000003 5.999994000000001
vertex 27.923049000000006 -20.174583000000005 5.999994000000001
endloop
endfacet
facet normal 0 0 0.9999999999999999
outer loop
vertex 26.597857000000005 -20.130627000000004 5.999994000000001
vertex 27.923049000000006 -20.174583000000005 5.999994000000001
vertex 27.950725000000006 -19.750489000000005 5.999994000000001
endloop
endfacet
facet normal 0 0 1
outer loop
vertex 26.597857000000005 -20.130627000000004 5.999994000000001
vertex 27.950725000000006 -19.750489000000005 5.999994000000001
vertex 24.700830000000003 -19.750489000000005 5.999994000000001
endloop
endfacet
facet normal 0 0 0.9999999999999999
outer loop
vertex -26.597857000000005 -20.130627000000004 5.999994000000001
vertex -27.950725000000006 -19.750489000000005 5.999994000000001
vertex -27.923049000000006 -20.174583000000005 5.999994000000001
endloop
endfacet
facet normal 0 0 1
outer loop
vertex -26.597857000000005 -20.130627000000004 5.999994000000001
vertex -27.923049000000006 -20.174583000000005 5.999994000000001
vertex -27.860778000000007 -20.488380000000003 5.999994000000001
endloop
endfacet
facet normal 0 0 1
outer loop
vertex -26.597857000000005 -20.130627000000004 5.999994000000001
vertex -27.860778000000007 -20.488380000000003 5.999994000000001
vertex -24.553903000000005 -20.488380000000003 5.999994000000001
endloop
endfacet
facet normal 0 0 1
outer loop
vertex -26.597857000000005 -20.130627000000004 5.999994000000001
vertex -24.553903000000005 -20.488380000000003 5.999994000000001
vertex -24.700830000000003 -19.750489000000005 5.999994000000001
endloop
endfacet
facet normal 0 0 1
outer loop
vertex -26.597857000000005 -20.130627000000004 5.999994000000001
vertex -24.700830000000003 -19.750489000000005 5.999994000000001
vertex -27.950725000000006 -19.750489000000005 5.999994000000001
endloop
endfacet
facet normal 0 0 1
outer loop
vertex 24.553903000000005 -20.488380000000003 5.999994000000001
vertex 24.312145000000005 -21.200630000000004 5.999994000000001
vertex 27.719142000000005 -21.200630000000004 5.999994000000001
endloop
endfacet
facet normal 0 0 1
outer loop
vertex 24.553903000000005 -20.488380000000003 5.999994000000001
vertex 27.719142000000005 -21.200630000000004 5.999994000000001
vertex 27.860778000000007 -20.488380000000003 5.999994000000001
endloop
endfacet
facet normal 0 0 1
outer loop
vertex -27.860778000000007 -20.488380000000003 5.999994000000001
vertex -27.719142000000005 -21.200630000000004 5.999994000000001
vertex -24.312145000000005 -21.200630000000004 5.999994000000001
endloop
endfacet
facet normal 0 0 1
outer loop
vertex -27.860778000000007 -20.488380000000003 5.999994000000001
vertex -24.312145000000005 -21.200630000000004 5.999994000000001
vertex -24.553903000000005 -20.488380000000003 5.999994000000001
endloop
endfacet
facet normal 0 0 0.9999999999999999
outer loop
vertex 26.242546000000004 -21.496112000000004 5.999994000000001
vertex 24.312145000000005 -21.200630000000004 5.999994000000001
vertex 23.979626000000003 -21.875029000000005 5.999994000000001
endloop
endfacet
facet normal 0 0 1
outer loop
vertex 26.242546000000004 -21.496112000000004 5.999994000000001
vertex 23.979626000000003 -21.875029000000005 5.999994000000001
vertex 27.508316000000004 -21.875029000000005 5.999994000000001
endloop
endfacet
facet normal 0 0 1
outer loop
vertex 26.242546000000004 -21.496112000000004 5.999994000000001
vertex 27.508316000000004 -21.875029000000005 5.999994000000001
vertex 27.693501000000005 -21.329242000000004 5.999994000000001
endloop
endfacet
facet normal 0 0 1
outer loop
vertex 26.242546000000004 -21.496112000000004 5.999994000000001
vertex 27.693501000000005 -21.329242000000004 5.999994000000001
vertex 27.719142000000005 -21.200630000000004 5.999994000000001
endloop
endfacet
facet normal 0 0 1
outer loop
vertex 26.242546000000004 -21.496112000000004 5.999994000000001
vertex 27.719142000000005 -21.200630000000004 5.999994000000001
vertex 24.312145000000005 -21.200630000000004 5.999994000000001
endloop
endfacet
facet normal 0 0 1
outer loop
vertex -26.242546000000004 -21.496112000000004 5.999994000000001
vertex -27.719142000000005 -21.200630000000004 5.999994000000001
vertex -27.693501000000005 -21.329242000000004 5.999994000000001
endloop
endfacet
facet normal 0 0 1
outer loop
vertex -26.242546000000004 -21.496112000000004 5.999994000000001
vertex -27.693501000000005 -21.329242000000004 5.999994000000001
vertex -27.508316000000004 -21.875029000000005 5.999994000000001
endloop
endfacet
facet normal 0 0 1
outer loop
vertex -26.242546000000004 -21.496112000000004 5.999994000000001
vertex -27.508316000000004 -21.875029000000005 5.999994000000001
vertex -23.979626000000003 -21.875029000000005 5.999994000000001
endloop
endfacet
facet normal 0 0 0.9999999999999999
outer loop
vertex -26.242546000000004 -21.496112000000004 5.999994000000001
vertex -23.979626000000003 -21.875029000000005 5.999994000000001
vertex -24.312145000000005 -21.200630000000004 5.999994000000001
endloop
endfacet
facet normal 0 0 1
outer loop
vertex -26.242546000000004 -21.496112000000004 5.999994000000001
vertex -24.312145000000005 -21.200630000000004 5.999994000000001
vertex -27.719142000000005 -21.200630000000004 5.999994000000001
endloop
endfacet
facet normal 0 0 1
outer loop
vertex 25.930377000000004 -22.238887000000005 5.999994000000001
vertex 23.979626000000003 -21.875029000000005 5.999994000000001
vertex 23.561637000000005 -22.500181000000005 5.999994000000001
endloop
endfacet
facet normal 0 0 1
outer loop
vertex 25.930377000000004 -22.238887000000005 5.999994000000001
vertex 23.561637000000005 -22.500181000000005 5.999994000000001
vertex 27.287315000000007 -22.500181000000005 5.999994000000001
endloop
endfacet
facet normal 0 0 1
outer loop
vertex 25.930377000000004 -22.238887000000005 5.999994000000001
vertex 27.287315000000007 -22.500181000000005 5.999994000000001
vertex 27.314991000000006 -22.444015000000004 5.999994000000001
endloop
endfacet
facet normal 0 0 1
outer loop
vertex 25.930377000000004 -22.238887000000005 5.999994000000001
vertex 27.314991000000006 -22.444015000000004 5.999994000000001
vertex 27.508316000000004 -21.875029000000005 5.999994000000001
endloop
endfacet
facet normal 0 0 1
outer loop
vertex 25.930377000000004 -22.238887000000005 5.999994000000001
vertex 27.508316000000004 -21.875029000000005 5.999994000000001
vertex 23.979626000000003 -21.875029000000005 5.999994000000001
endloop
endfacet
facet normal 0 0 1
outer loop
vertex -25.930377000000004 -22.238887000000005 5.999994000000001
vertex -27.508316000000004 -21.875029000000005 5.999994000000001
vertex -27.314991000000006 -22.444015000000004 5.999994000000001
endloop
endfacet
facet normal 0 0 1
outer loop
vertex -25.930377000000004 -22.238887000000005 5.999994000000001
vertex -27.314991000000006 -22.444015000000004 5.999994000000001
vertex -27.287315000000007 -22.500181000000005 5.999994000000001
endloop
endfacet
facet normal 0 0 1
outer loop
vertex -25.930377000000004 -22.238887000000005 5.999994000000001
vertex -27.287315000000007 -22.500181000000005 5.999994000000001
vertex -23.561637000000005 -22.500181000000005 5.999994000000001
endloop
endfacet
facet normal 0 0 1
outer loop
vertex -25.930377000000004 -22.238887000000005 5.999994000000001
vertex -23.561637000000005 -22.500181000000005 5.999994000000001
vertex -23.979626000000003 -21.875029000000005 5.999994000000001
endloop
endfacet
facet normal 0 0 1
outer loop
vertex -25.930377000000004 -22.238887000000005 5.999994000000001
vertex -23.979626000000003 -21.875029000000005 5.999994000000001
vertex -27.508316000000004 -21.875029000000005 5.999994000000001
endloop
endfacet
facet normal 0 0 1
outer loop
vertex 23.561637000000005 -22.500181000000005 5.999994000000001
vertex 23.065911000000003 -23.065911000000003 5.999994000000001
vertex 27.008520000000004 -23.065911000000003 5.999994000000001
endloop
endfacet
facet normal 0 0 1
outer loop
vertex 23.561637000000005 -22.500181000000005 5.999994000000001
vertex 27.008520000000004 -23.065911000000003 5.999994000000001
vertex 27.287315000000007 -22.500181000000005 5.999994000000001
endloop
endfacet
facet normal 0 0 1
outer loop
vertex -27.287315000000007 -22.500181000000005 5.999994000000001
vertex -27.008520000000004 -23.065911000000003 5.999994000000001
vertex -23.065911000000003 -23.065911000000003 5.999994000000001
endloop
endfacet
facet normal 0 0 1
outer loop
vertex -27.287315000000007 -22.500181000000005 5.999994000000001
vertex -23.065911000000003 -23.065911000000003 5.999994000000001
vertex -23.561637000000005 -22.500181000000005 5.999994000000001
endloop
endfacet
facet normal 0 0 1
outer loop
vertex 25.224232000000004 -23.351218000000003 5.999994000000001
vertex 23.065911000000003 -23.065911000000003 5.999994000000001
vertex 22.500181000000005 -23.561637000000005 5.999994000000001
endloop
endfacet
facet normal 0 0 1
outer loop
vertex 25.224232000000004 -23.351218000000003 5.999994000000001
vertex 22.500181000000005 -23.561637000000005 5.999994000000001
vertex 26.752924000000004 -23.561637000000005 5.999994000000001
endloop
endfacet
facet normal 0 0 1
outer loop
vertex 25.224232000000004 -23.351218000000003 5.999994000000001
vertex 26.752924000000004 -23.561637000000005 5.999994000000001
vertex 26.794031000000004 -23.500180000000004 5.999994000000001
endloop
endfacet
facet normal 0 0 1
outer loop
vertex 25.224232000000004 -23.351218000000003 5.999994000000001
vertex 26.794031000000004 -23.500180000000004 5.999994000000001
vertex 27.008520000000004 -23.065911000000003 5.999994000000001
endloop
endfacet
facet normal 0 0 1
outer loop
vertex 25.224232000000004 -23.351218000000003 5.999994000000001
vertex 27.008520000000004 -23.065911000000003 5.999994000000001
vertex 23.065911000000003 -23.065911000000003 5.999994000000001
endloop
endfacet
facet normal 0 0 1
outer loop
vertex -25.224232000000004 -23.351218000000003 5.999994000000001
vertex -27.008520000000004 -23.065911000000003 5.999994000000001
vertex -26.794031000000004 -23.500180000000004 5.999994000000001
endloop
endfacet
facet normal 0 0 1
outer loop
vertex -25.224232000000004 -23.351218000000003 5.999994000000001
vertex -26.794031000000004 -23.500180000000004 5.999994000000001
vertex -26.752924000000004 -23.561637000000005 5.999994000000001
endloop
endfacet
facet normal 0 0 1
outer loop
vertex -25.224232000000004 -23.351218000000003 5.999994000000001
vertex -26.752924000000004 -23.561637000000005 5.999994000000001
vertex -22.500181000000005 -23.561637000000005 5.999994000000001
endloop
endfacet
facet normal 0 0 1
outer loop
vertex -25.224232000000004 -23.351218000000003 5.999994000000001
vertex -22.500181000000005 -23.561637000000005 5.999994000000001
vertex -23.065911000000003 -23.065911000000003 5.999994000000001
endloop
endfacet
facet normal 0 0 1
outer loop
vertex -25.224232000000004 -23.351218000000003 5.999994000000001
vertex -23.065911000000003 -23.065911000000003 5.999994000000001
vertex -27.008520000000004 -23.065911000000003 5.999994000000001
endloop
endfacet
facet normal 0 0 1
outer loop
vertex 22.500181000000005 -23.561637000000005 5.999994000000001
vertex 21.875029000000005 -23.979626000000003 5.999994000000001
vertex 26.473722000000006 -23.979626000000003 5.999994000000001
endloop
endfacet
facet normal 0 0 1
outer loop
vertex 22.500181000000005 -23.561637000000005 5.999994000000001
vertex 26.473722000000006 -23.979626000000003 5.999994000000001
vertex 26.752924000000004 -23.561637000000005 5.999994000000001
endloop
endfacet
facet normal 0 0 1
outer loop
vertex -26.752924000000004 -23.561637000000005 5.999994000000001
vertex -26.473722000000006 -23.979626000000003 5.999994000000001
vertex -21.875029000000005 -23.979626000000003 5.999994000000001
endloop
endfacet
facet normal 0 0 1
outer loop
vertex -26.752924000000004 -23.561637000000005 5.999994000000001
vertex -21.875029000000005 -23.979626000000003 5.999994000000001
vertex -22.500181000000005 -23.561637000000005 5.999994000000001
endloop
endfacet
facet normal 0 0 1
outer loop
vertex 21.875029000000005 -23.979626000000003 5.999994000000001
vertex 21.200630000000004 -24.312145000000005 5.999994000000001
vertex 26.251500000000004 -24.312145000000005 5.999994000000001
endloop
endfacet
facet normal 0 0 1
outer loop
vertex 21.875029000000005 -23.979626000000003 5.999994000000001
vertex 26.251500000000004 -24.312145000000005 5.999994000000001
vertex 26.473722000000006 -23.979626000000003 5.999994000000001
endloop
endfacet
facet normal 0 0 0.9999999999999999
outer loop
vertex -26.473722000000006 -23.979626000000003 5.999994000000001
vertex -26.251500000000004 -24.312145000000005 5.999994000000001
vertex -21.200630000000004 -24.312145000000005 5.999994000000001
endloop
endfacet
facet normal 0 0 1
outer loop
vertex -26.473722000000006 -23.979626000000003 5.999994000000001
vertex -21.200630000000004 -24.312145000000005 5.999994000000001
vertex -21.875029000000005 -23.979626000000003 5.999994000000001
endloop
endfacet
facet normal 0 0 1
outer loop
vertex 24.030908000000004 -24.442385000000005 5.999994000000001
vertex 21.200630000000004 -24.312145000000005 5.999994000000001
vertex 20.488380000000003 -24.553903000000005 5.999994000000001
endloop
endfacet
facet normal 0 0 1
outer loop
vertex 24.030908000000004 -24.442385000000005 5.999994000000001
vertex 20.488380000000003 -24.553903000000005 5.999994000000001
vertex 26.074048000000005 -24.553903000000005 5.999994000000001
endloop
endfacet
facet normal 0 0 1
outer loop
vertex 24.030908000000004 -24.442385000000005 5.999994000000001
vertex 26.074048000000005 -24.553903000000005 5.999994000000001
vertex 26.139982000000007 -24.479015000000004 5.999994000000001
endloop
endfacet
facet normal 0 0 1
outer loop
vertex 24.030908000000004 -24.442385000000005 5.999994000000001
vertex 26.139982000000007 -24.479015000000004 5.999994000000001
vertex 26.251500000000004 -24.312145000000005 5.999994000000001
endloop
endfacet
facet normal 0 0 1
outer loop
vertex 24.030908000000004 -24.442385000000005 5.999994000000001
vertex 26.251500000000004 -24.312145000000005 5.999994000000001
vertex 21.200630000000004 -24.312145000000005 5.999994000000001
endloop
endfacet
facet normal 0 0 1
outer loop
vertex -24.030908000000004 -24.442385000000005 5.999994000000001
vertex -26.251500000000004 -24.312145000000005 5.999994000000001
vertex -26.139982000000007 -24.479015000000004 5.999994000000001
endloop
endfacet
facet normal 0 0 1
outer loop
vertex -24.030908000000004 -24.442385000000005 5.999994000000001
vertex -26.139982000000007 -24.479015000000004 5.999994000000001
vertex -26.074048000000005 -24.553903000000005 5.999994000000001
endloop
endfacet
facet normal 0 0 1
outer loop
vertex -24.030908000000004 -24.442385000000005 5.999994000000001
vertex -26.074048000000005 -24.553903000000005 5.999994000000001
vertex -20.488380000000003 -24.553903000000005 5.999994000000001
endloop
endfacet
facet normal 0 0 1
outer loop
vertex -24.030908000000004 -24.442385000000005 5.999994000000001
vertex -20.488380000000003 -24.553903000000005 5.999994000000001
vertex -21.200630000000004 -24.312145000000005 5.999994000000001
endloop
endfacet
facet normal 0 0 1
outer loop
vertex -24.030908000000004 -24.442385000000005 5.999994000000001
vertex -21.200630000000004 -24.312145000000005 5.999994000000001
vertex -26.251500000000004 -24.312145000000005 5.999994000000001
endloop
endfacet
facet normal 0 0 1
outer loop
vertex 20.488380000000003 -24.553903000000005 5.999994000000001
vertex 19.750489000000005 -24.700830000000003 5.999994000000001
vertex 25.945436000000004 -24.700830000000003 5.999994000000001
endloop
endfacet
facet normal 0 0 1
outer loop
vertex 20.488380000000003 -24.553903000000005 5.999994000000001
vertex 25.945436000000004 -24.700830000000003 5.999994000000001
vertex 26.074048000000005 -24.553903000000005 5.999994000000001
endloop
endfacet
facet normal 0 0 1
outer loop
vertex -26.074048000000005 -24.553903000000005 5.999994000000001
vertex -25.945436000000004 -24.700830000000003 5.999994000000001
vertex -19.750489000000005 -24.700830000000003 5.999994000000001
endloop
endfacet
facet normal 0 0 1
outer loop
vertex -26.074048000000005 -24.553903000000005 5.999994000000001
vertex -19.750489000000005 -24.700830000000003 5.999994000000001
vertex -20.488380000000003 -24.553903000000005 5.999994000000001
endloop
endfacet
facet normal 0 0 1
outer loop
vertex 19.750489000000005 -24.700830000000003 5.999994000000001
vertex 18.999981000000005 -24.750077000000005 5.999994000000001
vertex 25.902294000000005 -24.750077000000005 5.999994000000001
endloop
endfacet
facet normal 0 0 1
outer loop
vertex 19.750489000000005 -24.700830000000003 5.999994000000001
vertex 25.902294000000005 -24.750077000000005 5.999994000000001
vertex 25.945436000000004 -24.700830000000003 5.999994000000001
endloop
endfacet
facet normal 0 0 1
outer loop
vertex -25.945436000000004 -24.700830000000003 5.999994000000001
vertex -25.902294000000005 -24.750077000000005 5.999994000000001
vertex -18.999981000000005 -24.750077000000005 5.999994000000001
endloop
endfacet
facet normal 0 0 1
outer loop
vertex -25.945436000000004 -24.700830000000003 5.999994000000001
vertex -18.999981000000005 -24.750077000000005 5.999994000000001
vertex -19.750489000000005 -24.700830000000003 5.999994000000001
endloop
endfacet
facet normal 0 0 1
outer loop
vertex 19.472101000000002 -26.498142000000005 5.999994000000001
vertex 18.999981000000005 -24.750077000000005 5.999994000000001
vertex 6.500197000000001 -24.750077000000005 5.999994000000001
endloop
endfacet
facet normal 0 0 1
outer loop
vertex 19.472101000000002 -26.498142000000005 5.999994000000001
vertex 6.500197000000001 -24.750077000000005 5.999994000000001
vertex 6.500197000000001 -27.999972000000007 5.999994000000001
endloop
endfacet
facet normal 0 0 1
outer loop
vertex 19.472101000000002 -26.498142000000005 5.999994000000001
vertex 6.500197000000001 -27.999972000000007 5.999994000000001
vertex 18.999981000000005 -27.999972000000007 5.999994000000001
endloop
endfacet
facet normal 0 0 0.9999999999999999
outer loop
vertex 19.472101000000002 -26.498142000000005 5.999994000000001
vertex 18.999981000000005 -27.999972000000007 5.999994000000001
vertex 20.174583000000005 -27.923049000000006 5.999994000000001
endloop
endfacet
facet normal 0 0 0.9999999999999999
outer loop
vertex 19.472101000000002 -26.498142000000005 5.999994000000001
vertex 20.174583000000005 -27.923049000000006 5.999994000000001
vertex 21.329242000000004 -27.693501000000005 5.999994000000001
endloop
endfacet
facet normal 0 0 1
outer loop
vertex 19.472101000000002 -26.498142000000005 5.999994000000001
vertex 21.329242000000004 -27.693501000000005 5.999994000000001
vertex 22.444015000000004 -27.314991000000006 5.999994000000001
endloop
endfacet
facet normal 0 0 1
outer loop
vertex 19.472101000000002 -26.498142000000005 5.999994000000001
vertex 22.444015000000004 -27.314991000000006 5.999994000000001
vertex 23.500180000000004 -26.794031000000004 5.999994000000001
endloop
endfacet
facet normal 0 0 1
outer loop
vertex 19.472101000000002 -26.498142000000005 5.999994000000001
vertex 23.500180000000004 -26.794031000000004 5.999994000000001
vertex 24.479015000000004 -26.139982000000007 5.999994000000001
endloop
endfacet
facet normal 0 0 1
outer loop
vertex 19.472101000000002 -26.498142000000005 5.999994000000001
vertex 24.479015000000004 -26.139982000000007 5.999994000000001
vertex 25.363833000000007 -25.363833000000007 5.999994000000001
endloop
endfacet
facet normal 0 0 0.9999999999999999
outer loop
vertex 19.472101000000002 -26.498142000000005 5.999994000000001
vertex 25.363833000000007 -25.363833000000007 5.999994000000001
vertex 25.902294000000005 -24.750077000000005 5.999994000000001
endloop
endfacet
facet normal 0 0 1
outer loop
vertex 19.472101000000002 -26.498142000000005 5.999994000000001
vertex 25.902294000000005 -24.750077000000005 5.999994000000001
vertex 18.999981000000005 -24.750077000000005 5.999994000000001
endloop
endfacet
facet normal 0 0 1
outer loop
vertex -19.472101000000002 -26.498142000000005 5.999994000000001
vertex -18.999981000000005 -24.750077000000005 5.999994000000001
vertex -25.902294000000005 -24.750077000000005 5.999994000000001
endloop
endfacet
facet normal 0 0 0.9999999999999999
outer loop
vertex -19.472101000000002 -26.498142000000005 5.999994000000001
vertex -25.902294000000005 -24.750077000000005 5.999994000000001
vertex -25.363833000000007 -25.363833000000007 5.999994000000001
endloop
endfacet
facet normal 0 0 1
outer loop
vertex -19.472101000000002 -26.498142000000005 5.999994000000001
vertex -25.363833000000007 -25.363833000000007 5.999994000000001
vertex -24.479015000000004 -26.139982000000007 5.999994000000001
endloop
endfacet
facet normal 0 0 1
outer loop
vertex -19.472101000000002 -26.498142000000005 5.999994000000001
vertex -24.479015000000004 -26.139982000000007 5.999994000000001
vertex -23.500180000000004 -26.794031000000004 5.999994000000001
endloop
endfacet
facet normal 0 0 1
outer loop
vertex -19.472101000000002 -26.498142000000005 5.999994000000001
vertex -23.500180000000004 -26.794031000000004 5.999994000000001
vertex -22.444015000000004 -27.314991000000006 5.999994000000001
endloop
endfacet
facet normal 0 0 1
outer loop
vertex -19.472101000000002 -26.498142000000005 5.999994000000001
vertex -22.444015000000004 -27.314991000000006 5.999994000000001
vertex -21.329242000000004 -27.693501000000005 5.999994000000001
endloop
endfacet
facet normal 0 0 0.9999999999999999
outer loop
vertex -19.472101000000002 -26.498142000000005 5.999994000000001
vertex -21.329242000000004 -27.693501000000005 5.999994000000001
vertex -20.174583000000005 -27.923049000000006 5.999994000000001
endloop
endfacet
facet normal 0 0 0.9999999999999999
outer loop
vertex -19.472101000000002 -26.498142000000005 5.999994000000001
vertex -20.174583000000005 -27.923049000000006 5.999994000000001
vertex -18.999981000000005 -27.999972000000007 5.999994000000001
endloop
endfacet
facet normal 0 0 1
outer loop
vertex -19.472101000000002 -26.498142000000005 5.999994000000001
vertex -18.999981000000005 -27.999972000000007 5.999994000000001
vertex -6.500197000000001 -27.999972000000007 5.999994000000001
endloop
endfacet
facet normal 0 0 1
outer loop
vertex -19.472101000000002 -26.498142000000005 5.999994000000001
vertex -6.500197000000001 -27.999972000000007 5.999994000000001
vertex -6.500197000000001 -24.750077000000005 5.999994000000001
endloop
endfacet
facet normal 0 0 1
outer loop
vertex -19.472101000000002 -26.498142000000005 5.999994000000001
vertex -6.500197000000001 -24.750077000000005 5.999994000000001
vertex -18.999981000000005 -24.750077000000005 5.999994000000001
endloop
endfacet
facet normal 1 0 0
outer loop
vertex 24.750077000000005 0 7.925918000000002
vertex 24.750077000000005 18.100104000000005 7.9999920000000015
vertex 24.750077000000005 18.082196000000003 7.9999920000000015
endloop
endfacet
facet normal 1 0 0
outer loop
vertex 24.750077000000005 0 7.925918000000002
vertex 24.750077000000005 18.082196000000003 7.9999920000000015
vertex 24.750077000000005 18.028472000000004 7.9999920000000015
endloop
endfacet
facet normal 1 0 0
outer loop
vertex 24.750077000000005 0 7.925918000000002
vertex 24.750077000000005 18.028472000000004 7.9999920000000015
vertex 24.750077000000005 17.940153000000002 7.9999920000000015
endloop
endfacet
facet normal 1 0 0
outer loop
vertex 24.750077000000005 0 7.925918000000002
vertex 24.750077000000005 17.940153000000002 7.9999920000000015
vertex 24.750077000000005 17.818460000000005 7.9999920000000015
endloop
endfacet
facet normal 1 0 0
outer loop
vertex 24.750077000000005 0 7.925918000000002
vertex 24.750077000000005 17.818460000000005 7.9999920000000015
vertex 24.750077000000005 17.666242000000004 7.9999920000000015
endloop
endfacet
facet normal 1 0 0
outer loop
vertex 24.750077000000005 0 7.925918000000002
vertex 24.750077000000005 17.666242000000004 7.9999920000000015
vertex 24.750077000000005 17.485127000000002 7.9999920000000015
endloop
endfacet
facet normal 0.9999999999999999 0 0
outer loop
vertex 24.750077000000005 0 7.925918000000002
vertex 24.750077000000005 17.485127000000002 7.9999920000000015
vertex 24.750077000000005 17.278371000000003 7.9999920000000015
endloop
endfacet
facet normal 1 0 0
outer loop
vertex 24.750077000000005 0 7.925918000000002
vertex 24.750077000000005 17.278371000000003 7.9999920000000015
vertex 24.750077000000005 17.050044000000003 7.9999920000000015
endloop
endfacet
facet normal 1 0 0
outer loop
vertex 24.750077000000005 0 7.925918000000002
vertex 24.750077000000005 17.050044000000003 7.9999920000000015
vertex 24.750077000000005 16.803809000000005 7.9999920000000015
endloop
endfacet
facet normal 1 0 0
outer loop
vertex 24.750077000000005 0 7.925918000000002
vertex 24.750077000000005 16.803809000000005 7.9999920000000015
vertex 24.750077000000005 16.543329000000004 7.9999920000000015
endloop
endfacet
facet normal 0.9999999999999999 0 0
outer loop
vertex 24.750077000000005 0 7.925918000000002
vertex 24.750077000000005 16.543329000000004 7.9999920000000015
vertex 24.750077000000005 16.274302000000002 7.9999920000000015
endloop
endfacet
facet normal 1 0 0
outer loop
vertex 24.750077000000005 0 7.925918000000002
vertex 24.750077000000005 16.274302000000002 7.9999920000000015
vertex 24.750077000000005 15.999984000000003 7.9999920000000015
endloop
endfacet
facet normal 1 0 0
outer loop
vertex 24.750077000000005 0 7.925918000000002
vertex 24.750077000000005 15.999984000000003 7.9999920000000015
vertex 24.750077000000005 15.726073000000003 7.9999920000000015
endloop
endfacet
facet normal 1 0 0
outer loop
vertex 24.750077000000005 0 7.925918000000002
vertex 24.750077000000005 15.726073000000003 7.9999920000000015
vertex 24.750077000000005 15.456639000000003 7.9999920000000015
endloop
endfacet
facet normal 1 0 0
outer loop
vertex 24.750077000000005 0 7.925918000000002
vertex 24.750077000000005 15.456639000000003 7.9999920000000015
vertex 24.750077000000005 15.196566000000002 7.9999920000000015
endloop
endfacet
facet normal 1 0 0
outer loop
vertex 24.750077000000005 0 7.925918000000002
vertex 24.750077000000005 15.196566000000002 7.9999920000000015
vertex 24.750077000000005 14.949924000000003 7.9999920000000015
endloop
endfacet
facet normal 1 0 0
outer loop
vertex 24.750077000000005 0 7.925918000000002
vertex 24.750077000000005 14.949924000000003 7.9999920000000015
vertex 24.750077000000005 14.721597000000003 7.9999920000000015
endloop
endfacet
facet normal 1 0 0
outer loop
vertex 24.750077000000005 0 7.925918000000002
vertex 24.750077000000005 14.721597000000003 7.9999920000000015
vertex 24.750077000000005 14.515248000000003 7.9999920000000015
endloop
endfacet
facet normal 1 0 0
outer loop
vertex 24.750077000000005 0 7.925918000000002
vertex 24.750077000000005 14.515248000000003 7.9999920000000015
vertex 24.750077000000005 14.334133000000003 7.9999920000000015
endloop
endfacet
facet normal 1 0 0
outer loop
vertex 24.750077000000005 0 7.925918000000002
vertex 24.750077000000005 14.334133000000003 7.9999920000000015
vertex 24.750077000000005 14.181508000000003 7.9999920000000015
endloop
endfacet
facet normal 0.9999999999999999 0 0
outer loop
vertex 24.750077000000005 0 7.925918000000002
vertex 24.750077000000005 14.181508000000003 7.9999920000000015
vertex 24.750077000000005 14.059815000000002 7.9999920000000015
endloop
endfacet
facet normal 0.9999999999999999 0 0
outer loop
vertex 24.750077000000005 0 7.925918000000002
vertex 24.750077000000005 14.059815000000002 7.9999920000000015
vertex 24.750077000000005 13.971496000000002 7.9999920000000015
endloop
endfacet
facet normal 1 0 0
outer loop
vertex 24.750077000000005 0 7.925918000000002
vertex 24.750077000000005 13.971496000000002 7.9999920000000015
vertex 24.750077000000005 13.917772000000003 7.9999920000000015
endloop
endfacet
facet normal 0.9999999999999999 0 0
outer loop
vertex 24.750077000000005 0 7.925918000000002
vertex 24.750077000000005 13.917772000000003 7.9999920000000015
vertex 24.750077000000005 13.899864000000003 7.9999920000000015
endloop
endfacet
facet normal 1 0 0
outer loop
vertex 24.750077000000005 0 7.925918000000002
vertex 24.750077000000005 13.899864000000003 7.9999920000000015
vertex 24.750077000000005 -13.899864000000003 7.9999920000000015
endloop
endfacet
facet normal 0.9999999999999999 0 0
outer loop
vertex 24.750077000000005 0 7.925918000000002
vertex 24.750077000000005 -13.899864000000003 7.9999920000000015
vertex 24.750077000000005 -13.917772000000003 7.9999920000000015
endloop
endfacet
facet normal 1 0 0
outer loop
vertex 24.750077000000005 0 7.925918000000002
vertex 24.750077000000005 -13.917772000000003 7.9999920000000015
vertex 24.750077000000005 -13.971496000000002 7.9999920000000015
endloop
endfacet
facet normal 0.9999999999999999 0 0
outer loop
vertex 24.750077000000005 0 7.925918000000002
vertex 24.750077000000005 -13.971496000000002 7.9999920000000015
vertex 24.750077000000005 -14.059815000000002 7.9999920000000015
endloop
endfacet
facet normal 0.9999999999999999 0 0
outer loop
vertex 24.750077000000005 0 7.925918000000002
vertex 24.750077000000005 -14.059815000000002 7.9999920000000015
vertex 24.750077000000005 -14.181508000000003 7.9999920000000015
endloop
endfacet
facet normal 1 0 0
outer loop
vertex 24.750077000000005 0 7.925918000000002
vertex 24.750077000000005 -14.181508000000003 7.9999920000000015
vertex 24.750077000000005 -14.334133000000003 7.9999920000000015
endloop
endfacet
facet normal 1 0 0
outer loop
vertex 24.750077000000005 0 7.925918000000002
vertex 24.750077000000005 -14.334133000000003 7.9999920000000015
vertex 24.750077000000005 -14.515248000000003 7.9999920000000015
endloop
endfacet
facet normal 1 0 0
outer loop
vertex 24.750077000000005 0 7.925918000000002
vertex 24.750077000000005 -14.515248000000003 7.9999920000000015
vertex 24.750077000000005 -14.721597000000003 7.9999920000000015
endloop
endfacet
facet normal 1 0 0
outer loop
vertex 24.750077000000005 0 7.925918000000002
vertex 24.750077000000005 -14.721597000000003 7.9999920000000015
vertex 24.750077000000005 -14.949924000000003 7.9999920000000015
endloop
endfacet
facet normal 1 0 0
outer loop
vertex 24.750077000000005 0 7.925918000000002
vertex 24.750077000000005 -14.949924000000003 7.9999920000000015
vertex 24.750077000000005 -15.196566000000002 7.9999920000000015
endloop
endfacet
facet normal 1 0 0
outer loop
vertex 24.750077000000005 0 7.925918000000002
vertex 24.750077000000005 -15.196566000000002 7.9999920000000015
vertex 24.750077000000005 -15.456639000000003 7.9999920000000015
endloop
endfacet
facet normal 1 0 0
outer loop
vertex 24.750077000000005 0 7.925918000000002
vertex 24.750077000000005 -15.456639000000003 7.9999920000000015
vertex 24.750077000000005 -15.726073000000003 7.9999920000000015
endloop
endfacet
facet normal 1 0 0
outer loop
vertex 24.750077000000005 0 7.925918000000002
vertex 24.750077000000005 -15.726073000000003 7.9999920000000015
vertex 24.750077000000005 -15.999984000000003 7.9999920000000015
endloop
endfacet
facet normal 1 0 0
outer loop
vertex 24.750077000000005 0 7.925918000000002
vertex 24.750077000000005 -15.999984000000003 7.9999920000000015
vertex 24.750077000000005 -16.274302000000002 7.9999920000000015
endloop
endfacet
facet normal 0.9999999999999999 0 0
outer loop
vertex 24.750077000000005 0 7.925918000000002
vertex 24.750077000000005 -16.274302000000002 7.9999920000000015
vertex 24.750077000000005 -16.543329000000004 7.9999920000000015
endloop
endfacet
facet normal 1 0 0
outer loop
vertex 24.750077000000005 0 7.925918000000002
vertex 24.750077000000005 -16.543329000000004 7.9999920000000015
vertex 24.750077000000005 -16.803809000000005 7.9999920000000015
endloop
endfacet
facet normal 1 0 0
outer loop
vertex 24.750077000000005 0 7.925918000000002
vertex 24.750077000000005 -16.803809000000005 7.9999920000000015
vertex 24.750077000000005 -17.050044000000003 7.9999920000000015
endloop
endfacet
facet normal 1 0 0
outer loop
vertex 24.750077000000005 0 7.925918000000002
vertex 24.750077000000005 -17.050044000000003 7.9999920000000015
vertex 24.750077000000005 -17.278371000000003 7.9999920000000015
endloop
endfacet
facet normal 0.9999999999999999 0 0
outer loop
vertex 24.750077000000005 0 7.925918000000002
vertex 24.750077000000005 -17.278371000000003 7.9999920000000015
vertex 24.750077000000005 -17.485127000000002 7.9999920000000015
endloop
endfacet
facet normal 1 0 0
outer loop
vertex 24.750077000000005 0 7.925918000000002
vertex 24.750077000000005 -17.485127000000002 7.9999920000000015
vertex 24.750077000000005 -17.666242000000004 7.9999920000000015
endloop
endfacet
facet normal 1 0 0
outer loop
vertex 24.750077000000005 0 7.925918000000002
vertex 24.750077000000005 -17.666242000000004 7.9999920000000015
vertex 24.750077000000005 -17.818460000000005 7.9999920000000015
endloop
endfacet
facet normal 1 0 0
outer loop
vertex 24.750077000000005 0 7.925918000000002
vertex 24.750077000000005 -17.818460000000005 7.9999920000000015
vertex 24.750077000000005 -17.940153000000002 7.9999920000000015
endloop
endfacet
facet normal 1 0 0
outer loop
vertex 24.750077000000005 0 7.925918000000002
vertex 24.750077000000005 -17.940153000000002 7.9999920000000015
vertex 24.750077000000005 -18.028472000000004 7.9999920000000015
endloop
endfacet
facet normal 1 0 0
outer loop
vertex 24.750077000000005 0 7.925918000000002
vertex 24.750077000000005 -18.028472000000004 7.9999920000000015
vertex 24.750077000000005 -18.082196000000003 7.9999920000000015
endloop
endfacet
facet normal 1 0 0
outer loop
vertex 24.750077000000005 0 7.925918000000002
vertex 24.750077000000005 -18.082196000000003 7.9999920000000015
vertex 24.750077000000005 -18.100104000000005 7.9999920000000015
endloop
endfacet
facet normal 1 0 0
outer loop
vertex 24.750077000000005 0 7.925918000000002
vertex 24.750077000000005 -18.100104000000005 7.9999920000000015
vertex 24.750077000000005 -18.999981000000005 7.9999920000000015
endloop
endfacet
facet normal 1 0 0
outer loop
vertex 24.750077000000005 0 7.925918000000002
vertex 24.750077000000005 -18.999981000000005 7.9999920000000015
vertex 24.750077000000005 -18.999981000000005 5.999994000000001
endloop
endfacet
facet normal 1 0 0
outer loop
vertex 24.750077000000005 0 7.925918000000002
vertex 24.750077000000005 -18.999981000000005 5.999994000000001
vertex 24.750077000000005 18.999981000000005 5.999994000000001
endloop
endfacet
facet normal 1 0 0
outer loop
vertex 24.750077000000005 0 7.925918000000002
vertex 24.750077000000005 18.999981000000005 5.999994000000001
vertex 24.750077000000005 18.999981000000005 7.9999920000000015
endloop
endfacet
facet normal 1 0 0
outer loop
vertex 24.750077000000005 0 7.925918000000002
vertex 24.750077000000005 18.999981000000005 7.9999920000000015
vertex 24.750077000000005 18.100104000000005 7.9999920000000015
endloop
endfacet
facet normal 0.9978540519765722 0.06547740796592628 0
outer loop
vertex 24.750077000000005 18.999981000000005 7.9999920000000015
vertex 24.750077000000005 18.999981000000005 5.999994000000001
vertex 24.700830000000003 19.750489000000005 5.999994000000001
endloop
endfacet
facet normal 0.9978540519765722 0.06547740796592628 0
outer loop
vertex 24.750077000000005 18.999981000000005 7.9999920000000015
vertex 24.700830000000003 19.750489000000005 5.999994000000001
vertex 24.700830000000003 19.750489000000005 7.9999920000000015
endloop
endfacet
facet normal 0.9807467694293635 0.19528382998565724 0
outer loop
vertex 24.700830000000003 19.750489000000005 7.9999920000000015
vertex 24.700830000000003 19.750489000000005 5.999994000000001
vertex 24.553903000000005 20.488380000000003 5.999994000000001
endloop
endfacet
facet normal 0.9807467694293635 0.19528382998565724 0
outer loop
vertex 24.700830000000003 19.750489000000005 7.9999920000000015
vertex 24.553903000000005 20.488380000000003 5.999994000000001
vertex 24.553903000000005 20.488380000000003 7.9999920000000015
endloop
endfacet
facet normal 0.9469375331209909 0.32141765409935413 0
outer loop
vertex 24.553903000000005 20.488380000000003 7.9999920000000015
vertex 24.553903000000005 20.488380000000003 5.999994000000001
vertex 24.312145000000005 21.200630000000004 5.999994000000001
endloop
endfacet
facet normal 0.9469375331209909 0.32141765409935413 0
outer loop
vertex 24.553903000000005 20.488380000000003 7.9999920000000015
vertex 24.312145000000005 21.200630000000004 5.999994000000001
vertex 24.312145000000005 21.200630000000004 7.9999920000000015
endloop
endfacet
facet normal 0.8969032225055852 0.44222687555043144 0
outer loop
vertex 24.312145000000005 21.200630000000004 7.9999920000000015
vertex 24.312145000000005 21.200630000000004 5.999994000000001
vertex 23.979626000000003 21.875029000000005 5.999994000000001
endloop
endfacet
facet normal 0.8969032225055852 0.44222687555043144 0
outer loop
vertex 24.312145000000005 21.200630000000004 7.9999920000000015
vertex 23.979626000000003 21.875029000000005 5.999994000000001
vertex 23.979626000000003 21.875029000000005 7.9999920000000015
endloop
endfacet
facet normal 0.8313001659304878 0.5558237437569065 0
outer loop
vertex 23.979626000000003 21.875029000000005 7.9999920000000015
vertex 23.979626000000003 21.875029000000005 5.999994000000001
vertex 23.561637000000005 22.500181000000005 5.999994000000001
endloop
endfacet
facet normal 0.8313001659304878 0.5558237437569065 0
outer loop
vertex 23.979626000000003 21.875029000000005 7.9999920000000015
vertex 23.561637000000005 22.500181000000005 5.999994000000001
vertex 23.561637000000005 22.500181000000005 7.9999920000000015
endloop
endfacet
facet normal 0.7521072446284468 0.659040736660038 0
outer loop
vertex 23.561637000000005 22.500181000000005 7.9999920000000015
vertex 23.561637000000005 22.500181000000005 5.999994000000001
vertex 23.065911000000003 23.065911000000003 5.999994000000001
endloop
endfacet
facet normal 0.7521072446284468 0.659040736660038 0
outer loop
vertex 23.561637000000005 22.500181000000005 7.9999920000000015
vertex 23.065911000000003 23.065911000000003 5.999994000000001
vertex 23.065911000000003 23.065911000000003 7.9999920000000015
endloop
endfacet
facet normal 0.659040736660038 0.7521072446284468 0
outer loop
vertex 23.065911000000003 23.065911000000003 7.9999920000000015
vertex 23.065911000000003 23.065911000000003 5.999994000000001
vertex 22.500181000000005 23.561637000000005 5.999994000000001
endloop
endfacet
facet normal 0.659040736660038 0.7521072446284468 0
outer loop
vertex 23.065911000000003 23.065911000000003 7.9999920000000015
vertex 22.500181000000005 23.561637000000005 5.999994000000001
vertex 22.500181000000005 23.561637000000005 7.9999920000000015
endloop
endfacet
facet normal 0.5558237437569065 0.8313001659304878 0
outer loop
vertex 22.500181000000005 23.561637000000005 7.9999920000000015
vertex 22.500181000000005 23.561637000000005 5.999994000000001
vertex 21.875029000000005 23.979626000000003 5.999994000000001
endloop
endfacet
facet normal 0.5558237437569065 0.8313001659304878 0
outer loop
vertex 22.500181000000005 23.561637000000005 7.9999920000000015
vertex 21.875029000000005 23.979626000000003 5.999994000000001
vertex 21.875029000000005 23.979626000000003 7.9999920000000015
endloop
endfacet
facet normal 0.44222687555043144 0.8969032225055852 0
outer loop
vertex 21.875029000000005 23.979626000000003 7.9999920000000015
vertex 21.875029000000005 23.979626000000003 5.999994000000001
vertex 21.200630000000004 24.312145000000005 5.999994000000001
endloop
endfacet
facet normal 0.44222687555043144 0.8969032225055852 0
outer loop
vertex 21.875029000000005 23.979626000000003 7.9999920000000015
vertex 21.200630000000004 24.312145000000005 5.999994000000001
vertex 21.200630000000004 24.312145000000005 7.9999920000000015
endloop
endfacet
facet normal 0.32141765409935413 0.9469375331209909 0
outer loop
vertex 21.200630000000004 24.312145000000005 7.9999920000000015
vertex 21.200630000000004 24.312145000000005 5.999994000000001
vertex 20.488380000000003 24.553903000000005 5.999994000000001
endloop
endfacet
facet normal 0.32141765409935413 0.9469375331209909 0
outer loop
vertex 21.200630000000004 24.312145000000005 7.9999920000000015
vertex 20.488380000000003 24.553903000000005 5.999994000000001
vertex 20.488380000000003 24.553903000000005 7.9999920000000015
endloop
endfacet
facet normal 0.19528382998565724 0.9807467694293635 0
outer loop
vertex 20.488380000000003 24.553903000000005 7.9999920000000015
vertex 20.488380000000003 24.553903000000005 5.999994000000001
vertex 19.750489000000005 24.700830000000003 5.999994000000001
endloop
endfacet
facet normal 0.19528382998565724 0.9807467694293635 0
outer loop
vertex 20.488380000000003 24.553903000000005 7.9999920000000015
vertex 19.750489000000005 24.700830000000003 5.999994000000001
vertex 19.750489000000005 24.700830000000003 7.9999920000000015
endloop
endfacet
facet normal 0.06547740796592628 0.9978540519765722 0
outer loop
vertex 19.750489000000005 24.700830000000003 7.9999920000000015
vertex 19.750489000000005 24.700830000000003 5.999994000000001
vertex 18.999981000000005 24.750077000000005 5.999994000000001
endloop
endfacet
facet normal 0.06547740796592628 0.9978540519765722 0
outer loop
vertex 19.750489000000005 24.700830000000003 7.9999920000000015
vertex 18.999981000000005 24.750077000000005 5.999994000000001
vertex 18.999981000000005 24.750077000000005 7.9999920000000015
endloop
endfacet
facet normal 0 1 0
outer loop
vertex 18.999981000000005 24.750077000000005 7.9999920000000015
vertex 18.999981000000005 24.750077000000005 5.999994000000001
vertex -18.999981000000005 24.750077000000005 5.999994000000001
endloop
endfacet
facet normal 0 1 0
outer loop
vertex 18.999981000000005 24.750077000000005 7.9999920000000015
vertex -18.999981000000005 24.750077000000005 5.999994000000001
vertex -18.999981000000005 24.750077000000005 7.9999920000000015
endloop
endfacet
facet normal -0.06547740796592628 0.9978540519765722 0
outer loop
vertex -18.999981000000005 24.750077000000005 7.9999920000000015
vertex -18.999981000000005 24.750077000000005 5.999994000000001
vertex -19.750489000000005 24.700830000000003 5.999994000000001
endloop
endfacet
facet normal -0.06547740796592628 0.9978540519765722 0
outer loop
vertex -18.999981000000005 24.750077000000005 7.9999920000000015
vertex -19.750489000000005 24.700830000000003 5.999994000000001
vertex -19.750489000000005 24.700830000000003 7.9999920000000015
endloop
endfacet
facet normal -0.19528382998565724 0.9807467694293635 0
outer loop
vertex -19.750489000000005 24.700830000000003 7.9999920000000015
vertex -19.750489000000005 24.700830000000003 5.999994000000001
vertex -20.488380000000003 24.553903000000005 5.999994000000001
endloop
endfacet
facet normal -0.19528382998565724 0.9807467694293635 0
outer loop
vertex -19.750489000000005 24.700830000000003 7.9999920000000015
vertex -20.488380000000003 24.553903000000005 5.999994000000001
vertex -20.488380000000003 24.553903000000005 7.9999920000000015
endloop
endfacet
facet normal -0.32141765409935413 0.9469375331209909 0
outer loop
vertex -20.488380000000003 24.553903000000005 7.9999920000000015
vertex -20.488380000000003 24.553903000000005 5.999994000000001
vertex -21.200630000000004 24.312145000000005 5.999994000000001
endloop
endfacet
facet normal -0.32141765409935413 0.9469375331209909 0
outer loop
vertex -20.488380000000003 24.553903000000005 7.9999920000000015
vertex -21.200630000000004 24.312145000000005 5.999994000000001
vertex -21.200630000000004 24.312145000000005 7.9999920000000015
endloop
endfacet
facet normal -0.44222687555043144 0.8969032225055852 0
outer loop
vertex -21.200630000000004 24.312145000000005 7.9999920000000015
vertex -21.200630000000004 24.312145000000005 5.999994000000001
vertex -21.875029000000005 23.979626000000003 5.999994000000001
endloop
endfacet
facet normal -0.44222687555043144 0.8969032225055852 0
outer loop
vertex -21.200630000000004 24.312145000000005 7.9999920000000015
vertex -21.875029000000005 23.979626000000003 5.999994000000001
vertex -21.875029000000005 23.979626000000003 7.9999920000000015
endloop
endfacet
facet normal -0.5558237437569065 0.8313001659304878 0
outer loop
vertex -21.875029000000005 23.979626000000003 7.9999920000000015
vertex -21.875029000000005 23.979626000000003 5.999994000000001
vertex -22.500181000000005 23.561637000000005 5.999994000000001
endloop
endfacet
facet normal -0.5558237437569065 0.8313001659304878 0
outer loop
vertex -21.875029000000005 23.979626000000003 7.9999920000000015
vertex -22.500181000000005 23.561637000000005 5.999994000000001
vertex -22.500181000000005 23.561637000000005 7.9999920000000015
endloop
endfacet
facet normal -0.659040736660038 0.7521072446284468 0
outer loop
vertex -22.500181000000005 23.561637000000005 7.9999920000000015
vertex -22.500181000000005 23.561637000000005 5.999994000000001
vertex -23.065911000000003 23.065911000000003 5.999994000000001
endloop
endfacet
facet normal -0.659040736660038 0.7521072446284468 0
outer loop
vertex -22.500181000000005 23.561637000000005 7.9999920000000015
vertex -23.065911000000003 23.065911000000003 5.999994000000001
vertex -23.065911000000003 23.065911000000003 7.9999920000000015
endloop
endfacet
facet normal -0.7521072446284468 0.659040736660038 0
outer loop
vertex -23.065911000000003 23.065911000000003 7.9999920000000015
vertex -23.065911000000003 23.065911000000003 5.999994000000001
vertex -23.561637000000005 22.500181000000005 5.999994000000001
endloop
endfacet
facet normal -0.7521072446284468 0.659040736660038 0
outer loop
vertex -23.065911000000003 23.065911000000003 7.9999920000000015
vertex -23.561637000000005 22.500181000000005 5.999994000000001
vertex -23.561637000000005 22.500181000000005 7.9999920000000015
endloop
endfacet
facet normal -0.8313001659304878 0.5558237437569065 0
outer loop
vertex -23.561637000000005 22.500181000000005 7.9999920000000015
vertex -23.561637000000005 22.500181000000005 5.999994000000001
vertex -23.979626000000003 21.875029000000005 5.999994000000001
endloop
endfacet
facet normal -0.8313001659304878 0.5558237437569065 0
outer loop
vertex -23.561637000000005 22.500181000000005 7.9999920000000015
vertex -23.979626000000003 21.875029000000005 5.999994000000001
vertex -23.979626000000003 21.875029000000005 7.9999920000000015
endloop
endfacet
facet normal -0.8969032225055852 0.44222687555043144 0
outer loop
vertex -23.979626000000003 21.875029000000005 7.9999920000000015
vertex -23.979626000000003 21.875029000000005 5.999994000000001
vertex -24.312145000000005 21.200630000000004 5.999994000000001
endloop
endfacet
facet normal -0.8969032225055852 0.44222687555043144 0
outer loop
vertex -23.979626000000003 21.875029000000005 7.9999920000000015
vertex -24.312145000000005 21.200630000000004 5.999994000000001
vertex -24.312145000000005 21.200630000000004 7.9999920000000015
endloop
endfacet
facet normal -0.9469375331209909 0.32141765409935413 0
outer loop
vertex -24.312145000000005 21.200630000000004 7.9999920000000015
vertex -24.312145000000005 21.200630000000004 5.999994000000001
vertex -24.553903000000005 20.488380000000003 5.999994000000001
endloop
endfacet
facet normal -0.9469375331209909 0.32141765409935413 0
outer loop
vertex -24.312145000000005 21.200630000000004 7.9999920000000015
vertex -24.553903000000005 20.488380000000003 5.999994000000001
vertex -24.553903000000005 20.488380000000003 7.9999920000000015
endloop
endfacet
facet normal -0.9807467694293635 0.19528382998565724 0
outer loop
vertex -24.553903000000005 20.488380000000003 7.9999920000000015
vertex -24.553903000000005 20.488380000000003 5.999994000000001
vertex -24.700830000000003 19.750489000000005 5.999994000000001
endloop
endfacet
facet normal -0.9807467694293635 0.19528382998565724 0
outer loop
vertex -24.553903000000005 20.488380000000003 7.9999920000000015
vertex -24.700830000000003 19.750489000000005 5.999994000000001
vertex -24.700830000000003 19.750489000000005 7.9999920000000015
endloop
endfacet
facet normal -0.9978540519765722 0.06547740796592628 0
outer loop
vertex -24.700830000000003 19.750489000000005 7.9999920000000015
vertex -24.700830000000003 19.750489000000005 5.999994000000001
vertex -24.750077000000005 18.999981000000005 5.999994000000001
endloop
endfacet
facet normal -0.9978540519765722 0.06547740796592628 0
outer loop
vertex -24.700830000000003 19.750489000000005 7.9999920000000015
vertex -24.750077000000005 18.999981000000005 5.999994000000001
vertex -24.750077000000005 18.999981000000005 7.9999920000000015
endloop
endfacet
facet normal -1 0 0
outer loop
vertex -24.750077000000005 0 7.925918000000002
vertex -24.750077000000005 -18.100104000000005 7.9999920000000015
vertex -24.750077000000005 -18.082196000000003 7.9999920000000015
endloop
endfacet
facet normal -1 0 0
outer loop
vertex -24.750077000000005 0 7.925918000000002
vertex -24.750077000000005 -18.082196000000003 7.9999920000000015
vertex -24.750077000000005 -18.028472000000004 7.9999920000000015
endloop
endfacet
facet normal -1 0 0
outer loop
vertex -24.750077000000005 0 7.925918000000002
vertex -24.750077000000005 -18.028472000000004 7.9999920000000015
vertex -24.750077000000005 -17.940153000000002 7.9999920000000015
endloop
endfacet
facet normal -1 0 0
outer loop
vertex -24.750077000000005 0 7.925918000000002
vertex -24.750077000000005 -17.940153000000002 7.9999920000000015
vertex -24.750077000000005 -17.818460000000005 7.9999920000000015
endloop
endfacet
facet normal -1 0 0
outer loop
vertex -24.750077000000005 0 7.925918000000002
vertex -24.750077000000005 -17.818460000000005 7.9999920000000015
vertex -24.750077000000005 -17.666242000000004 7.9999920000000015
endloop
endfacet
facet normal -1 0 0
outer loop
vertex -24.750077000000005 0 7.925918000000002
vertex -24.750077000000005 -17.666242000000004 7.9999920000000015
vertex -24.750077000000005 -17.485127000000002 7.9999920000000015
endloop
endfacet
facet normal -0.9999999999999999 0 0
outer loop
vertex -24.750077000000005 0 7.925918000000002
vertex -24.750077000000005 -17.485127000000002 7.9999920000000015
vertex -24.750077000000005 -17.278371000000003 7.9999920000000015
endloop
endfacet
facet normal -1 0 0
outer loop
vertex -24.750077000000005 0 7.925918000000002
vertex -24.750077000000005 -17.278371000000003 7.9999920000000015
vertex -24.750077000000005 -17.050044000000003 7.9999920000000015
endloop
endfacet
facet normal -1 0 0
outer loop
vertex -24.750077000000005 0 7.925918000000002
vertex -24.750077000000005 -17.050044000000003 7.9999920000000015
vertex -24.750077000000005 -16.803809000000005 7.9999920000000015
endloop
endfacet
facet normal -1 0 0
outer loop
vertex -24.750077000000005 0 7.925918000000002
vertex -24.750077000000005 -16.803809000000005 7.9999920000000015
vertex -24.750077000000005 -16.543329000000004 7.9999920000000015
endloop
endfacet
facet normal -0.9999999999999999 0 0
outer loop
vertex -24.750077000000005 0 7.925918000000002
vertex -24.750077000000005 -16.543329000000004 7.9999920000000015
vertex -24.750077000000005 -16.274302000000002 7.9999920000000015
endloop
endfacet
facet normal -1 0 0
outer loop
vertex -24.750077000000005 0 7.925918000000002
vertex -24.750077000000005 -16.274302000000002 7.9999920000000015
vertex -24.750077000000005 -15.999984000000003 7.9999920000000015
endloop
endfacet
facet normal -1 0 0
outer loop
vertex -24.750077000000005 0 7.925918000000002
vertex -24.750077000000005 -15.999984000000003 7.9999920000000015
vertex -24.750077000000005 -15.726073000000003 7.9999920000000015
endloop
endfacet
facet normal -1 0 0
outer loop
vertex -24.750077000000005 0 7.925918000000002
vertex -24.750077000000005 -15.726073000000003 7.9999920000000015
vertex -24.750077000000005 -15.456639000000003 7.9999920000000015
endloop
endfacet
facet normal -1 0 0
outer loop
vertex -24.750077000000005 0 7.925918000000002
vertex -24.750077000000005 -15.456639000000003 7.9999920000000015
vertex -24.750077000000005 -15.196566000000002 7.9999920000000015
endloop
endfacet
facet normal -1 0 0
outer loop
vertex -24.750077000000005 0 7.925918000000002
vertex -24.750077000000005 -15.196566000000002 7.9999920000000015
vertex -24.750077000000005 -14.949924000000003 7.9999920000000015
endloop
endfacet
facet normal -1 0 0
outer loop
vertex -24.750077000000005 0 7.925918000000002
vertex -24.750077000000005 -14.949924000000003 7.9999920000000015
vertex -24.750077000000005 -14.721597000000003 7.9999920000000015
endloop
endfacet
facet normal -1 0 0
outer loop
vertex -24.750077000000005 0 7.925918000000002
vertex -24.750077000000005 -14.721597000000003 7.9999920000000015
vertex -24.750077000000005 -14.515248000000003 7.9999920000000015
endloop
endfacet
facet normal -1 0 0
outer loop
vertex -24.750077000000005 0 7.925918000000002
vertex -24.750077000000005 -14.515248000000003 7.9999920000000015
vertex -24.750077000000005 -14.334133000000003 7.9999920000000015
endloop
endfacet
facet normal -1 0 0
outer loop
vertex -24.750077000000005 0 7.925918000000002
vertex -24.750077000000005 -14.334133000000003 7.9999920000000015
vertex -24.750077000000005 -14.181508000000003 7.9999920000000015
endloop
endfacet
facet normal -0.9999999999999999 0 0
outer loop
vertex -24.750077000000005 0 7.925918000000002
vertex -24.750077000000005 -14.181508000000003 7.9999920000000015
vertex -24.750077000000005 -14.059815000000002 7.9999920000000015
endloop
endfacet
facet normal -0.9999999999999999 0 0
outer loop
vertex -24.750077000000005 0 7.925918000000002
vertex -24.750077000000005 -14.059815000000002 7.9999920000000015
vertex -24.750077000000005 -13.971496000000002 7.9999920000000015
endloop
endfacet
facet normal -1 0 0
outer loop
vertex -24.750077000000005 0 7.925918000000002
vertex -24.750077000000005 -13.971496000000002 7.9999920000000015
vertex -24.750077000000005 -13.917772000000003 7.9999920000000015
endloop
endfacet
facet normal -0.9999999999999999 0 0
outer loop
vertex -24.750077000000005 0 7.925918000000002
vertex -24.750077000000005 -13.917772000000003 7.9999920000000015
vertex -24.750077000000005 -13.899864000000003 7.9999920000000015
endloop
endfacet
facet normal -1 0 0
outer loop
vertex -24.750077000000005 0 7.925918000000002
vertex -24.750077000000005 -13.899864000000003 7.9999920000000015
vertex -24.750077000000005 13.899864000000003 7.9999920000000015
endloop
endfacet
facet normal -0.9999999999999999 0 0
outer loop
vertex -24.750077000000005 0 7.925918000000002
vertex -24.750077000000005 13.899864000000003 7.9999920000000015
vertex -24.750077000000005 13.917772000000003 7.9999920000000015
endloop
endfacet
facet normal -1 0 0
outer loop
vertex -24.750077000000005 0 7.925918000000002
vertex -24.750077000000005 13.917772000000003 7.9999920000000015
vertex -24.750077000000005 13.971496000000002 7.9999920000000015
endloop
endfacet
facet normal -0.9999999999999999 0 0
outer loop
vertex -24.750077000000005 0 7.925918000000002
vertex -24.750077000000005 13.971496000000002 7.9999920000000015
vertex -24.750077000000005 14.059815000000002 7.9999920000000015
endloop
endfacet
facet normal -0.9999999999999999 0 0
outer loop
vertex -24.750077000000005 0 7.925918000000002
vertex -24.750077000000005 14.059815000000002 7.9999920000000015
vertex -24.750077000000005 14.181508000000003 7.9999920000000015
endloop
endfacet
facet normal -1 0 0
outer loop
vertex -24.750077000000005 0 7.925918000000002
vertex -24.750077000000005 14.181508000000003 7.9999920000000015
vertex -24.750077000000005 14.334133000000003 7.9999920000000015
endloop
endfacet
facet normal -1 0 0
outer loop
vertex -24.750077000000005 0 7.925918000000002
vertex -24.750077000000005 14.334133000000003 7.9999920000000015
vertex -24.750077000000005 14.515248000000003 7.9999920000000015
endloop
endfacet
facet normal -1 0 0
outer loop
vertex -24.750077000000005 0 7.925918000000002
vertex -24.750077000000005 14.515248000000003 7.9999920000000015
vertex -24.750077000000005 14.721597000000003 7.9999920000000015
endloop
endfacet
facet normal -1 0 0
outer loop
vertex -24.750077000000005 0 7.925918000000002
vertex -24.750077000000005 14.721597000000003 7.9999920000000015
vertex -24.750077000000005 14.949924000000003 7.9999920000000015
endloop
endfacet
facet normal -1 0 0
outer loop
vertex -24.750077000000005 0 7.925918000000002
vertex -24.750077000000005 14.949924000000003 7.9999920000000015
vertex -24.750077000000005 15.196566000000002 7.9999920000000015
endloop
endfacet
facet normal -1 0 0
outer loop
vertex -24.750077000000005 0 7.925918000000002
vertex -24.750077000000005 15.196566000000002 7.9999920000000015
vertex -24.750077000000005 15.456639000000003 7.9999920000000015
endloop
endfacet
facet normal -1 0 0
outer loop
vertex -24.750077000000005 0 7.925918000000002
vertex -24.750077000000005 15.456639000000003 7.9999920000000015
vertex -24.750077000000005 15.726073000000003 7.9999920000000015
endloop
endfacet
facet normal -1 0 0
outer loop
vertex -24.750077000000005 0 7.925918000000002
vertex -24.750077000000005 15.726073000000003 7.9999920000000015
vertex -24.750077000000005 15.999984000000003 7.9999920000000015
endloop
endfacet
facet normal -1 0 0
outer loop
vertex -24.750077000000005 0 7.925918000000002
vertex -24.750077000000005 15.999984000000003 7.9999920000000015
vertex -24.750077000000005 16.274302000000002 7.9999920000000015
endloop
endfacet
facet normal -0.9999999999999999 0 0
outer loop
vertex -24.750077000000005 0 7.925918000000002
vertex -24.750077000000005 16.274302000000002 7.9999920000000015
vertex -24.750077000000005 16.543329000000004 7.9999920000000015
endloop
endfacet
facet normal -1 0 0
outer loop
vertex -24.750077000000005 0 7.925918000000002
vertex -24.750077000000005 16.543329000000004 7.9999920000000015
vertex -24.750077000000005 16.803809000000005 7.9999920000000015
endloop
endfacet
facet normal -1 0 0
outer loop
vertex -24.750077000000005 0 7.925918000000002
vertex -24.750077000000005 16.803809000000005 7.9999920000000015
vertex -24.750077000000005 17.050044000000003 7.9999920000000015
endloop
endfacet
facet normal -1 0 0
outer loop
vertex -24.750077000000005 0 7.925918000000002
vertex -24.750077000000005 17.050044000000003 7.9999920000000015
vertex -24.750077000000005 17.278371000000003 7.9999920000000015
endloop
endfacet
facet normal -0.9999999999999999 0 0
outer loop
vertex -24.750077000000005 0 7.925918000000002
vertex -24.750077000000005 17.278371000000003 7.9999920000000015
vertex -24.750077000000005 17.485127000000002 7.9999920000000015
endloop
endfacet
facet normal -1 0 0
outer loop
vertex -24.750077000000005 0 7.925918000000002
vertex -24.750077000000005 17.485127000000002 7.9999920000000015
vertex -24.750077000000005 17.666242000000004 7.9999920000000015
endloop
endfacet
facet normal -1 0 0
outer loop
vertex -24.750077000000005 0 7.925918000000002
vertex -24.750077000000005 17.666242000000004 7.9999920000000015
vertex -24.750077000000005 17.818460000000005 7.9999920000000015
endloop
endfacet
facet normal -1 0 0
outer loop
vertex -24.750077000000005 0 7.925918000000002
vertex -24.750077000000005 17.818460000000005 7.9999920000000015
vertex -24.750077000000005 17.940153000000002 7.9999920000000015
endloop
endfacet
facet normal -1 0 0
outer loop
vertex -24.750077000000005 0 7.925918000000002
vertex -24.750077000000005 17.940153000000002 7.9999920000000015
vertex -24.750077000000005 18.028472000000004 7.9999920000000015
endloop
endfacet
facet normal -1 0 0
outer loop
vertex -24.750077000000005 0 7.925918000000002
vertex -24.750077000000005 18.028472000000004 7.9999920000000015
vertex -24.750077000000005 18.082196000000003 7.9999920000000015
endloop
endfacet
facet normal -1 0 0
outer loop
vertex -24.750077000000005 0 7.925918000000002
vertex -24.750077000000005 18.082196000000003 7.9999920000000015
vertex -24.750077000000005 18.100104000000005 7.9999920000000015
endloop
endfacet
facet normal -1 0 0
outer loop
vertex -24.750077000000005 0 7.925918000000002
vertex -24.750077000000005 18.100104000000005 7.9999920000000015
vertex -24.750077000000005 18.999981000000005 7.9999920000000015
endloop
endfacet
facet normal -1 0 0
outer loop
vertex -24.750077000000005 0 7.925918000000002
vertex -24.750077000000005 18.999981000000005 7.9999920000000015
vertex -24.750077000000005 18.999981000000005 5.999994000000001
endloop
endfacet
facet normal -1 0 0
outer loop
vertex -24.750077000000005 0 7.925918000000002
vertex -24.750077000000005 18.999981000000005 5.999994000000001
vertex -24.750077000000005 -18.999981000000005 5.999994000000001
endloop
endfacet
facet normal -1 0 0
outer loop
vertex -24.750077000000005 0 7.925918000000002
vertex -24.750077000000005 -18.999981000000005 5.999994000000001
vertex -24.750077000000005 -18.999981000000005 7.9999920000000015
endloop
endfacet
facet normal -1 0 0
outer loop
vertex -24.750077000000005 0 7.925918000000002
vertex -24.750077000000005 -18.999981000000005 7.9999920000000015
vertex -24.750077000000005 -18.100104000000005 7.9999920000000015
endloop
endfacet
facet normal -0.9978540519765722 -0.06547740796592628 0
outer loop
vertex -24.750077000000005 -18.999981000000005 7.9999920000000015
vertex -24.750077000000005 -18.999981000000005 5.999994000000001
vertex -24.700830000000003 -19.750489000000005 5.999994000000001
endloop
endfacet
facet normal -0.9978540519765722 -0.06547740796592628 0
outer loop
vertex -24.750077000000005 -18.999981000000005 7.9999920000000015
vertex -24.700830000000003 -19.750489000000005 5.999994000000001
vertex -24.700830000000003 -19.750489000000005 7.9999920000000015
endloop
endfacet
facet normal -0.9807467694293635 -0.19528382998565724 0
outer loop
vertex -24.700830000000003 -19.750489000000005 7.9999920000000015
vertex -24.700830000000003 -19.750489000000005 5.999994000000001
vertex -24.553903000000005 -20.488380000000003 5.999994000000001
endloop
endfacet
facet normal -0.9807467694293635 -0.19528382998565724 0
outer loop
vertex -24.700830000000003 -19.750489000000005 7.9999920000000015
vertex -24.553903000000005 -20.488380000000003 5.999994000000001
vertex -24.553903000000005 -20.488380000000003 7.9999920000000015
endloop
endfacet
facet normal -0.9469375331209909 -0.32141765409935413 0
outer loop
vertex -24.553903000000005 -20.488380000000003 7.9999920000000015
vertex -24.553903000000005 -20.488380000000003 5.999994000000001
vertex -24.312145000000005 -21.200630000000004 5.999994000000001
endloop
endfacet
facet normal -0.9469375331209909 -0.32141765409935413 0
outer loop
vertex -24.553903000000005 -20.488380000000003 7.9999920000000015
vertex -24.312145000000005 -21.200630000000004 5.999994000000001
vertex -24.312145000000005 -21.200630000000004 7.9999920000000015
endloop
endfacet
facet normal -0.8969032225055852 -0.44222687555043144 0
outer loop
vertex -24.312145000000005 -21.200630000000004 7.9999920000000015
vertex -24.312145000000005 -21.200630000000004 5.999994000000001
vertex -23.979626000000003 -21.875029000000005 5.999994000000001
endloop
endfacet
facet normal -0.8969032225055852 -0.44222687555043144 0
outer loop
vertex -24.312145000000005 -21.200630000000004 7.9999920000000015
vertex -23.979626000000003 -21.875029000000005 5.999994000000001
vertex -23.979626000000003 -21.875029000000005 7.9999920000000015
endloop
endfacet
facet normal -0.8313001659304878 -0.5558237437569065 0
outer loop
vertex -23.979626000000003 -21.875029000000005 7.9999920000000015
vertex -23.979626000000003 -21.875029000000005 5.999994000000001
vertex -23.561637000000005 -22.500181000000005 5.999994000000001
endloop
endfacet
facet normal -0.8313001659304878 -0.5558237437569065 0
outer loop
vertex -23.979626000000003 -21.875029000000005 7.9999920000000015
vertex -23.561637000000005 -22.500181000000005 5.999994000000001
vertex -23.561637000000005 -22.500181000000005 7.9999920000000015
endloop
endfacet
facet normal -0.7521072446284468 -0.659040736660038 0
outer loop
vertex -23.561637000000005 -22.500181000000005 7.9999920000000015
vertex -23.561637000000005 -22.500181000000005 5.999994000000001
vertex -23.065911000000003 -23.065911000000003 5.999994000000001
endloop
endfacet
facet normal -0.7521072446284468 -0.659040736660038 0
outer loop
vertex -23.561637000000005 -22.500181000000005 7.9999920000000015
vertex -23.065911000000003 -23.065911000000003 5.999994000000001
vertex -23.065911000000003 -23.065911000000003 7.9999920000000015
endloop
endfacet
facet normal -0.659040736660038 -0.7521072446284468 0
outer loop
vertex -23.065911000000003 -23.065911000000003 7.9999920000000015
vertex -23.065911000000003 -23.065911000000003 5.999994000000001
vertex -22.500181000000005 -23.561637000000005 5.999994000000001
endloop
endfacet
facet normal -0.659040736660038 -0.7521072446284468 0
outer loop
vertex -23.065911000000003 -23.065911000000003 7.9999920000000015
vertex -22.500181000000005 -23.561637000000005 5.999994000000001
vertex -22.500181000000005 -23.561637000000005 7.9999920000000015
endloop
endfacet
facet normal -0.5558237437569065 -0.8313001659304878 0
outer loop
vertex -22.500181000000005 -23.561637000000005 7.9999920000000015
vertex -22.500181000000005 -23.561637000000005 5.999994000000001
vertex -21.875029000000005 -23.979626000000003 5.999994000000001
endloop
endfacet
facet normal -0.5558237437569065 -0.8313001659304878 0
outer loop
vertex -22.500181000000005 -23.561637000000005 7.9999920000000015
vertex -21.875029000000005 -23.979626000000003 5.999994000000001
vertex -21.875029000000005 -23.979626000000003 7.9999920000000015
endloop
endfacet
facet normal -0.44222687555043144 -0.8969032225055852 0
outer loop
vertex -21.875029000000005 -23.979626000000003 7.9999920000000015
vertex -21.875029000000005 -23.979626000000003 5.999994000000001
vertex -21.200630000000004 -24.312145000000005 5.999994000000001
endloop
endfacet
facet normal -0.44222687555043144 -0.8969032225055852 0
outer loop
vertex -21.875029000000005 -23.979626000000003 7.9999920000000015
vertex -21.200630000000004 -24.312145000000005 5.999994000000001
vertex -21.200630000000004 -24.312145000000005 7.9999920000000015
endloop
endfacet
facet normal -0.32141765409935413 -0.9469375331209909 0
outer loop
vertex -21.200630000000004 -24.312145000000005 7.9999920000000015
vertex -21.200630000000004 -24.312145000000005 5.999994000000001
vertex -20.488380000000003 -24.553903000000005 5.999994000000001
endloop
endfacet
facet normal -0.32141765409935413 -0.9469375331209909 0
outer loop
vertex -21.200630000000004 -24.312145000000005 7.9999920000000015
vertex -20.488380000000003 -24.553903000000005 5.999994000000001
vertex -20.488380000000003 -24.553903000000005 7.9999920000000015
endloop
endfacet
facet normal -0.19528382998565724 -0.9807467694293635 0
outer loop
vertex -20.488380000000003 -24.553903000000005 7.9999920000000015
vertex -20.488380000000003 -24.553903000000005 5.999994000000001
vertex -19.750489000000005 -24.700830000000003 5.999994000000001
endloop
endfacet
facet normal -0.19528382998565724 -0.9807467694293635 0
outer loop
vertex -20.488380000000003 -24.553903000000005 7.9999920000000015
vertex -19.750489000000005 -24.700830000000003 5.999994000000001
vertex -19.750489000000005 -24.700830000000003 7.9999920000000015
endloop
endfacet
facet normal -0.06586031305862018 -0.997828852641484 0
outer loop
vertex -19.300347000000002 -24.730541000000006 6.999993000000002
vertex -19.750489000000005 -24.700830000000003 7.9999920000000015
vertex -19.750489000000005 -24.700830000000003 5.999994000000001
endloop
endfacet
facet normal -0.06547740698483714 -0.997854037025098 -0.00017311053219693266
outer loop
vertex -19.300347000000002 -24.730541000000006 6.999993000000002
vertex -19.750489000000005 -24.700830000000003 5.999994000000001
vertex -18.999981000000005 -24.750077000000005 5.999994000000001
endloop
endfacet
facet normal -0.06490351506166278 -0.9978915440731226 0
outer loop
vertex -19.300347000000002 -24.730541000000006 6.999993000000002
vertex -18.999981000000005 -24.750077000000005 5.999994000000001
vertex -18.999981000000005 -24.750077000000005 6.999993000000002
endloop
endfacet
facet normal -0.06490351506166275 -0.9978915440731224 0
outer loop
vertex -19.300347000000002 -24.730541000000006 6.999993000000002
vertex -18.999981000000005 -24.750077000000005 6.999993000000002
vertex -18.999981000000005 -24.750077000000005 7.9999920000000015
endloop
endfacet
facet normal -0.06547740698483714 -0.997854037025098 0.0001731105321969328
outer loop
vertex -19.300347000000002 -24.730541000000006 6.999993000000002
vertex -18.999981000000005 -24.750077000000005 7.9999920000000015
vertex -19.750489000000005 -24.700830000000003 7.9999920000000015
endloop
endfacet
facet normal 0.06490351506166275 -0.9978915440731224 0
outer loop
vertex 19.300347000000002 -24.730541000000006 6.999993000000002
vertex 18.999981000000005 -24.750077000000005 7.9999920000000015
vertex 18.999981000000005 -24.750077000000005 6.999993000000002
endloop
endfacet
facet normal 0.06490351506166278 -0.9978915440731226 0
outer loop
vertex 19.300347000000002 -24.730541000000006 6.999993000000002
vertex 18.999981000000005 -24.750077000000005 6.999993000000002
vertex 18.999981000000005 -24.750077000000005 5.999994000000001
endloop
endfacet
facet normal 0.06547740698483714 -0.997854037025098 -0.00017311053219693266
outer loop
vertex 19.300347000000002 -24.730541000000006 6.999993000000002
vertex 18.999981000000005 -24.750077000000005 5.999994000000001
vertex 19.750489000000005 -24.700830000000003 5.999994000000001
endloop
endfacet
facet normal 0.06586031305862018 -0.997828852641484 0
outer loop
vertex 19.300347000000002 -24.730541000000006 6.999993000000002
vertex 19.750489000000005 -24.700830000000003 5.999994000000001
vertex 19.750489000000005 -24.700830000000003 7.9999920000000015
endloop
endfacet
facet normal 0.06547740698483714 -0.997854037025098 0.0001731105321969328
outer loop
vertex 19.300347000000002 -24.730541000000006 6.999993000000002
vertex 19.750489000000005 -24.700830000000003 7.9999920000000015
vertex 18.999981000000005 -24.750077000000005 7.9999920000000015
endloop
endfacet
facet normal 0.19528382998565724 -0.9807467694293635 0
outer loop
vertex 19.750489000000005 -24.700830000000003 7.9999920000000015
vertex 19.750489000000005 -24.700830000000003 5.999994000000001
vertex 20.488380000000003 -24.553903000000005 5.999994000000001
endloop
endfacet
facet normal 0.19528382998565724 -0.9807467694293635 0
outer loop
vertex 19.750489000000005 -24.700830000000003 7.9999920000000015
vertex 20.488380000000003 -24.553903000000005 5.999994000000001
vertex 20.488380000000003 -24.553903000000005 7.9999920000000015
endloop
endfacet
facet normal 0.32141765409935413 -0.9469375331209909 0
outer loop
vertex 20.488380000000003 -24.553903000000005 7.9999920000000015
vertex 20.488380000000003 -24.553903000000005 5.999994000000001
vertex 21.200630000000004 -24.312145000000005 5.999994000000001
endloop
endfacet
facet normal 0.32141765409935413 -0.9469375331209909 0
outer loop
vertex 20.488380000000003 -24.553903000000005 7.9999920000000015
vertex 21.200630000000004 -24.312145000000005 5.999994000000001
vertex 21.200630000000004 -24.312145000000005 7.9999920000000015
endloop
endfacet
facet normal 0.44222687555043144 -0.8969032225055852 0
outer loop
vertex 21.200630000000004 -24.312145000000005 7.9999920000000015
vertex 21.200630000000004 -24.312145000000005 5.999994000000001
vertex 21.875029000000005 -23.979626000000003 5.999994000000001
endloop
endfacet
facet normal 0.44222687555043144 -0.8969032225055852 0
outer loop
vertex 21.200630000000004 -24.312145000000005 7.9999920000000015
vertex 21.875029000000005 -23.979626000000003 5.999994000000001
vertex 21.875029000000005 -23.979626000000003 7.9999920000000015
endloop
endfacet
facet normal 0.5558237437569065 -0.8313001659304878 0
outer loop
vertex 21.875029000000005 -23.979626000000003 7.9999920000000015
vertex 21.875029000000005 -23.979626000000003 5.999994000000001
vertex 22.500181000000005 -23.561637000000005 5.999994000000001
endloop
endfacet
facet normal 0.5558237437569065 -0.8313001659304878 0
outer loop
vertex 21.875029000000005 -23.979626000000003 7.9999920000000015
vertex 22.500181000000005 -23.561637000000005 5.999994000000001
vertex 22.500181000000005 -23.561637000000005 7.9999920000000015
endloop
endfacet
facet normal 0.659040736660038 -0.7521072446284468 0
outer loop
vertex 22.500181000000005 -23.561637000000005 7.9999920000000015
vertex 22.500181000000005 -23.561637000000005 5.999994000000001
vertex 23.065911000000003 -23.065911000000003 5.999994000000001
endloop
endfacet
facet normal 0.659040736660038 -0.7521072446284468 0
outer loop
vertex 22.500181000000005 -23.561637000000005 7.9999920000000015
vertex 23.065911000000003 -23.065911000000003 5.999994000000001
vertex 23.065911000000003 -23.065911000000003 7.9999920000000015
endloop
endfacet
facet normal 0.7521072446284468 -0.659040736660038 0
outer loop
vertex 23.065911000000003 -23.065911000000003 7.9999920000000015
vertex 23.065911000000003 -23.065911000000003 5.999994000000001
vertex 23.561637000000005 -22.500181000000005 5.999994000000001
endloop
endfacet
facet normal 0.7521072446284468 -0.659040736660038 0
outer loop
vertex 23.065911000000003 -23.065911000000003 7.9999920000000015
vertex 23.561637000000005 -22.500181000000005 5.999994000000001
vertex 23.561637000000005 -22.500181000000005 7.9999920000000015
endloop
endfacet
facet normal 0.8313001659304878 -0.5558237437569065 0
outer loop
vertex 23.561637000000005 -22.500181000000005 7.9999920000000015
vertex 23.561637000000005 -22.500181000000005 5.999994000000001
vertex 23.979626000000003 -21.875029000000005 5.999994000000001
endloop
endfacet
facet normal 0.8313001659304878 -0.5558237437569065 0
outer loop
vertex 23.561637000000005 -22.500181000000005 7.9999920000000015
vertex 23.979626000000003 -21.875029000000005 5.999994000000001
vertex 23.979626000000003 -21.875029000000005 7.9999920000000015
endloop
endfacet
facet normal 0.8969032225055852 -0.44222687555043144 0
outer loop
vertex 23.979626000000003 -21.875029000000005 7.9999920000000015
vertex 23.979626000000003 -21.875029000000005 5.999994000000001
vertex 24.312145000000005 -21.200630000000004 5.999994000000001
endloop
endfacet
facet normal 0.8969032225055852 -0.44222687555043144 0
outer loop
vertex 23.979626000000003 -21.875029000000005 7.9999920000000015
vertex 24.312145000000005 -21.200630000000004 5.999994000000001
vertex 24.312145000000005 -21.200630000000004 7.9999920000000015
endloop
endfacet
facet normal 0.9469375331209909 -0.32141765409935413 0
outer loop
vertex 24.312145000000005 -21.200630000000004 7.9999920000000015
vertex 24.312145000000005 -21.200630000000004 5.999994000000001
vertex 24.553903000000005 -20.488380000000003 5.999994000000001
endloop
endfacet
facet normal 0.9469375331209909 -0.32141765409935413 0
outer loop
vertex 24.312145000000005 -21.200630000000004 7.9999920000000015
vertex 24.553903000000005 -20.488380000000003 5.999994000000001
vertex 24.553903000000005 -20.488380000000003 7.9999920000000015
endloop
endfacet
facet normal 0.9807467694293635 -0.19528382998565724 0
outer loop
vertex 24.553903000000005 -20.488380000000003 7.9999920000000015
vertex 24.553903000000005 -20.488380000000003 5.999994000000001
vertex 24.700830000000003 -19.750489000000005 5.999994000000001
endloop
endfacet
facet normal 0.9807467694293635 -0.19528382998565724 0
outer loop
vertex 24.553903000000005 -20.488380000000003 7.9999920000000015
vertex 24.700830000000003 -19.750489000000005 5.999994000000001
vertex 24.700830000000003 -19.750489000000005 7.9999920000000015
endloop
endfacet
facet normal 0.9978540519765722 -0.06547740796592628 0
outer loop
vertex 24.700830000000003 -19.750489000000005 7.9999920000000015
vertex 24.700830000000003 -19.750489000000005 5.999994000000001
vertex 24.750077000000005 -18.999981000000005 5.999994000000001
endloop
endfacet
facet normal 0.9978540519765722 -0.06547740796592628 0
outer loop
vertex 24.700830000000003 -19.750489000000005 7.9999920000000015
vertex 24.750077000000005 -18.999981000000005 5.999994000000001
vertex 24.750077000000005 -18.999981000000005 7.9999920000000015
endloop
endfacet
facet normal 0 0 1
outer loop
vertex 0 23.880318000000006 7.9999920000000015
vertex -18.999981000000005 24.750077000000005 7.9999920000000015
vertex -19.750489000000005 24.700830000000003 7.9999920000000015
endloop
endfacet
facet normal 0 0 1
outer loop
vertex 0 23.880318000000006 7.9999920000000015
vertex -19.750489000000005 24.700830000000003 7.9999920000000015
vertex -20.488380000000003 24.553903000000005 7.9999920000000015
endloop
endfacet
facet normal 0 0 1
outer loop
vertex 0 23.880318000000006 7.9999920000000015
vertex -20.488380000000003 24.553903000000005 7.9999920000000015
vertex -21.200630000000004 24.312145000000005 7.9999920000000015
endloop
endfacet
facet normal 0 0 1
outer loop
vertex 0 23.880318000000006 7.9999920000000015
vertex -21.200630000000004 24.312145000000005 7.9999920000000015
vertex -21.875029000000005 23.979626000000003 7.9999920000000015
endloop
endfacet
facet normal 0 0 1
outer loop
vertex 0 23.880318000000006 7.9999920000000015
vertex -21.875029000000005 23.979626000000003 7.9999920000000015
vertex -22.500181000000005 23.561637000000005 7.9999920000000015
endloop
endfacet
facet normal 0 0 1
outer loop
vertex 0 23.880318000000006 7.9999920000000015
vertex -22.500181000000005 23.561637000000005 7.9999920000000015
vertex -23.065911000000003 23.065911000000003 7.9999920000000015
endloop
endfacet
facet normal 0 0 1
outer loop
vertex 0 23.880318000000006 7.9999920000000015
vertex -23.065911000000003 23.065911000000003 7.9999920000000015
vertex -23.123705000000005 22.999977000000005 7.9999920000000015
endloop
endfacet
facet normal 0 0 1
outer loop
vertex 0 23.880318000000006 7.9999920000000015
vertex -23.123705000000005 22.999977000000005 7.9999920000000015
vertex -21.500182000000006 22.999977000000005 7.9999920000000015
endloop
endfacet
facet normal 0 0 1
outer loop
vertex 0 23.880318000000006 7.9999920000000015
vertex -21.500182000000006 22.999977000000005 7.9999920000000015
vertex 21.500182000000006 22.999977000000005 7.9999920000000015
endloop
endfacet
facet normal 0 0 1
outer loop
vertex 0 23.880318000000006 7.9999920000000015
vertex 21.500182000000006 22.999977000000005 7.9999920000000015
vertex 23.123705000000005 22.999977000000005 7.9999920000000015
endloop
endfacet
facet normal 0 0 1
outer loop
vertex 0 23.880318000000006 7.9999920000000015
vertex 23.123705000000005 22.999977000000005 7.9999920000000015
vertex 23.065911000000003 23.065911000000003 7.9999920000000015
endloop
endfacet
facet normal 0 0 1
outer loop
vertex 0 23.880318000000006 7.9999920000000015
vertex 23.065911000000003 23.065911000000003 7.9999920000000015
vertex 22.500181000000005 23.561637000000005 7.9999920000000015
endloop
endfacet
facet normal 0 0 1
outer loop
vertex 0 23.880318000000006 7.9999920000000015
vertex 22.500181000000005 23.561637000000005 7.9999920000000015
vertex 21.875029000000005 23.979626000000003 7.9999920000000015
endloop
endfacet
facet normal 0 0 1
outer loop
vertex 0 23.880318000000006 7.9999920000000015
vertex 21.875029000000005 23.979626000000003 7.9999920000000015
vertex 21.200630000000004 24.312145000000005 7.9999920000000015
endloop
endfacet
facet normal 0 0 1
outer loop
vertex 0 23.880318000000006 7.9999920000000015
vertex 21.200630000000004 24.312145000000005 7.9999920000000015
vertex 20.488380000000003 24.553903000000005 7.9999920000000015
endloop
endfacet
facet normal 0 0 1
outer loop
vertex 0 23.880318000000006 7.9999920000000015
vertex 20.488380000000003 24.553903000000005 7.9999920000000015
vertex 19.750489000000005 24.700830000000003 7.9999920000000015
endloop
endfacet
facet normal 0 0 1
outer loop
vertex 0 23.880318000000006 7.9999920000000015
vertex 19.750489000000005 24.700830000000003 7.9999920000000015
vertex 18.999981000000005 24.750077000000005 7.9999920000000015
endloop
endfacet
facet normal 0 0 1
outer loop
vertex 0 23.880318000000006 7.9999920000000015
vertex 18.999981000000005 24.750077000000005 7.9999920000000015
vertex -18.999981000000005 24.750077000000005 7.9999920000000015
endloop
endfacet
facet normal 0 0 1
outer loop
vertex 21.500182000000006 22.999977000000005 7.9999920000000015
vertex 21.760662000000004 22.977185000000006 7.9999920000000015
vertex 23.143648000000006 22.977185000000006 7.9999920000000015
endloop
endfacet
facet normal 0 0 1
outer loop
vertex 21.500182000000006 22.999977000000005 7.9999920000000015
vertex 23.143648000000006 22.977185000000006 7.9999920000000015
vertex 23.123705000000005 22.999977000000005 7.9999920000000015
endloop
endfacet
facet normal 0 0 1
outer loop
vertex -21.500182000000006 22.999977000000005 7.9999920000000015
vertex -21.239702000000005 22.977185000000006 7.9999920000000015
vertex 21.239702000000005 22.977185000000006 7.9999920000000015
endloop
endfacet
facet normal 0 0 1
outer loop
vertex -21.500182000000006 22.999977000000005 7.9999920000000015
vertex 21.239702000000005 22.977185000000006 7.9999920000000015
vertex 21.500182000000006 22.999977000000005 7.9999920000000015
endloop
endfacet
facet normal 0 0 1
outer loop
vertex -23.123705000000005 22.999977000000005 7.9999920000000015
vertex -23.143648000000006 22.977185000000006 7.9999920000000015
vertex -21.760662000000004 22.977185000000006 7.9999920000000015
endloop
endfacet
facet normal 0 0 1
outer loop
vertex -23.123705000000005 22.999977000000005 7.9999920000000015
vertex -21.760662000000004 22.977185000000006 7.9999920000000015
vertex -21.500182000000006 22.999977000000005 7.9999920000000015
endloop
endfacet
facet normal 0 0 1
outer loop
vertex 21.760662000000004 22.977185000000006 7.9999920000000015
vertex 22.013002000000004 22.909623000000003 7.9999920000000015
vertex 23.203070000000004 22.909623000000003 7.9999920000000015
endloop
endfacet
facet normal 0 0 0.9999999999999999
outer loop
vertex 21.760662000000004 22.977185000000006 7.9999920000000015
vertex 23.203070000000004 22.909623000000003 7.9999920000000015
vertex 23.143648000000006 22.977185000000006 7.9999920000000015
endloop
endfacet
facet normal 0 0 1
outer loop
vertex -21.239702000000005 22.977185000000006 7.9999920000000015
vertex -20.986955000000005 22.909623000000003 7.9999920000000015
vertex 20.986955000000005 22.909623000000003 7.9999920000000015
endloop
endfacet
facet normal 0 0 1
outer loop
vertex -21.239702000000005 22.977185000000006 7.9999920000000015
vertex 20.986955000000005 22.909623000000003 7.9999920000000015
vertex 21.239702000000005 22.977185000000006 7.9999920000000015
endloop
endfacet
facet normal 0 0 1
outer loop
vertex -23.143648000000006 22.977185000000006 7.9999920000000015
vertex -23.203070000000004 22.909623000000003 7.9999920000000015
vertex -22.013002000000004 22.909623000000003 7.9999920000000015
endloop
endfacet
facet normal 0 0 0.9999999999999999
outer loop
vertex -23.143648000000006 22.977185000000006 7.9999920000000015
vertex -22.013002000000004 22.909623000000003 7.9999920000000015
vertex -21.760662000000004 22.977185000000006 7.9999920000000015
endloop
endfacet
facet normal 0 0 1
outer loop
vertex 22.013002000000004 22.909623000000003 7.9999920000000015
vertex 22.249876000000004 22.798919000000005 7.9999920000000015
vertex 23.299936000000006 22.798919000000005 7.9999920000000015
endloop
endfacet
facet normal 0 0 1
outer loop
vertex 22.013002000000004 22.909623000000003 7.9999920000000015
vertex 23.299936000000006 22.798919000000005 7.9999920000000015
vertex 23.203070000000004 22.909623000000003 7.9999920000000015
endloop
endfacet
facet normal 0 0 1
outer loop
vertex -20.986955000000005 22.909623000000003 7.9999920000000015
vertex -20.750081000000005 22.798919000000005 7.9999920000000015
vertex 20.750081000000005 22.798919000000005 7.9999920000000015
endloop
endfacet
facet normal 0 0 1
outer loop
vertex -20.986955000000005 22.909623000000003 7.9999920000000015
vertex 20.750081000000005 22.798919000000005 7.9999920000000015
vertex 20.986955000000005 22.909623000000003 7.9999920000000015
endloop
endfacet
facet normal 0 0 1
outer loop
vertex -23.203070000000004 22.909623000000003 7.9999920000000015
vertex -23.299936000000006 22.798919000000005 7.9999920000000015
vertex -22.249876000000004 22.798919000000005 7.9999920000000015
endloop
endfacet
facet normal 0 0 1
outer loop
vertex -23.203070000000004 22.909623000000003 7.9999920000000015
vertex -22.249876000000004 22.798919000000005 7.9999920000000015
vertex -22.013002000000004 22.909623000000003 7.9999920000000015
endloop
endfacet
facet normal 0 0 1
outer loop
vertex 22.249876000000004 22.798919000000005 7.9999920000000015
vertex 22.464365000000004 22.649143000000006 7.9999920000000015
vertex 23.431397000000004 22.649143000000006 7.9999920000000015
endloop
endfacet
facet normal 0 0 1
outer loop
vertex 22.249876000000004 22.798919000000005 7.9999920000000015
vertex 23.431397000000004 22.649143000000006 7.9999920000000015
vertex 23.299936000000006 22.798919000000005 7.9999920000000015
endloop
endfacet
facet normal 0 0 1
outer loop
vertex -20.750081000000005 22.798919000000005 7.9999920000000015
vertex -20.535999000000004 22.649143000000006 7.9999920000000015
vertex 20.535999000000004 22.649143000000006 7.9999920000000015
endloop
endfacet
facet normal 0 0 1
outer loop
vertex -20.750081000000005 22.798919000000005 7.9999920000000015
vertex 20.535999000000004 22.649143000000006 7.9999920000000015
vertex 20.750081000000005 22.798919000000005 7.9999920000000015
endloop
endfacet
facet normal 0 0 1
outer loop
vertex -23.299936000000006 22.798919000000005 7.9999920000000015
vertex -23.431397000000004 22.649143000000006 7.9999920000000015
vertex -22.464365000000004 22.649143000000006 7.9999920000000015
endloop
endfacet
facet normal 0 0 1
outer loop
vertex -23.299936000000006 22.798919000000005 7.9999920000000015
vertex -22.464365000000004 22.649143000000006 7.9999920000000015
vertex -22.249876000000004 22.798919000000005 7.9999920000000015
endloop
endfacet
facet normal 0 0 1
outer loop
vertex 23.138357000000006 22.545358000000004 7.9999920000000015
vertex 22.464365000000004 22.649143000000006 7.9999920000000015
vertex 22.649143000000006 22.464365000000004 7.9999920000000015
endloop
endfacet
facet normal 0 0 1
outer loop
vertex 23.138357000000006 22.545358000000004 7.9999920000000015
vertex 22.649143000000006 22.464365000000004 7.9999920000000015
vertex 23.586057000000004 22.464365000000004 7.9999920000000015
endloop
endfacet
facet normal 0 0 0.9999999999999999
outer loop
vertex 23.138357000000006 22.545358000000004 7.9999920000000015
vertex 23.586057000000004 22.464365000000004 7.9999920000000015
vertex 23.561637000000005 22.500181000000005 7.9999920000000015
endloop
endfacet
facet normal 0 0 1
outer loop
vertex 23.138357000000006 22.545358000000004 7.9999920000000015
vertex 23.561637000000005 22.500181000000005 7.9999920000000015
vertex 23.431397000000004 22.649143000000006 7.9999920000000015
endloop
endfacet
facet normal 0 0 1
outer loop
vertex 23.138357000000006 22.545358000000004 7.9999920000000015
vertex 23.431397000000004 22.649143000000006 7.9999920000000015
vertex 22.464365000000004 22.649143000000006 7.9999920000000015
endloop
endfacet
facet normal 0 0 1
outer loop
vertex -20.535999000000004 22.649143000000006 7.9999920000000015
vertex -20.350814000000003 22.464365000000004 7.9999920000000015
vertex 20.350814000000003 22.464365000000004 7.9999920000000015
endloop
endfacet
facet normal 0 0 1
outer loop
vertex -20.535999000000004 22.649143000000006 7.9999920000000015
vertex 20.350814000000003 22.464365000000004 7.9999920000000015
vertex 20.535999000000004 22.649143000000006 7.9999920000000015
endloop
endfacet
facet normal 0 0 1
outer loop
vertex -23.138357000000006 22.545358000000004 7.9999920000000015
vertex -23.431397000000004 22.649143000000006 7.9999920000000015
vertex -23.561637000000005 22.500181000000005 7.9999920000000015
endloop
endfacet
facet normal 0 0 0.9999999999999999
outer loop
vertex -23.138357000000006 22.545358000000004 7.9999920000000015
vertex -23.561637000000005 22.500181000000005 7.9999920000000015
vertex -23.586057000000004 22.464365000000004 7.9999920000000015
endloop
endfacet
facet normal 0 0 1
outer loop
vertex -23.138357000000006 22.545358000000004 7.9999920000000015
vertex -23.586057000000004 22.464365000000004 7.9999920000000015
vertex -22.649143000000006 22.464365000000004 7.9999920000000015
endloop
endfacet
facet normal 0 0 1
outer loop
vertex -23.138357000000006 22.545358000000004 7.9999920000000015
vertex -22.649143000000006 22.464365000000004 7.9999920000000015
vertex -22.464365000000004 22.649143000000006 7.9999920000000015
endloop
endfacet
facet normal 0 0 1
outer loop
vertex -23.138357000000006 22.545358000000004 7.9999920000000015
vertex -22.464365000000004 22.649143000000006 7.9999920000000015
vertex -23.431397000000004 22.649143000000006 7.9999920000000015
endloop
endfacet
facet normal 0 0 0.9999999999999999
outer loop
vertex 22.649143000000006 22.464365000000004 7.9999920000000015
vertex 22.798919000000005 22.249876000000004 7.9999920000000015
vertex 23.728914000000003 22.249876000000004 7.9999920000000015
endloop
endfacet
facet normal 0 0 1
outer loop
vertex 22.649143000000006 22.464365000000004 7.9999920000000015
vertex 23.728914000000003 22.249876000000004 7.9999920000000015
vertex 23.586057000000004 22.464365000000004 7.9999920000000015
endloop
endfacet
facet normal 0 0 1
outer loop
vertex -20.350814000000003 22.464365000000004 7.9999920000000015
vertex -20.201038000000004 22.249876000000004 7.9999920000000015
vertex 20.201038000000004 22.249876000000004 7.9999920000000015
endloop
endfacet
facet normal 0 0 1
outer loop
vertex -20.350814000000003 22.464365000000004 7.9999920000000015
vertex 20.201038000000004 22.249876000000004 7.9999920000000015
vertex 20.350814000000003 22.464365000000004 7.9999920000000015
endloop
endfacet
facet normal 0 0 0.9999999999999999
outer loop
vertex -23.586057000000004 22.464365000000004 7.9999920000000015
vertex -23.728914000000003 22.249876000000004 7.9999920000000015
vertex -22.798919000000005 22.249876000000004 7.9999920000000015
endloop
endfacet
facet normal 0 0 1
outer loop
vertex -23.586057000000004 22.464365000000004 7.9999920000000015
vertex -22.798919000000005 22.249876000000004 7.9999920000000015
vertex -22.649143000000006 22.464365000000004 7.9999920000000015
endloop
endfacet
facet normal 0 0 1
outer loop
vertex 22.798919000000005 22.249876000000004 7.9999920000000015
vertex 22.909623000000003 22.013002000000004 7.9999920000000015
vertex 23.887237000000006 22.013002000000004 7.9999920000000015
endloop
endfacet
facet normal 0 0 1
outer loop
vertex 22.798919000000005 22.249876000000004 7.9999920000000015
vertex 23.887237000000006 22.013002000000004 7.9999920000000015
vertex 23.728914000000003 22.249876000000004 7.9999920000000015
endloop
endfacet
facet normal 0 0 1
outer loop
vertex -20.201038000000004 22.249876000000004 7.9999920000000015
vertex -20.090334000000006 22.013002000000004 7.9999920000000015
vertex 20.090334000000006 22.013002000000004 7.9999920000000015
endloop
endfacet
facet normal 0 0 1
outer loop
vertex -20.201038000000004 22.249876000000004 7.9999920000000015
vertex 20.090334000000006 22.013002000000004 7.9999920000000015
vertex 20.201038000000004 22.249876000000004 7.9999920000000015
endloop
endfacet
facet normal 0 0 1
outer loop
vertex -23.728914000000003 22.249876000000004 7.9999920000000015
vertex -23.887237000000006 22.013002000000004 7.9999920000000015
vertex -22.909623000000003 22.013002000000004 7.9999920000000015
endloop
endfacet
facet normal 0 0 1
outer loop
vertex -23.728914000000003 22.249876000000004 7.9999920000000015
vertex -22.909623000000003 22.013002000000004 7.9999920000000015
vertex -22.798919000000005 22.249876000000004 7.9999920000000015
endloop
endfacet
facet normal 0 0 0.9999999999999999
outer loop
vertex 23.557974000000005 21.884390000000003 7.9999920000000015
vertex 22.909623000000003 22.013002000000004 7.9999920000000015
vertex 22.977185000000006 21.760662000000004 7.9999920000000015
endloop
endfacet
facet normal 0 0 1
outer loop
vertex 23.557974000000005 21.884390000000003 7.9999920000000015
vertex 22.977185000000006 21.760662000000004 7.9999920000000015
vertex 24.036199000000003 21.760662000000004 7.9999920000000015
endloop
endfacet
facet normal 0 0 1
outer loop
vertex 23.557974000000005 21.884390000000003 7.9999920000000015
vertex 24.036199000000003 21.760662000000004 7.9999920000000015
vertex 23.979626000000003 21.875029000000005 7.9999920000000015
endloop
endfacet
facet normal 0 0 1
outer loop
vertex 23.557974000000005 21.884390000000003 7.9999920000000015
vertex 23.979626000000003 21.875029000000005 7.9999920000000015
vertex 23.887237000000006 22.013002000000004 7.9999920000000015
endloop
endfacet
facet normal 0 0 1
outer loop
vertex 23.557974000000005 21.884390000000003 7.9999920000000015
vertex 23.887237000000006 22.013002000000004 7.9999920000000015
vertex 22.909623000000003 22.013002000000004 7.9999920000000015
endloop
endfacet
facet normal 0 0 1
outer loop
vertex -20.090334000000006 22.013002000000004 7.9999920000000015
vertex -20.022772000000003 21.760662000000004 7.9999920000000015
vertex 20.022772000000003 21.760662000000004 7.9999920000000015
endloop
endfacet
facet normal 0 0 1
outer loop
vertex -20.090334000000006 22.013002000000004 7.9999920000000015
vertex 20.022772000000003 21.760662000000004 7.9999920000000015
vertex 20.090334000000006 22.013002000000004 7.9999920000000015
endloop
endfacet
facet normal 0 0 1
outer loop
vertex -23.557974000000005 21.884390000000003 7.9999920000000015
vertex -23.887237000000006 22.013002000000004 7.9999920000000015
vertex -23.979626000000003 21.875029000000005 7.9999920000000015
endloop
endfacet
facet normal 0 0 1
outer loop
vertex -23.557974000000005 21.884390000000003 7.9999920000000015
vertex -23.979626000000003 21.875029000000005 7.9999920000000015
vertex -24.036199000000003 21.760662000000004 7.9999920000000015
endloop
endfacet
facet normal 0 0 1
outer loop
vertex -23.557974000000005 21.884390000000003 7.9999920000000015
vertex -24.036199000000003 21.760662000000004 7.9999920000000015
vertex -22.977185000000006 21.760662000000004 7.9999920000000015
endloop
endfacet
facet normal 0 0 0.9999999999999999
outer loop
vertex -23.557974000000005 21.884390000000003 7.9999920000000015
vertex -22.977185000000006 21.760662000000004 7.9999920000000015
vertex -22.909623000000003 22.013002000000004 7.9999920000000015
endloop
endfacet
facet normal 0 0 1
outer loop
vertex -23.557974000000005 21.884390000000003 7.9999920000000015
vertex -22.909623000000003 22.013002000000004 7.9999920000000015
vertex -23.887237000000006 22.013002000000004 7.9999920000000015
endloop
endfacet
facet normal 0 0 1
outer loop
vertex 22.977185000000006 21.760662000000004 7.9999920000000015
vertex 22.999977000000005 21.500182000000006 7.9999920000000015
vertex 24.164404000000005 21.500182000000006 7.9999920000000015
endloop
endfacet
facet normal 0 0 1
outer loop
vertex 22.977185000000006 21.760662000000004 7.9999920000000015
vertex 24.164404000000005 21.500182000000006 7.9999920000000015
vertex 24.036199000000003 21.760662000000004 7.9999920000000015
endloop
endfacet
facet normal 0 0 1
outer loop
vertex -20.022772000000003 21.760662000000004 7.9999920000000015
vertex -19.999980000000004 21.500182000000006 7.9999920000000015
vertex 19.999980000000004 21.500182000000006 7.9999920000000015
endloop
endfacet
facet normal 0 0 1
outer loop
vertex -20.022772000000003 21.760662000000004 7.9999920000000015
vertex 19.999980000000004 21.500182000000006 7.9999920000000015
vertex 20.022772000000003 21.760662000000004 7.9999920000000015
endloop
endfacet
facet normal 0 0 1
outer loop
vertex -24.036199000000003 21.760662000000004 7.9999920000000015
vertex -24.164404000000005 21.500182000000006 7.9999920000000015
vertex -22.999977000000005 21.500182000000006 7.9999920000000015
endloop
endfacet
facet normal 0 0 1
outer loop
vertex -24.036199000000003 21.760662000000004 7.9999920000000015
vertex -22.999977000000005 21.500182000000006 7.9999920000000015
vertex -22.977185000000006 21.760662000000004 7.9999920000000015
endloop
endfacet
facet normal 0 0 0.9999999999999999
outer loop
vertex 22.999977000000005 21.500182000000006 7.9999920000000015
vertex 22.977185000000006 21.239702000000005 7.9999920000000015
vertex 24.293016000000005 21.239702000000005 7.9999920000000015
endloop
endfacet
facet normal 0 0 1
outer loop
vertex 22.999977000000005 21.500182000000006 7.9999920000000015
vertex 24.293016000000005 21.239702000000005 7.9999920000000015
vertex 24.164404000000005 21.500182000000006 7.9999920000000015
endloop
endfacet
facet normal 0 0 1
outer loop
vertex -19.999980000000004 21.500182000000006 7.9999920000000015
vertex -20.022772000000003 21.239702000000005 7.9999920000000015
vertex 20.022772000000003 21.239702000000005 7.9999920000000015
endloop
endfacet
facet normal 0 0 1
outer loop
vertex -19.999980000000004 21.500182000000006 7.9999920000000015
vertex 20.022772000000003 21.239702000000005 7.9999920000000015
vertex 19.999980000000004 21.500182000000006 7.9999920000000015
endloop
endfacet
facet normal 0 0 0.9999999999999999
outer loop
vertex -24.164404000000005 21.500182000000006 7.9999920000000015
vertex -24.293016000000005 21.239702000000005 7.9999920000000015
vertex -22.977185000000006 21.239702000000005 7.9999920000000015
endloop
endfacet
facet normal 0 0 1
outer loop
vertex -24.164404000000005 21.500182000000006 7.9999920000000015
vertex -22.977185000000006 21.239702000000005 7.9999920000000015
vertex -22.999977000000005 21.500182000000006 7.9999920000000015
endloop
endfacet
facet normal 0 0 1
outer loop
vertex 23.775312000000003 21.130626000000003 7.9999920000000015
vertex 22.977185000000006 21.239702000000005 7.9999920000000015
vertex 22.909623000000003 20.986955000000005 7.9999920000000015
endloop
endfacet
facet normal 0 0 1
outer loop
vertex 23.775312000000003 21.130626000000003 7.9999920000000015
vertex 22.909623000000003 20.986955000000005 7.9999920000000015
vertex 24.384591000000004 20.986955000000005 7.9999920000000015
endloop
endfacet
facet normal 0 0 1
outer loop
vertex 23.775312000000003 21.130626000000003 7.9999920000000015
vertex 24.384591000000004 20.986955000000005 7.9999920000000015
vertex 24.312145000000005 21.200630000000004 7.9999920000000015
endloop
endfacet
facet normal 0 0 1
outer loop
vertex 23.775312000000003 21.130626000000003 7.9999920000000015
vertex 24.312145000000005 21.200630000000004 7.9999920000000015
vertex 24.293016000000005 21.239702000000005 7.9999920000000015
endloop
endfacet
facet normal 0 0 1
outer loop
vertex 23.775312000000003 21.130626000000003 7.9999920000000015
vertex 24.293016000000005 21.239702000000005 7.9999920000000015
vertex 22.977185000000006 21.239702000000005 7.9999920000000015
endloop
endfacet
facet normal 0 0 1
outer loop
vertex -20.022772000000003 21.239702000000005 7.9999920000000015
vertex -20.090334000000006 20.986955000000005 7.9999920000000015
vertex 20.090334000000006 20.986955000000005 7.9999920000000015
endloop
endfacet
facet normal 0 0 1
outer loop
vertex -20.022772000000003 21.239702000000005 7.9999920000000015
vertex 20.090334000000006 20.986955000000005 7.9999920000000015
vertex 20.022772000000003 21.239702000000005 7.9999920000000015
endloop
endfacet
facet normal 0 0 1
outer loop
vertex -23.775312000000003 21.130626000000003 7.9999920000000015
vertex -24.293016000000005 21.239702000000005 7.9999920000000015
vertex -24.312145000000005 21.200630000000004 7.9999920000000015
endloop
endfacet
facet normal 0 0 1
outer loop
vertex -23.775312000000003 21.130626000000003 7.9999920000000015
vertex -24.312145000000005 21.200630000000004 7.9999920000000015
vertex -24.384591000000004 20.986955000000005 7.9999920000000015
endloop
endfacet
facet normal 0 0 1
outer loop
vertex -23.775312000000003 21.130626000000003 7.9999920000000015
vertex -24.384591000000004 20.986955000000005 7.9999920000000015
vertex -22.909623000000003 20.986955000000005 7.9999920000000015
endloop
endfacet
facet normal 0 0 1
outer loop
vertex -23.775312000000003 21.130626000000003 7.9999920000000015
vertex -22.909623000000003 20.986955000000005 7.9999920000000015
vertex -22.977185000000006 21.239702000000005 7.9999920000000015
endloop
endfacet
facet normal 0 0 1
outer loop
vertex -23.775312000000003 21.130626000000003 7.9999920000000015
vertex -22.977185000000006 21.239702000000005 7.9999920000000015
vertex -24.293016000000005 21.239702000000005 7.9999920000000015
endloop
endfacet
facet normal 0 0 1
outer loop
vertex 22.909623000000003 20.986955000000005 7.9999920000000015
vertex 22.798919000000005 20.750081000000005 7.9999920000000015
vertex 24.465177000000004 20.750081000000005 7.9999920000000015
endloop
endfacet
facet normal 0 0 1
outer loop
vertex 22.909623000000003 20.986955000000005 7.9999920000000015
vertex 24.465177000000004 20.750081000000005 7.9999920000000015
vertex 24.384591000000004 20.986955000000005 7.9999920000000015
endloop
endfacet
facet normal 0 0 1
outer loop
vertex -20.090334000000006 20.986955000000005 7.9999920000000015
vertex -20.201038000000004 20.750081000000005 7.9999920000000015
vertex 20.201038000000004 20.750081000000005 7.9999920000000015
endloop
endfacet
facet normal 0 0 1
outer loop
vertex -20.090334000000006 20.986955000000005 7.9999920000000015
vertex 20.201038000000004 20.750081000000005 7.9999920000000015
vertex 20.090334000000006 20.986955000000005 7.9999920000000015
endloop
endfacet
facet normal 0 0 1
outer loop
vertex -24.384591000000004 20.986955000000005 7.9999920000000015
vertex -24.465177000000004 20.750081000000005 7.9999920000000015
vertex -22.798919000000005 20.750081000000005 7.9999920000000015
endloop
endfacet
facet normal 0 0 1
outer loop
vertex -24.384591000000004 20.986955000000005 7.9999920000000015
vertex -22.798919000000005 20.750081000000005 7.9999920000000015
vertex -22.909623000000003 20.986955000000005 7.9999920000000015
endloop
endfacet
facet normal 0 0 1
outer loop
vertex 22.798919000000005 20.750081000000005 7.9999920000000015
vertex 22.649143000000006 20.535999000000004 7.9999920000000015
vertex 24.538030000000006 20.535999000000004 7.9999920000000015
endloop
endfacet
facet normal 0 0 1
outer loop
vertex 22.798919000000005 20.750081000000005 7.9999920000000015
vertex 24.538030000000006 20.535999000000004 7.9999920000000015
vertex 24.465177000000004 20.750081000000005 7.9999920000000015
endloop
endfacet
facet normal 0 0 1
outer loop
vertex -20.201038000000004 20.750081000000005 7.9999920000000015
vertex -20.350814000000003 20.535999000000004 7.9999920000000015
vertex 20.350814000000003 20.535999000000004 7.9999920000000015
endloop
endfacet
facet normal 0 0 1
outer loop
vertex -20.201038000000004 20.750081000000005 7.9999920000000015
vertex 20.350814000000003 20.535999000000004 7.9999920000000015
vertex 20.201038000000004 20.750081000000005 7.9999920000000015
endloop
endfacet
facet normal 0 0 1
outer loop
vertex -24.465177000000004 20.750081000000005 7.9999920000000015
vertex -24.538030000000006 20.535999000000004 7.9999920000000015
vertex -22.649143000000006 20.535999000000004 7.9999920000000015
endloop
endfacet
facet normal 0 0 1
outer loop
vertex -24.465177000000004 20.750081000000005 7.9999920000000015
vertex -22.649143000000006 20.535999000000004 7.9999920000000015
vertex -22.798919000000005 20.750081000000005 7.9999920000000015
endloop
endfacet
facet normal 0 0 0.9999999999999999
outer loop
vertex 23.757404000000005 20.452564000000002 7.9999920000000015
vertex 22.649143000000006 20.535999000000004 7.9999920000000015
vertex 22.464365000000004 20.350814000000003 7.9999920000000015
endloop
endfacet
facet normal 0 0 0.9999999999999999
outer loop
vertex 23.757404000000005 20.452564000000002 7.9999920000000015
vertex 22.464365000000004 20.350814000000003 7.9999920000000015
vertex 24.581579000000005 20.350814000000003 7.9999920000000015
endloop
endfacet
facet normal 0 0 0.9999999999999999
outer loop
vertex 23.757404000000005 20.452564000000002 7.9999920000000015
vertex 24.581579000000005 20.350814000000003 7.9999920000000015
vertex 24.553903000000005 20.488380000000003 7.9999920000000015
endloop
endfacet
facet normal 0 0 1
outer loop
vertex 23.757404000000005 20.452564000000002 7.9999920000000015
vertex 24.553903000000005 20.488380000000003 7.9999920000000015
vertex 24.538030000000006 20.535999000000004 7.9999920000000015
endloop
endfacet
facet normal 0 0 1
outer loop
vertex 23.757404000000005 20.452564000000002 7.9999920000000015
vertex 24.538030000000006 20.535999000000004 7.9999920000000015
vertex 22.649143000000006 20.535999000000004 7.9999920000000015
endloop
endfacet
facet normal 0 0 1
outer loop
vertex -20.350814000000003 20.535999000000004 7.9999920000000015
vertex -20.535999000000004 20.350814000000003 7.9999920000000015
vertex 20.535999000000004 20.350814000000003 7.9999920000000015
endloop
endfacet
facet normal 0 0 1
outer loop
vertex -20.350814000000003 20.535999000000004 7.9999920000000015
vertex 20.535999000000004 20.350814000000003 7.9999920000000015
vertex 20.350814000000003 20.535999000000004 7.9999920000000015
endloop
endfacet
facet normal 0 0 1
outer loop
vertex -23.757404000000005 20.452564000000002 7.9999920000000015
vertex -24.538030000000006 20.535999000000004 7.9999920000000015
vertex -24.553903000000005 20.488380000000003 7.9999920000000015
endloop
endfacet
facet normal 0 0 0.9999999999999999
outer loop
vertex -23.757404000000005 20.452564000000002 7.9999920000000015
vertex -24.553903000000005 20.488380000000003 7.9999920000000015
vertex -24.581579000000005 20.350814000000003 7.9999920000000015
endloop
endfacet
facet normal 0 0 0.9999999999999999
outer loop
vertex -23.757404000000005 20.452564000000002 7.9999920000000015
vertex -24.581579000000005 20.350814000000003 7.9999920000000015
vertex -22.464365000000004 20.350814000000003 7.9999920000000015
endloop
endfacet
facet normal 0 0 0.9999999999999999
outer loop
vertex -23.757404000000005 20.452564000000002 7.9999920000000015
vertex -22.464365000000004 20.350814000000003 7.9999920000000015
vertex -22.649143000000006 20.535999000000004 7.9999920000000015
endloop
endfacet
facet normal 0 0 1
outer loop
vertex -23.757404000000005 20.452564000000002 7.9999920000000015
vertex -22.649143000000006 20.535999000000004 7.9999920000000015
vertex -24.538030000000006 20.535999000000004 7.9999920000000015
endloop
endfacet
facet normal 0 0 1
outer loop
vertex 22.464365000000004 20.350814000000003 7.9999920000000015
vertex 22.249876000000004 20.201038000000004 7.9999920000000015
vertex 24.611290000000004 20.201038000000004 7.9999920000000015
endloop
endfacet
facet normal 0 0 0.9999999999999999
outer loop
vertex 22.464365000000004 20.350814000000003 7.9999920000000015
vertex 24.611290000000004 20.201038000000004 7.9999920000000015
vertex 24.581579000000005 20.350814000000003 7.9999920000000015
endloop
endfacet
facet normal 0 0 1
outer loop
vertex -20.535999000000004 20.350814000000003 7.9999920000000015
vertex -20.750081000000005 20.201038000000004 7.9999920000000015
vertex 20.750081000000005 20.201038000000004 7.9999920000000015
endloop
endfacet
facet normal 0 0 1
outer loop
vertex -20.535999000000004 20.350814000000003 7.9999920000000015
vertex 20.750081000000005 20.201038000000004 7.9999920000000015
vertex 20.535999000000004 20.350814000000003 7.9999920000000015
endloop
endfacet
facet normal 0 0 1
outer loop
vertex -24.581579000000005 20.350814000000003 7.9999920000000015
vertex -24.611290000000004 20.201038000000004 7.9999920000000015
vertex -22.249876000000004 20.201038000000004 7.9999920000000015
endloop
endfacet
facet normal 0 0 0.9999999999999999
outer loop
vertex -24.581579000000005 20.350814000000003 7.9999920000000015
vertex -22.249876000000004 20.201038000000004 7.9999920000000015
vertex -22.464365000000004 20.350814000000003 7.9999920000000015
endloop
endfacet
facet normal 0 0 0.9999999999999999
outer loop
vertex 22.249876000000004 20.201038000000004 7.9999920000000015
vertex 22.013002000000004 20.090334000000006 7.9999920000000015
vertex 24.633268000000005 20.090334000000006 7.9999920000000015
endloop
endfacet
facet normal 0 0 1
outer loop
vertex 22.249876000000004 20.201038000000004 7.9999920000000015
vertex 24.633268000000005 20.090334000000006 7.9999920000000015
vertex 24.611290000000004 20.201038000000004 7.9999920000000015
endloop
endfacet
facet normal 0 0 1
outer loop
vertex -20.750081000000005 20.201038000000004 7.9999920000000015
vertex -20.986955000000005 20.090334000000006 7.9999920000000015
vertex 20.986955000000005 20.090334000000006 7.9999920000000015
endloop
endfacet
facet normal 0 0 1
outer loop
vertex -20.750081000000005 20.201038000000004 7.9999920000000015
vertex 20.986955000000005 20.090334000000006 7.9999920000000015
vertex 20.750081000000005 20.201038000000004 7.9999920000000015
endloop
endfacet
facet normal 0 0 0.9999999999999999
outer loop
vertex -24.611290000000004 20.201038000000004 7.9999920000000015
vertex -24.633268000000005 20.090334000000006 7.9999920000000015
vertex -22.013002000000004 20.090334000000006 7.9999920000000015
endloop
endfacet
facet normal 0 0 1
outer loop
vertex -24.611290000000004 20.201038000000004 7.9999920000000015
vertex -22.013002000000004 20.090334000000006 7.9999920000000015
vertex -22.249876000000004 20.201038000000004 7.9999920000000015
endloop
endfacet
facet normal 0 0 0.9999999999999999
outer loop
vertex 22.013002000000004 20.090334000000006 7.9999920000000015
vertex 21.760662000000004 20.022772000000003 7.9999920000000015
vertex 24.646699000000005 20.022772000000003 7.9999920000000015
endloop
endfacet
facet normal 0 0 1
outer loop
vertex 22.013002000000004 20.090334000000006 7.9999920000000015
vertex 24.646699000000005 20.022772000000003 7.9999920000000015
vertex 24.633268000000005 20.090334000000006 7.9999920000000015
endloop
endfacet
facet normal 0 0 1
outer loop
vertex -20.986955000000005 20.090334000000006 7.9999920000000015
vertex -21.239702000000005 20.022772000000003 7.9999920000000015
vertex 21.239702000000005 20.022772000000003 7.9999920000000015
endloop
endfacet
facet normal 0 0 1
outer loop
vertex -20.986955000000005 20.090334000000006 7.9999920000000015
vertex 21.239702000000005 20.022772000000003 7.9999920000000015
vertex 20.986955000000005 20.090334000000006 7.9999920000000015
endloop
endfacet
facet normal 0 0 0.9999999999999999
outer loop
vertex -24.633268000000005 20.090334000000006 7.9999920000000015
vertex -24.646699000000005 20.022772000000003 7.9999920000000015
vertex -21.760662000000004 20.022772000000003 7.9999920000000015
endloop
endfacet
facet normal 0 0 1
outer loop
vertex -24.633268000000005 20.090334000000006 7.9999920000000015
vertex -21.760662000000004 20.022772000000003 7.9999920000000015
vertex -22.013002000000004 20.090334000000006 7.9999920000000015
endloop
endfacet
facet normal 0 0 1
outer loop
vertex 21.760662000000004 20.022772000000003 7.9999920000000015
vertex 21.500182000000006 19.999980000000004 7.9999920000000015
vertex 24.651176000000007 19.999980000000004 7.9999920000000015
endloop
endfacet
facet normal 0 0 0.9999999999999999
outer loop
vertex 21.760662000000004 20.022772000000003 7.9999920000000015
vertex 24.651176000000007 19.999980000000004 7.9999920000000015
vertex 24.646699000000005 20.022772000000003 7.9999920000000015
endloop
endfacet
facet normal 0 0 1
outer loop
vertex -21.239702000000005 20.022772000000003 7.9999920000000015
vertex -21.500182000000006 19.999980000000004 7.9999920000000015
vertex 21.500182000000006 19.999980000000004 7.9999920000000015
endloop
endfacet
facet normal 0 0 0.9999999999999999
outer loop
vertex -21.239702000000005 20.022772000000003 7.9999920000000015
vertex 21.500182000000006 19.999980000000004 7.9999920000000015
vertex 21.239702000000005 20.022772000000003 7.9999920000000015
endloop
endfacet
facet normal 0 0 1
outer loop
vertex -24.646699000000005 20.022772000000003 7.9999920000000015
vertex -24.651176000000007 19.999980000000004 7.9999920000000015
vertex -21.500182000000006 19.999980000000004 7.9999920000000015
endloop
endfacet
facet normal 0 0 0.9999999999999999
outer loop
vertex -24.646699000000005 20.022772000000003 7.9999920000000015
vertex -21.500182000000006 19.999980000000004 7.9999920000000015
vertex -21.760662000000004 20.022772000000003 7.9999920000000015
endloop
endfacet
facet normal 0 0 1
outer loop
vertex 0 19.254763000000004 7.9999920000000015
vertex 21.500182000000006 19.999980000000004 7.9999920000000015
vertex -21.500182000000006 19.999980000000004 7.9999920000000015
endloop
endfacet
facet normal 0 0 1
outer loop
vertex 0 19.254763000000004 7.9999920000000015
vertex -21.500182000000006 19.999980000000004 7.9999920000000015
vertex -24.651176000000007 19.999980000000004 7.9999920000000015
endloop
endfacet
facet normal 0 0 1
outer loop
vertex 0 19.254763000000004 7.9999920000000015
vertex -24.651176000000007 19.999980000000004 7.9999920000000015
vertex -24.700830000000003 19.750489000000005 7.9999920000000015
endloop
endfacet
facet normal 0 0 1
outer loop
vertex 0 19.254763000000004 7.9999920000000015
vertex -24.700830000000003 19.750489000000005 7.9999920000000015
vertex -24.750077000000005 18.999981000000005 7.9999920000000015
endloop
endfacet
facet normal 0 0 1
outer loop
vertex 0 19.254763000000004 7.9999920000000015
vertex -24.750077000000005 18.999981000000005 7.9999920000000015
vertex -24.750077000000005 18.100104000000005 7.9999920000000015
endloop
endfacet
facet normal 0 0 0.9999999999999999
outer loop
vertex 0 19.254763000000004 7.9999920000000015
vertex -24.750077000000005 18.100104000000005 7.9999920000000015
vertex 0 18.100104000000005 7.9999920000000015
endloop
endfacet
facet normal 0 0 0.9999999999999999
outer loop
vertex 0 19.254763000000004 7.9999920000000015
vertex 0 18.100104000000005 7.9999920000000015
vertex 24.750077000000005 18.100104000000005 7.9999920000000015
endloop
endfacet
facet normal 0 0 1
outer loop
vertex 0 19.254763000000004 7.9999920000000015
vertex 24.750077000000005 18.100104000000005 7.9999920000000015
vertex 24.750077000000005 18.999981000000005 7.9999920000000015
endloop
endfacet
facet normal 0 0 1
outer loop
vertex 0 19.254763000000004 7.9999920000000015
vertex 24.750077000000005 18.999981000000005 7.9999920000000015
vertex 24.700830000000003 19.750489000000005 7.9999920000000015
endloop
endfacet
facet normal 0 0 1
outer loop
vertex 0 19.254763000000004 7.9999920000000015
vertex 24.700830000000003 19.750489000000005 7.9999920000000015
vertex 24.651176000000007 19.999980000000004 7.9999920000000015
endloop
endfacet
facet normal 0 0 1
outer loop
vertex 0 19.254763000000004 7.9999920000000015
vertex 24.651176000000007 19.999980000000004 7.9999920000000015
vertex 21.500182000000006 19.999980000000004 7.9999920000000015
endloop
endfacet
facet normal 0 0 1
outer loop
vertex 0 18.100104000000005 7.9999920000000015
vertex 0.27391100000000007 18.082196000000003 7.9999920000000015
vertex 24.750077000000005 18.082196000000003 7.9999920000000015
endloop
endfacet
facet normal 0 0 1
outer loop
vertex 0 18.100104000000005 7.9999920000000015
vertex 24.750077000000005 18.082196000000003 7.9999920000000015
vertex 24.750077000000005 18.100104000000005 7.9999920000000015
endloop
endfacet
facet normal 0 0 1
outer loop
vertex -24.750077000000005 18.100104000000005 7.9999920000000015
vertex -24.750077000000005 18.082196000000003 7.9999920000000015
vertex -0.27391100000000007 18.082196000000003 7.9999920000000015
endloop
endfacet
facet normal 0 0 1
outer loop
vertex -24.750077000000005 18.100104000000005 7.9999920000000015
vertex -0.27391100000000007 18.082196000000003 7.9999920000000015
vertex 0 18.100104000000005 7.9999920000000015
endloop
endfacet
facet normal 0 0 1
outer loop
vertex 0.27391100000000007 18.082196000000003 7.9999920000000015
vertex 0.5433450000000001 18.028472000000004 7.9999920000000015
vertex 24.750077000000005 18.028472000000004 7.9999920000000015
endloop
endfacet
facet normal 0 0 1
outer loop
vertex 0.27391100000000007 18.082196000000003 7.9999920000000015
vertex 24.750077000000005 18.028472000000004 7.9999920000000015
vertex 24.750077000000005 18.082196000000003 7.9999920000000015
endloop
endfacet
facet normal 0 0 1
outer loop
vertex -24.750077000000005 18.082196000000003 7.9999920000000015
vertex -24.750077000000005 18.028472000000004 7.9999920000000015
vertex -0.5433450000000001 18.028472000000004 7.9999920000000015
endloop
endfacet
facet normal 0 0 1
outer loop
vertex -24.750077000000005 18.082196000000003 7.9999920000000015
vertex -0.5433450000000001 18.028472000000004 7.9999920000000015
vertex -0.27391100000000007 18.082196000000003 7.9999920000000015
endloop
endfacet
facet normal 0 0 1
outer loop
vertex 0.5433450000000001 18.028472000000004 7.9999920000000015
vertex 0.8038250000000001 17.940153000000002 7.9999920000000015
vertex 24.750077000000005 17.940153000000002 7.9999920000000015
endloop
endfacet
facet normal 0 0 0.9999999999999999
outer loop
vertex 0.5433450000000001 18.028472000000004 7.9999920000000015
vertex 24.750077000000005 17.940153000000002 7.9999920000000015
vertex 24.750077000000005 18.028472000000004 7.9999920000000015
endloop
endfacet
facet normal 0 0 1
outer loop
vertex -24.750077000000005 18.028472000000004 7.9999920000000015
vertex -24.750077000000005 17.940153000000002 7.9999920000000015
vertex -0.8038250000000001 17.940153000000002 7.9999920000000015
endloop
endfacet
facet normal 0 0 0.9999999999999999
outer loop
vertex -24.750077000000005 18.028472000000004 7.9999920000000015
vertex -0.8038250000000001 17.940153000000002 7.9999920000000015
vertex -0.5433450000000001 18.028472000000004 7.9999920000000015
endloop
endfacet
facet normal 0 0 1
outer loop
vertex 0.8038250000000001 17.940153000000002 7.9999920000000015
vertex 1.0500600000000002 17.818460000000005 7.9999920000000015
vertex 24.750077000000005 17.818460000000005 7.9999920000000015
endloop
endfacet
facet normal 0 0 0.9999999999999999
outer loop
vertex 0.8038250000000001 17.940153000000002 7.9999920000000015
vertex 24.750077000000005 17.818460000000005 7.9999920000000015
vertex 24.750077000000005 17.940153000000002 7.9999920000000015
endloop
endfacet
facet normal 0 0 1
outer loop
vertex -24.750077000000005 17.940153000000002 7.9999920000000015
vertex -24.750077000000005 17.818460000000005 7.9999920000000015
vertex -1.0500600000000002 17.818460000000005 7.9999920000000015
endloop
endfacet
facet normal 0 0 0.9999999999999999
outer loop
vertex -24.750077000000005 17.940153000000002 7.9999920000000015
vertex -1.0500600000000002 17.818460000000005 7.9999920000000015
vertex -0.8038250000000001 17.940153000000002 7.9999920000000015
endloop
endfacet
facet normal 0 0 0.9999999999999999
outer loop
vertex 1.0500600000000002 17.818460000000005 7.9999920000000015
vertex 1.2783870000000002 17.666242000000004 7.9999920000000015
vertex 24.750077000000005 17.666242000000004 7.9999920000000015
endloop
endfacet
facet normal 0 0 1
outer loop
vertex 1.0500600000000002 17.818460000000005 7.9999920000000015
vertex 24.750077000000005 17.666242000000004 7.9999920000000015
vertex 24.750077000000005 17.818460000000005 7.9999920000000015
endloop
endfacet
facet normal 0 0 1
outer loop
vertex -24.750077000000005 17.818460000000005 7.9999920000000015
vertex -24.750077000000005 17.666242000000004 7.9999920000000015
vertex -1.2783870000000002 17.666242000000004 7.9999920000000015
endloop
endfacet
facet normal 0 0 1
outer loop
vertex -24.750077000000005 17.818460000000005 7.9999920000000015
vertex -1.2783870000000002 17.666242000000004 7.9999920000000015
vertex -1.0500600000000002 17.818460000000005 7.9999920000000015
endloop
endfacet
facet normal 0 0 1
outer loop
vertex 1.2783870000000002 17.666242000000004 7.9999920000000015
vertex 1.4847360000000003 17.485127000000002 7.9999920000000015
vertex 24.750077000000005 17.485127000000002 7.9999920000000015
endloop
endfacet
facet normal 0 0 1
outer loop
vertex 1.2783870000000002 17.666242000000004 7.9999920000000015
vertex 24.750077000000005 17.485127000000002 7.9999920000000015
vertex 24.750077000000005 17.666242000000004 7.9999920000000015
endloop
endfacet
facet normal 0 0 1
outer loop
vertex -24.750077000000005 17.666242000000004 7.9999920000000015
vertex -24.750077000000005 17.485127000000002 7.9999920000000015
vertex -1.4847360000000003 17.485127000000002 7.9999920000000015
endloop
endfacet
facet normal 0 0 1
outer loop
vertex -24.750077000000005 17.666242000000004 7.9999920000000015
vertex -1.4847360000000003 17.485127000000002 7.9999920000000015
vertex -1.2783870000000002 17.666242000000004 7.9999920000000015
endloop
endfacet
facet normal 0 0 1
outer loop
vertex 1.4847360000000003 17.485127000000002 7.9999920000000015
vertex 1.6658510000000004 17.278371000000003 7.9999920000000015
vertex 24.750077000000005 17.278371000000003 7.9999920000000015
endloop
endfacet
facet normal 0 0 1
outer loop
vertex 1.4847360000000003 17.485127000000002 7.9999920000000015
vertex 24.750077000000005 17.278371000000003 7.9999920000000015
vertex 24.750077000000005 17.485127000000002 7.9999920000000015
endloop
endfacet
facet normal 0 0 0.9999999999999999
outer loop
vertex -24.750077000000005 17.485127000000002 7.9999920000000015
vertex -24.750077000000005 17.278371000000003 7.9999920000000015
vertex -1.6658510000000004 17.278371000000003 7.9999920000000015
endloop
endfacet
facet normal 0 0 1
outer loop
vertex -24.750077000000005 17.485127000000002 7.9999920000000015
vertex -1.6658510000000004 17.278371000000003 7.9999920000000015
vertex -1.4847360000000003 17.485127000000002 7.9999920000000015
endloop
endfacet
facet normal 0 0 1
outer loop
vertex 1.6658510000000004 17.278371000000003 7.9999920000000015
vertex 1.8184760000000004 17.050044000000003 7.9999920000000015
vertex 24.750077000000005 17.050044000000003 7.9999920000000015
endloop
endfacet
facet normal 0 0 1
outer loop
vertex 1.6658510000000004 17.278371000000003 7.9999920000000015
vertex 24.750077000000005 17.050044000000003 7.9999920000000015
vertex 24.750077000000005 17.278371000000003 7.9999920000000015
endloop
endfacet
facet normal 0 0 1
outer loop
vertex -24.750077000000005 17.278371000000003 7.9999920000000015
vertex -24.750077000000005 17.050044000000003 7.9999920000000015
vertex -1.8184760000000004 17.050044000000003 7.9999920000000015
endloop
endfacet
facet normal 0 0 1
outer loop
vertex -24.750077000000005 17.278371000000003 7.9999920000000015
vertex -1.8184760000000004 17.050044000000003 7.9999920000000015
vertex -1.6658510000000004 17.278371000000003 7.9999920000000015
endloop
endfacet
facet normal 0 0 0.9999999999999999
outer loop
vertex 1.8184760000000004 17.050044000000003 7.9999920000000015
vertex 1.9401690000000005 16.803809000000005 7.9999920000000015
vertex 24.750077000000005 16.803809000000005 7.9999920000000015
endloop
endfacet
facet normal 0 0 1
outer loop
vertex 1.8184760000000004 17.050044000000003 7.9999920000000015
vertex 24.750077000000005 16.803809000000005 7.9999920000000015
vertex 24.750077000000005 17.050044000000003 7.9999920000000015
endloop
endfacet
facet normal 0 0 0.9999999999999999
outer loop
vertex -24.750077000000005 17.050044000000003 7.9999920000000015
vertex -24.750077000000005 16.803809000000005 7.9999920000000015
vertex -1.9401690000000005 16.803809000000005 7.9999920000000015
endloop
endfacet
facet normal 0 0 1
outer loop
vertex -24.750077000000005 17.050044000000003 7.9999920000000015
vertex -1.9401690000000005 16.803809000000005 7.9999920000000015
vertex -1.8184760000000004 17.050044000000003 7.9999920000000015
endloop
endfacet
facet normal 0 0 1
outer loop
vertex 1.9401690000000005 16.803809000000005 7.9999920000000015
vertex 2.0284880000000003 16.543329000000004 7.9999920000000015
vertex 24.750077000000005 16.543329000000004 7.9999920000000015
endloop
endfacet
facet normal 0 0 1
outer loop
vertex 1.9401690000000005 16.803809000000005 7.9999920000000015
vertex 24.750077000000005 16.543329000000004 7.9999920000000015
vertex 24.750077000000005 16.803809000000005 7.9999920000000015
endloop
endfacet
facet normal 0 0 1
outer loop
vertex -24.750077000000005 16.803809000000005 7.9999920000000015
vertex -24.750077000000005 16.543329000000004 7.9999920000000015
vertex -2.0284880000000003 16.543329000000004 7.9999920000000015
endloop
endfacet
facet normal 0 0 1
outer loop
vertex -24.750077000000005 16.803809000000005 7.9999920000000015
vertex -2.0284880000000003 16.543329000000004 7.9999920000000015
vertex -1.9401690000000005 16.803809000000005 7.9999920000000015
endloop
endfacet
facet normal 0 0 1
outer loop
vertex 2.0284880000000003 16.543329000000004 7.9999920000000015
vertex 2.0822120000000006 16.274302000000002 7.9999920000000015
vertex 24.750077000000005 16.274302000000002 7.9999920000000015
endloop
endfacet
facet normal 0 0 1
outer loop
vertex 2.0284880000000003 16.543329000000004 7.9999920000000015
vertex 24.750077000000005 16.274302000000002 7.9999920000000015
vertex 24.750077000000005 16.543329000000004 7.9999920000000015
endloop
endfacet
facet normal 0 0 1
outer loop
vertex -24.750077000000005 16.543329000000004 7.9999920000000015
vertex -24.750077000000005 16.274302000000002 7.9999920000000015
vertex -2.0822120000000006 16.274302000000002 7.9999920000000015
endloop
endfacet
facet normal 0 0 1
outer loop
vertex -24.750077000000005 16.543329000000004 7.9999920000000015
vertex -2.0822120000000006 16.274302000000002 7.9999920000000015
vertex -2.0284880000000003 16.543329000000004 7.9999920000000015
endloop
endfacet
facet normal 0 0 1
outer loop
vertex 2.0822120000000006 16.274302000000002 7.9999920000000015
vertex 2.1001200000000004 15.999984000000003 7.9999920000000015
vertex 24.750077000000005 15.999984000000003 7.9999920000000015
endloop
endfacet
facet normal 0 0 1
outer loop
vertex 2.0822120000000006 16.274302000000002 7.9999920000000015
vertex 24.750077000000005 15.999984000000003 7.9999920000000015
vertex 24.750077000000005 16.274302000000002 7.9999920000000015
endloop
endfacet
facet normal 0 0 1
outer loop
vertex -24.750077000000005 16.274302000000002 7.9999920000000015
vertex -24.750077000000005 15.999984000000003 7.9999920000000015
vertex -2.1001200000000004 15.999984000000003 7.9999920000000015
endloop
endfacet
facet normal 0 0 1
outer loop
vertex -24.750077000000005 16.274302000000002 7.9999920000000015
vertex -2.1001200000000004 15.999984000000003 7.9999920000000015
vertex -2.0822120000000006 16.274302000000002 7.9999920000000015
endloop
endfacet
facet normal 0 0 1
outer loop
vertex 2.1001200000000004 15.999984000000003 7.9999920000000015
vertex 2.0822120000000006 15.726073000000003 7.9999920000000015
vertex 24.750077000000005 15.726073000000003 7.9999920000000015
endloop
endfacet
facet normal 0 0 1
outer loop
vertex 2.1001200000000004 15.999984000000003 7.9999920000000015
vertex 24.750077000000005 15.726073000000003 7.9999920000000015
vertex 24.750077000000005 15.999984000000003 7.9999920000000015
endloop
endfacet
facet normal 0 0 1
outer loop
vertex -24.750077000000005 15.999984000000003 7.9999920000000015
vertex -24.750077000000005 15.726073000000003 7.9999920000000015
vertex -2.0822120000000006 15.726073000000003 7.9999920000000015
endloop
endfacet
facet normal 0 0 1
outer loop
vertex -24.750077000000005 15.999984000000003 7.9999920000000015
vertex -2.0822120000000006 15.726073000000003 7.9999920000000015
vertex -2.1001200000000004 15.999984000000003 7.9999920000000015
endloop
endfacet
facet normal 0 0 1
outer loop
vertex 2.0822120000000006 15.726073000000003 7.9999920000000015
vertex 2.0284880000000003 15.456639000000003 7.9999920000000015
vertex 24.750077000000005 15.456639000000003 7.9999920000000015
endloop
endfacet
facet normal 0 0 1
outer loop
vertex 2.0822120000000006 15.726073000000003 7.9999920000000015
vertex 24.750077000000005 15.456639000000003 7.9999920000000015
vertex 24.750077000000005 15.726073000000003 7.9999920000000015
endloop
endfacet
facet normal 0 0 1
outer loop
vertex -24.750077000000005 15.726073000000003 7.9999920000000015
vertex -24.750077000000005 15.456639000000003 7.9999920000000015
vertex -2.0284880000000003 15.456639000000003 7.9999920000000015
endloop
endfacet
facet normal 0 0 1
outer loop
vertex -24.750077000000005 15.726073000000003 7.9999920000000015
vertex -2.0284880000000003 15.456639000000003 7.9999920000000015
vertex -2.0822120000000006 15.726073000000003 7.9999920000000015
endloop
endfacet
facet normal 0 0 1
outer loop
vertex 2.0284880000000003 15.456639000000003 7.9999920000000015
vertex 1.9401690000000005 15.196566000000002 7.9999920000000015
vertex 24.750077000000005 15.196566000000002 7.9999920000000015
endloop
endfacet
facet normal 0 0 1
outer loop
vertex 2.0284880000000003 15.456639000000003 7.9999920000000015
vertex 24.750077000000005 15.196566000000002 7.9999920000000015
vertex 24.750077000000005 15.456639000000003 7.9999920000000015
endloop
endfacet
facet normal 0 0 1
outer loop
vertex -24.750077000000005 15.456639000000003 7.9999920000000015
vertex -24.750077000000005 15.196566000000002 7.9999920000000015
vertex -1.9401690000000005 15.196566000000002 7.9999920000000015
endloop
endfacet
facet normal 0 0 1
outer loop
vertex -24.750077000000005 15.456639000000003 7.9999920000000015
vertex -1.9401690000000005 15.196566000000002 7.9999920000000015
vertex -2.0284880000000003 15.456639000000003 7.9999920000000015
endloop
endfacet
facet normal 0 0 1
outer loop
vertex 1.9401690000000005 15.196566000000002 7.9999920000000015
vertex 1.8184760000000004 14.949924000000003 7.9999920000000015
vertex 24.750077000000005 14.949924000000003 7.9999920000000015
endloop
endfacet
facet normal 0 0 1
outer loop
vertex 1.9401690000000005 15.196566000000002 7.9999920000000015
vertex 24.750077000000005 14.949924000000003 7.9999920000000015
vertex 24.750077000000005 15.196566000000002 7.9999920000000015
endloop
endfacet
facet normal 0 0 1
outer loop
vertex -24.750077000000005 15.196566000000002 7.9999920000000015
vertex -24.750077000000005 14.949924000000003 7.9999920000000015
vertex -1.8184760000000004 14.949924000000003 7.9999920000000015
endloop
endfacet
facet normal 0 0 1
outer loop
vertex -24.750077000000005 15.196566000000002 7.9999920000000015
vertex -1.8184760000000004 14.949924000000003 7.9999920000000015
vertex -1.9401690000000005 15.196566000000002 7.9999920000000015
endloop
endfacet
facet normal 0 0 1
outer loop
vertex 1.8184760000000004 14.949924000000003 7.9999920000000015
vertex 1.6658510000000004 14.721597000000003 7.9999920000000015
vertex 24.750077000000005 14.721597000000003 7.9999920000000015
endloop
endfacet
facet normal 0 0 1
outer loop
vertex 1.8184760000000004 14.949924000000003 7.9999920000000015
vertex 24.750077000000005 14.721597000000003 7.9999920000000015
vertex 24.750077000000005 14.949924000000003 7.9999920000000015
endloop
endfacet
facet normal 0 0 1
outer loop
vertex -24.750077000000005 14.949924000000003 7.9999920000000015
vertex -24.750077000000005 14.721597000000003 7.9999920000000015
vertex -1.6658510000000004 14.721597000000003 7.9999920000000015
endloop
endfacet
facet normal 0 0 1
outer loop
vertex -24.750077000000005 14.949924000000003 7.9999920000000015
vertex -1.6658510000000004 14.721597000000003 7.9999920000000015
vertex -1.8184760000000004 14.949924000000003 7.9999920000000015
endloop
endfacet
facet normal 0 0 1
outer loop
vertex 1.6658510000000004 14.721597000000003 7.9999920000000015
vertex 1.4847360000000003 14.515248000000003 7.9999920000000015
vertex 24.750077000000005 14.515248000000003 7.9999920000000015
endloop
endfacet
facet normal 0 0 1
outer loop
vertex 1.6658510000000004 14.721597000000003 7.9999920000000015
vertex 24.750077000000005 14.515248000000003 7.9999920000000015
vertex 24.750077000000005 14.721597000000003 7.9999920000000015
endloop
endfacet
facet normal 0 0 1
outer loop
vertex -24.750077000000005 14.721597000000003 7.9999920000000015
vertex -24.750077000000005 14.515248000000003 7.9999920000000015
vertex -1.4847360000000003 14.515248000000003 7.9999920000000015
endloop
endfacet
facet normal 0 0 1
outer loop
vertex -24.750077000000005 14.721597000000003 7.9999920000000015
vertex -1.4847360000000003 14.515248000000003 7.9999920000000015
vertex -1.6658510000000004 14.721597000000003 7.9999920000000015
endloop
endfacet
facet normal 0 0 1
outer loop
vertex 1.4847360000000003 14.515248000000003 7.9999920000000015
vertex 1.2783870000000002 14.334133000000003 7.9999920000000015
vertex 24.750077000000005 14.334133000000003 7.9999920000000015
endloop
endfacet
facet normal 0 0 1
outer loop
vertex 1.4847360000000003 14.515248000000003 7.9999920000000015
vertex 24.750077000000005 14.334133000000003 7.9999920000000015
vertex 24.750077000000005 14.515248000000003 7.9999920000000015
endloop
endfacet
facet normal 0 0 1
outer loop
vertex -24.750077000000005 14.515248000000003 7.9999920000000015
vertex -24.750077000000005 14.334133000000003 7.9999920000000015
vertex -1.2783870000000002 14.334133000000003 7.9999920000000015
endloop
endfacet
facet normal 0 0 1
outer loop
vertex -24.750077000000005 14.515248000000003 7.9999920000000015
vertex -1.2783870000000002 14.334133000000003 7.9999920000000015
vertex -1.4847360000000003 14.515248000000003 7.9999920000000015
endloop
endfacet
facet normal 0 0 1
outer loop
vertex 1.2783870000000002 14.334133000000003 7.9999920000000015
vertex 1.0500600000000002 14.181508000000003 7.9999920000000015
vertex 24.750077000000005 14.181508000000003 7.9999920000000015
endloop
endfacet
facet normal 0 0 1
outer loop
vertex 1.2783870000000002 14.334133000000003 7.9999920000000015
vertex 24.750077000000005 14.181508000000003 7.9999920000000015
vertex 24.750077000000005 14.334133000000003 7.9999920000000015
endloop
endfacet
facet normal 0 0 1
outer loop
vertex -24.750077000000005 14.334133000000003 7.9999920000000015
vertex -24.750077000000005 14.181508000000003 7.9999920000000015
vertex -1.0500600000000002 14.181508000000003 7.9999920000000015
endloop
endfacet
facet normal 0 0 1
outer loop
vertex -24.750077000000005 14.334133000000003 7.9999920000000015
vertex -1.0500600000000002 14.181508000000003 7.9999920000000015
vertex -1.2783870000000002 14.334133000000003 7.9999920000000015
endloop
endfacet
facet normal 0 0 0.9999999999999999
outer loop
vertex 1.0500600000000002 14.181508000000003 7.9999920000000015
vertex 0.8038250000000001 14.059815000000002 7.9999920000000015
vertex 24.750077000000005 14.059815000000002 7.9999920000000015
endloop
endfacet
facet normal 0 0 1
outer loop
vertex 1.0500600000000002 14.181508000000003 7.9999920000000015
vertex 24.750077000000005 14.059815000000002 7.9999920000000015
vertex 24.750077000000005 14.181508000000003 7.9999920000000015
endloop
endfacet
facet normal 0 0 0.9999999999999999
outer loop
vertex -24.750077000000005 14.181508000000003 7.9999920000000015
vertex -24.750077000000005 14.059815000000002 7.9999920000000015
vertex -0.8038250000000001 14.059815000000002 7.9999920000000015
endloop
endfacet
facet normal 0 0 1
outer loop
vertex -24.750077000000005 14.181508000000003 7.9999920000000015
vertex -0.8038250000000001 14.059815000000002 7.9999920000000015
vertex -1.0500600000000002 14.181508000000003 7.9999920000000015
endloop
endfacet
facet normal 0 0 1
outer loop
vertex 0.8038250000000001 14.059815000000002 7.9999920000000015
vertex 0.5433450000000001 13.971496000000002 7.9999920000000015
vertex 24.750077000000005 13.971496000000002 7.9999920000000015
endloop
endfacet
facet normal 0 0 1
outer loop
vertex 0.8038250000000001 14.059815000000002 7.9999920000000015
vertex 24.750077000000005 13.971496000000002 7.9999920000000015
vertex 24.750077000000005 14.059815000000002 7.9999920000000015
endloop
endfacet
facet normal 0 0 1
outer loop
vertex -24.750077000000005 14.059815000000002 7.9999920000000015
vertex -24.750077000000005 13.971496000000002 7.9999920000000015
vertex -0.5433450000000001 13.971496000000002 7.9999920000000015
endloop
endfacet
facet normal 0 0 1
outer loop
vertex -24.750077000000005 14.059815000000002 7.9999920000000015
vertex -0.5433450000000001 13.971496000000002 7.9999920000000015
vertex -0.8038250000000001 14.059815000000002 7.9999920000000015
endloop
endfacet
facet normal 0 0 1
outer loop
vertex 0.5433450000000001 13.971496000000002 7.9999920000000015
vertex 0.27391100000000007 13.917772000000003 7.9999920000000015
vertex 24.750077000000005 13.917772000000003 7.9999920000000015
endloop
endfacet
facet normal 0 0 1
outer loop
vertex 0.5433450000000001 13.971496000000002 7.9999920000000015
vertex 24.750077000000005 13.917772000000003 7.9999920000000015
vertex 24.750077000000005 13.971496000000002 7.9999920000000015
endloop
endfacet
facet normal 0 0 1
outer loop
vertex -24.750077000000005 13.971496000000002 7.9999920000000015
vertex -24.750077000000005 13.917772000000003 7.9999920000000015
vertex -0.27391100000000007 13.917772000000003 7.9999920000000015
endloop
endfacet
facet normal 0 0 1
outer loop
vertex -24.750077000000005 13.971496000000002 7.9999920000000015
vertex -0.27391100000000007 13.917772000000003 7.9999920000000015
vertex -0.5433450000000001 13.971496000000002 7.9999920000000015
endloop
endfacet
facet normal 0 0 1
outer loop
vertex 0.27391100000000007 13.917772000000003 7.9999920000000015
vertex 0 13.899864000000003 7.9999920000000015
vertex 24.750077000000005 13.899864000000003 7.9999920000000015
endloop
endfacet
facet normal 0 0 0.9999999999999999
outer loop
vertex 0.27391100000000007 13.917772000000003 7.9999920000000015
vertex 24.750077000000005 13.899864000000003 7.9999920000000015
vertex 24.750077000000005 13.917772000000003 7.9999920000000015
endloop
endfacet
facet normal 0 0 1
outer loop
vertex -24.750077000000005 13.917772000000003 7.9999920000000015
vertex -24.750077000000005 13.899864000000003 7.9999920000000015
vertex 0 13.899864000000003 7.9999920000000015
endloop
endfacet
facet normal 0 0 0.9999999999999999
outer loop
vertex -24.750077000000005 13.917772000000003 7.9999920000000015
vertex 0 13.899864000000003 7.9999920000000015
vertex -0.27391100000000007 13.917772000000003 7.9999920000000015
endloop
endfacet
facet normal 0 0 1
outer loop
vertex 0 0 7.9999920000000015
vertex 0 13.899864000000003 7.9999920000000015
vertex -24.750077000000005 13.899864000000003 7.9999920000000015
endloop
endfacet
facet normal 0 0 1
outer loop
vertex 0 0 7.9999920000000015
vertex -24.750077000000005 13.899864000000003 7.9999920000000015
vertex -24.750077000000005 -13.899864000000003 7.9999920000000015
endloop
endfacet
facet normal 0 0 1
outer loop
vertex 0 0 7.9999920000000015
vertex -24.750077000000005 -13.899864000000003 7.9999920000000015
vertex 0 -13.899864000000003 7.9999920000000015
endloop
endfacet
facet normal 0 0 1
outer loop
vertex 0 0 7.9999920000000015
vertex 0 -13.899864000000003 7.9999920000000015
vertex 24.750077000000005 -13.899864000000003 7.9999920000000015
endloop
endfacet
facet normal 0 0 1
outer loop
vertex 0 0 7.9999920000000015
vertex 24.750077000000005 -13.899864000000003 7.9999920000000015
vertex 24.750077000000005 13.899864000000003 7.9999920000000015
endloop
endfacet
facet normal 0 0 1
outer loop
vertex 0 0 7.9999920000000015
vertex 24.750077000000005 13.899864000000003 7.9999920000000015
vertex 0 13.899864000000003 7.9999920000000015
endloop
endfacet
facet normal 0 0 1
outer loop
vertex 0 -13.899864000000003 7.9999920000000015
vertex 0.27391100000000007 -13.917772000000003 7.9999920000000015
vertex 24.750077000000005 -13.917772000000003 7.9999920000000015
endloop
endfacet
facet normal 0 0 1
outer loop
vertex 0 -13.899864000000003 7.9999920000000015
vertex 24.750077000000005 -13.917772000000003 7.9999920000000015
vertex 24.750077000000005 -13.899864000000003 7.9999920000000015
endloop
endfacet
facet normal 0 0 0.9999999999999999
outer loop
vertex -24.750077000000005 -13.899864000000003 7.9999920000000015
vertex -24.750077000000005 -13.917772000000003 7.9999920000000015
vertex -0.27391100000000007 -13.917772000000003 7.9999920000000015
endloop
endfacet
facet normal 0 0 1
outer loop
vertex -24.750077000000005 -13.899864000000003 7.9999920000000015
vertex -0.27391100000000007 -13.917772000000003 7.9999920000000015
vertex 0 -13.899864000000003 7.9999920000000015
endloop
endfacet
facet normal 0 0 1
outer loop
vertex 0.27391100000000007 -13.917772000000003 7.9999920000000015
vertex 0.5433450000000001 -13.971496000000002 7.9999920000000015
vertex 24.750077000000005 -13.971496000000002 7.9999920000000015
endloop
endfacet
facet normal 0 0 1
outer loop
vertex 0.27391100000000007 -13.917772000000003 7.9999920000000015
vertex 24.750077000000005 -13.971496000000002 7.9999920000000015
vertex 24.750077000000005 -13.917772000000003 7.9999920000000015
endloop
endfacet
facet normal 0 0 1
outer loop
vertex -24.750077000000005 -13.917772000000003 7.9999920000000015
vertex -24.750077000000005 -13.971496000000002 7.9999920000000015
vertex -0.5433450000000001 -13.971496000000002 7.9999920000000015
endloop
endfacet
facet normal 0 0 1
outer loop
vertex -24.750077000000005 -13.917772000000003 7.9999920000000015
vertex -0.5433450000000001 -13.971496000000002 7.9999920000000015
vertex -0.27391100000000007 -13.917772000000003 7.9999920000000015
endloop
endfacet
facet normal 0 0 1
outer loop
vertex 0.5433450000000001 -13.971496000000002 7.9999920000000015
vertex 0.8038250000000001 -14.059815000000002 7.9999920000000015
vertex 24.750077000000005 -14.059815000000002 7.9999920000000015
endloop
endfacet
facet normal 0 0 1
outer loop
vertex 0.5433450000000001 -13.971496000000002 7.9999920000000015
vertex 24.750077000000005 -14.059815000000002 7.9999920000000015
vertex 24.750077000000005 -13.971496000000002 7.9999920000000015
endloop
endfacet
facet normal 0 0 1
outer loop
vertex -24.750077000000005 -13.971496000000002 7.9999920000000015
vertex -24.750077000000005 -14.059815000000002 7.9999920000000015
vertex -0.8038250000000001 -14.059815000000002 7.9999920000000015
endloop
endfacet
facet normal 0 0 1
outer loop
vertex -24.750077000000005 -13.971496000000002 7.9999920000000015
vertex -0.8038250000000001 -14.059815000000002 7.9999920000000015
vertex -0.5433450000000001 -13.971496000000002 7.9999920000000015
endloop
endfacet
facet normal 0 0 1
outer loop
vertex 0.8038250000000001 -14.059815000000002 7.9999920000000015
vertex 1.0500600000000002 -14.181508000000003 7.9999920000000015
vertex 24.750077000000005 -14.181508000000003 7.9999920000000015
endloop
endfacet
facet normal 0 0 0.9999999999999999
outer loop
vertex 0.8038250000000001 -14.059815000000002 7.9999920000000015
vertex 24.750077000000005 -14.181508000000003 7.9999920000000015
vertex 24.750077000000005 -14.059815000000002 7.9999920000000015
endloop
endfacet
facet normal 0 0 1
outer loop
vertex -24.750077000000005 -14.059815000000002 7.9999920000000015
vertex -24.750077000000005 -14.181508000000003 7.9999920000000015
vertex -1.0500600000000002 -14.181508000000003 7.9999920000000015
endloop
endfacet
facet normal 0 0 0.9999999999999999
outer loop
vertex -24.750077000000005 -14.059815000000002 7.9999920000000015
vertex -1.0500600000000002 -14.181508000000003 7.9999920000000015
vertex -0.8038250000000001 -14.059815000000002 7.9999920000000015
endloop
endfacet
facet normal 0 0 0.9999999999999999
outer loop
vertex 1.0500600000000002 -14.181508000000003 7.9999920000000015
vertex 1.2783870000000002 -14.334133000000003 7.9999920000000015
vertex 24.750077000000005 -14.334133000000003 7.9999920000000015
endloop
endfacet
facet normal 0 0 1
outer loop
vertex 1.0500600000000002 -14.181508000000003 7.9999920000000015
vertex 24.750077000000005 -14.334133000000003 7.9999920000000015
vertex 24.750077000000005 -14.181508000000003 7.9999920000000015
endloop
endfacet
facet normal 0 0 1
outer loop
vertex -24.750077000000005 -14.181508000000003 7.9999920000000015
vertex -24.750077000000005 -14.334133000000003 7.9999920000000015
vertex -1.2783870000000002 -14.334133000000003 7.9999920000000015
endloop
endfacet
facet normal 0 0 1
outer loop
vertex -24.750077000000005 -14.181508000000003 7.9999920000000015
vertex -1.2783870000000002 -14.334133000000003 7.9999920000000015
vertex -1.0500600000000002 -14.181508000000003 7.9999920000000015
endloop
endfacet
facet normal 0 0 1
outer loop
vertex 1.2783870000000002 -14.334133000000003 7.9999920000000015
vertex 1.4847360000000003 -14.515248000000003 7.9999920000000015
vertex 24.750077000000005 -14.515248000000003 7.9999920000000015
endloop
endfacet
facet normal 0 0 1
outer loop
vertex 1.2783870000000002 -14.334133000000003 7.9999920000000015
vertex 24.750077000000005 -14.515248000000003 7.9999920000000015
vertex 24.750077000000005 -14.334133000000003 7.9999920000000015
endloop
endfacet
facet normal 0 0 1
outer loop
vertex -24.750077000000005 -14.334133000000003 7.9999920000000015
vertex -24.750077000000005 -14.515248000000003 7.9999920000000015
vertex -1.4847360000000003 -14.515248000000003 7.9999920000000015
endloop
endfacet
facet normal 0 0 1
outer loop
vertex -24.750077000000005 -14.334133000000003 7.9999920000000015
vertex -1.4847360000000003 -14.515248000000003 7.9999920000000015
vertex -1.2783870000000002 -14.334133000000003 7.9999920000000015
endloop
endfacet
facet normal 0 0 1
outer loop
vertex 1.4847360000000003 -14.515248000000003 7.9999920000000015
vertex 1.6658510000000004 -14.721597000000003 7.9999920000000015
vertex 24.750077000000005 -14.721597000000003 7.9999920000000015
endloop
endfacet
facet normal 0 0 1
outer loop
vertex 1.4847360000000003 -14.515248000000003 7.9999920000000015
vertex 24.750077000000005 -14.721597000000003 7.9999920000000015
vertex 24.750077000000005 -14.515248000000003 7.9999920000000015
endloop
endfacet
facet normal 0 0 1
outer loop
vertex -24.750077000000005 -14.515248000000003 7.9999920000000015
vertex -24.750077000000005 -14.721597000000003 7.9999920000000015
vertex -1.6658510000000004 -14.721597000000003 7.9999920000000015
endloop
endfacet
facet normal 0 0 1
outer loop
vertex -24.750077000000005 -14.515248000000003 7.9999920000000015
vertex -1.6658510000000004 -14.721597000000003 7.9999920000000015
vertex -1.4847360000000003 -14.515248000000003 7.9999920000000015
endloop
endfacet
facet normal 0 0 1
outer loop
vertex 1.6658510000000004 -14.721597000000003 7.9999920000000015
vertex 1.8184760000000004 -14.949924000000003 7.9999920000000015
vertex 24.750077000000005 -14.949924000000003 7.9999920000000015
endloop
endfacet
facet normal 0 0 1
outer loop
vertex 1.6658510000000004 -14.721597000000003 7.9999920000000015
vertex 24.750077000000005 -14.949924000000003 7.9999920000000015
vertex 24.750077000000005 -14.721597000000003 7.9999920000000015
endloop
endfacet
facet normal 0 0 1
outer loop
vertex -24.750077000000005 -14.721597000000003 7.9999920000000015
vertex -24.750077000000005 -14.949924000000003 7.9999920000000015
vertex -1.8184760000000004 -14.949924000000003 7.9999920000000015
endloop
endfacet
facet normal 0 0 1
outer loop
vertex -24.750077000000005 -14.721597000000003 7.9999920000000015
vertex -1.8184760000000004 -14.949924000000003 7.9999920000000015
vertex -1.6658510000000004 -14.721597000000003 7.9999920000000015
endloop
endfacet
facet normal 0 0 1
outer loop
vertex 1.8184760000000004 -14.949924000000003 7.9999920000000015
vertex 1.9401690000000005 -15.196566000000002 7.9999920000000015
vertex 24.750077000000005 -15.196566000000002 7.9999920000000015
endloop
endfacet
facet normal 0 0 1
outer loop
vertex 1.8184760000000004 -14.949924000000003 7.9999920000000015
vertex 24.750077000000005 -15.196566000000002 7.9999920000000015
vertex 24.750077000000005 -14.949924000000003 7.9999920000000015
endloop
endfacet
facet normal 0 0 1
outer loop
vertex -24.750077000000005 -14.949924000000003 7.9999920000000015
vertex -24.750077000000005 -15.196566000000002 7.9999920000000015
vertex -1.9401690000000005 -15.196566000000002 7.9999920000000015
endloop
endfacet
facet normal 0 0 1
outer loop
vertex -24.750077000000005 -14.949924000000003 7.9999920000000015
vertex -1.9401690000000005 -15.196566000000002 7.9999920000000015
vertex -1.8184760000000004 -14.949924000000003 7.9999920000000015
endloop
endfacet
facet normal 0 0 1
outer loop
vertex 1.9401690000000005 -15.196566000000002 7.9999920000000015
vertex 2.0284880000000003 -15.456639000000003 7.9999920000000015
vertex 24.750077000000005 -15.456639000000003 7.9999920000000015
endloop
endfacet
facet normal 0 0 1
outer loop
vertex 1.9401690000000005 -15.196566000000002 7.9999920000000015
vertex 24.750077000000005 -15.456639000000003 7.9999920000000015
vertex 24.750077000000005 -15.196566000000002 7.9999920000000015
endloop
endfacet
facet normal 0 0 1
outer loop
vertex -24.750077000000005 -15.196566000000002 7.9999920000000015
vertex -24.750077000000005 -15.456639000000003 7.9999920000000015
vertex -2.0284880000000003 -15.456639000000003 7.9999920000000015
endloop
endfacet
facet normal 0 0 1
outer loop
vertex -24.750077000000005 -15.196566000000002 7.9999920000000015
vertex -2.0284880000000003 -15.456639000000003 7.9999920000000015
vertex -1.9401690000000005 -15.196566000000002 7.9999920000000015
endloop
endfacet
facet normal 0 0 1
outer loop
vertex 2.0284880000000003 -15.456639000000003 7.9999920000000015
vertex 2.0822120000000006 -15.726073000000003 7.9999920000000015
vertex 24.750077000000005 -15.726073000000003 7.9999920000000015
endloop
endfacet
facet normal 0 0 1
outer loop
vertex 2.0284880000000003 -15.456639000000003 7.9999920000000015
vertex 24.750077000000005 -15.726073000000003 7.9999920000000015
vertex 24.750077000000005 -15.456639000000003 7.9999920000000015
endloop
endfacet
facet normal 0 0 1
outer loop
vertex -24.750077000000005 -15.456639000000003 7.9999920000000015
vertex -24.750077000000005 -15.726073000000003 7.9999920000000015
vertex -2.0822120000000006 -15.726073000000003 7.9999920000000015
endloop
endfacet
facet normal 0 0 1
outer loop
vertex -24.750077000000005 -15.456639000000003 7.9999920000000015
vertex -2.0822120000000006 -15.726073000000003 7.9999920000000015
vertex -2.0284880000000003 -15.456639000000003 7.9999920000000015
endloop
endfacet
facet normal 0 0 1
outer loop
vertex 2.0822120000000006 -15.726073000000003 7.9999920000000015
vertex 2.1001200000000004 -15.999984000000003 7.9999920000000015
vertex 24.750077000000005 -15.999984000000003 7.9999920000000015
endloop
endfacet
facet normal 0 0 1
outer loop
vertex 2.0822120000000006 -15.726073000000003 7.9999920000000015
vertex 24.750077000000005 -15.999984000000003 7.9999920000000015
vertex 24.750077000000005 -15.726073000000003 7.9999920000000015
endloop
endfacet
facet normal 0 0 1
outer loop
vertex -24.750077000000005 -15.726073000000003 7.9999920000000015
vertex -24.750077000000005 -15.999984000000003 7.9999920000000015
vertex -2.1001200000000004 -15.999984000000003 7.9999920000000015
endloop
endfacet
facet normal 0 0 1
outer loop
vertex -24.750077000000005 -15.726073000000003 7.9999920000000015
vertex -2.1001200000000004 -15.999984000000003 7.9999920000000015
vertex -2.0822120000000006 -15.726073000000003 7.9999920000000015
endloop
endfacet
facet normal 0 0 1
outer loop
vertex 2.1001200000000004 -15.999984000000003 7.9999920000000015
vertex 2.0822120000000006 -16.274302000000002 7.9999920000000015
vertex 24.750077000000005 -16.274302000000002 7.9999920000000015
endloop
endfacet
facet normal 0 0 1
outer loop
vertex 2.1001200000000004 -15.999984000000003 7.9999920000000015
vertex 24.750077000000005 -16.274302000000002 7.9999920000000015
vertex 24.750077000000005 -15.999984000000003 7.9999920000000015
endloop
endfacet
facet normal 0 0 1
outer loop
vertex -24.750077000000005 -15.999984000000003 7.9999920000000015
vertex -24.750077000000005 -16.274302000000002 7.9999920000000015
vertex -2.0822120000000006 -16.274302000000002 7.9999920000000015
endloop
endfacet
facet normal 0 0 1
outer loop
vertex -24.750077000000005 -15.999984000000003 7.9999920000000015
vertex -2.0822120000000006 -16.274302000000002 7.9999920000000015
vertex -2.1001200000000004 -15.999984000000003 7.9999920000000015
endloop
endfacet
facet normal 0 0 1
outer loop
vertex 2.0822120000000006 -16.274302000000002 7.9999920000000015
vertex 2.0284880000000003 -16.543329000000004 7.9999920000000015
vertex 24.750077000000005 -16.543329000000004 7.9999920000000015
endloop
endfacet
facet normal 0 0 1
outer loop
vertex 2.0822120000000006 -16.274302000000002 7.9999920000000015
vertex 24.750077000000005 -16.543329000000004 7.9999920000000015
vertex 24.750077000000005 -16.274302000000002 7.9999920000000015
endloop
endfacet
facet normal 0 0 1
outer loop
vertex -24.750077000000005 -16.274302000000002 7.9999920000000015
vertex -24.750077000000005 -16.543329000000004 7.9999920000000015
vertex -2.0284880000000003 -16.543329000000004 7.9999920000000015
endloop
endfacet
facet normal 0 0 1
outer loop
vertex -24.750077000000005 -16.274302000000002 7.9999920000000015
vertex -2.0284880000000003 -16.543329000000004 7.9999920000000015
vertex -2.0822120000000006 -16.274302000000002 7.9999920000000015
endloop
endfacet
facet normal 0 0 1
outer loop
vertex 2.0284880000000003 -16.543329000000004 7.9999920000000015
vertex 1.9401690000000005 -16.803809000000005 7.9999920000000015
vertex 24.750077000000005 -16.803809000000005 7.9999920000000015
endloop
endfacet
facet normal 0 0 1
outer loop
vertex 2.0284880000000003 -16.543329000000004 7.9999920000000015
vertex 24.750077000000005 -16.803809000000005 7.9999920000000015
vertex 24.750077000000005 -16.543329000000004 7.9999920000000015
endloop
endfacet
facet normal 0 0 1
outer loop
vertex -24.750077000000005 -16.543329000000004 7.9999920000000015
vertex -24.750077000000005 -16.803809000000005 7.9999920000000015
vertex -1.9401690000000005 -16.803809000000005 7.9999920000000015
endloop
endfacet
facet normal 0 0 1
outer loop
vertex -24.750077000000005 -16.543329000000004 7.9999920000000015
vertex -1.9401690000000005 -16.803809000000005 7.9999920000000015
vertex -2.0284880000000003 -16.543329000000004 7.9999920000000015
endloop
endfacet
facet normal 0 0 1
outer loop
vertex 1.9401690000000005 -16.803809000000005 7.9999920000000015
vertex 1.8184760000000004 -17.050044000000003 7.9999920000000015
vertex 24.750077000000005 -17.050044000000003 7.9999920000000015
endloop
endfacet
facet normal 0 0 0.9999999999999999
outer loop
vertex 1.9401690000000005 -16.803809000000005 7.9999920000000015
vertex 24.750077000000005 -17.050044000000003 7.9999920000000015
vertex 24.750077000000005 -16.803809000000005 7.9999920000000015
endloop
endfacet
facet normal 0 0 1
outer loop
vertex -24.750077000000005 -16.803809000000005 7.9999920000000015
vertex -24.750077000000005 -17.050044000000003 7.9999920000000015
vertex -1.8184760000000004 -17.050044000000003 7.9999920000000015
endloop
endfacet
facet normal 0 0 0.9999999999999999
outer loop
vertex -24.750077000000005 -16.803809000000005 7.9999920000000015
vertex -1.8184760000000004 -17.050044000000003 7.9999920000000015
vertex -1.9401690000000005 -16.803809000000005 7.9999920000000015
endloop
endfacet
facet normal 0 0 1
outer loop
vertex 1.8184760000000004 -17.050044000000003 7.9999920000000015
vertex 1.6658510000000004 -17.278371000000003 7.9999920000000015
vertex 24.750077000000005 -17.278371000000003 7.9999920000000015
endloop
endfacet
facet normal 0 0 1
outer loop
vertex 1.8184760000000004 -17.050044000000003 7.9999920000000015
vertex 24.750077000000005 -17.278371000000003 7.9999920000000015
vertex 24.750077000000005 -17.050044000000003 7.9999920000000015
endloop
endfacet
facet normal 0 0 1
outer loop
vertex -24.750077000000005 -17.050044000000003 7.9999920000000015
vertex -24.750077000000005 -17.278371000000003 7.9999920000000015
vertex -1.6658510000000004 -17.278371000000003 7.9999920000000015
endloop
endfacet
facet normal 0 0 1
outer loop
vertex -24.750077000000005 -17.050044000000003 7.9999920000000015
vertex -1.6658510000000004 -17.278371000000003 7.9999920000000015
vertex -1.8184760000000004 -17.050044000000003 7.9999920000000015
endloop
endfacet
facet normal 0 0 1
outer loop
vertex 1.6658510000000004 -17.278371000000003 7.9999920000000015
vertex 1.4847360000000003 -17.485127000000002 7.9999920000000015
vertex 24.750077000000005 -17.485127000000002 7.9999920000000015
endloop
endfacet
facet normal 0 0 0.9999999999999999
outer loop
vertex 1.6658510000000004 -17.278371000000003 7.9999920000000015
vertex 24.750077000000005 -17.485127000000002 7.9999920000000015
vertex 24.750077000000005 -17.278371000000003 7.9999920000000015
endloop
endfacet
facet normal 0 0 1
outer loop
vertex -24.750077000000005 -17.278371000000003 7.9999920000000015
vertex -24.750077000000005 -17.485127000000002 7.9999920000000015
vertex -1.4847360000000003 -17.485127000000002 7.9999920000000015
endloop
endfacet
facet normal 0 0 0.9999999999999999
outer loop
vertex -24.750077000000005 -17.278371000000003 7.9999920000000015
vertex -1.4847360000000003 -17.485127000000002 7.9999920000000015
vertex -1.6658510000000004 -17.278371000000003 7.9999920000000015
endloop
endfacet
facet normal 0 0 1
outer loop
vertex 1.4847360000000003 -17.485127000000002 7.9999920000000015
vertex 1.2783870000000002 -17.666242000000004 7.9999920000000015
vertex 24.750077000000005 -17.666242000000004 7.9999920000000015
endloop
endfacet
facet normal 0 0 1
outer loop
vertex 1.4847360000000003 -17.485127000000002 7.9999920000000015
vertex 24.750077000000005 -17.666242000000004 7.9999920000000015
vertex 24.750077000000005 -17.485127000000002 7.9999920000000015
endloop
endfacet
facet normal 0 0 1
outer loop
vertex -24.750077000000005 -17.485127000000002 7.9999920000000015
vertex -24.750077000000005 -17.666242000000004 7.9999920000000015
vertex -1.2783870000000002 -17.666242000000004 7.9999920000000015
endloop
endfacet
facet normal 0 0 1
outer loop
vertex -24.750077000000005 -17.485127000000002 7.9999920000000015
vertex -1.2783870000000002 -17.666242000000004 7.9999920000000015
vertex -1.4847360000000003 -17.485127000000002 7.9999920000000015
endloop
endfacet
facet normal 0 0 1
outer loop
vertex 1.2783870000000002 -17.666242000000004 7.9999920000000015
vertex 1.0500600000000002 -17.818460000000005 7.9999920000000015
vertex 24.750077000000005 -17.818460000000005 7.9999920000000015
endloop
endfacet
facet normal 0 0 1
outer loop
vertex 1.2783870000000002 -17.666242000000004 7.9999920000000015
vertex 24.750077000000005 -17.818460000000005 7.9999920000000015
vertex 24.750077000000005 -17.666242000000004 7.9999920000000015
endloop
endfacet
facet normal 0 0 1
outer loop
vertex -24.750077000000005 -17.666242000000004 7.9999920000000015
vertex -24.750077000000005 -17.818460000000005 7.9999920000000015
vertex -1.0500600000000002 -17.818460000000005 7.9999920000000015
endloop
endfacet
facet normal 0 0 1
outer loop
vertex -24.750077000000005 -17.666242000000004 7.9999920000000015
vertex -1.0500600000000002 -17.818460000000005 7.9999920000000015
vertex -1.2783870000000002 -17.666242000000004 7.9999920000000015
endloop
endfacet
facet normal 0 0 1
outer loop
vertex 1.0500600000000002 -17.818460000000005 7.9999920000000015
vertex 0.8038250000000001 -17.940153000000002 7.9999920000000015
vertex 24.750077000000005 -17.940153000000002 7.9999920000000015
endloop
endfacet
facet normal 0 0 1
outer loop
vertex 1.0500600000000002 -17.818460000000005 7.9999920000000015
vertex 24.750077000000005 -17.940153000000002 7.9999920000000015
vertex 24.750077000000005 -17.818460000000005 7.9999920000000015
endloop
endfacet
facet normal 0 0 0.9999999999999999
outer loop
vertex -24.750077000000005 -17.818460000000005 7.9999920000000015
vertex -24.750077000000005 -17.940153000000002 7.9999920000000015
vertex -0.8038250000000001 -17.940153000000002 7.9999920000000015
endloop
endfacet
facet normal 0 0 1
outer loop
vertex -24.750077000000005 -17.818460000000005 7.9999920000000015
vertex -0.8038250000000001 -17.940153000000002 7.9999920000000015
vertex -1.0500600000000002 -17.818460000000005 7.9999920000000015
endloop
endfacet
facet normal 0 0 0.9999999999999999
outer loop
vertex 0.8038250000000001 -17.940153000000002 7.9999920000000015
vertex 0.5433450000000001 -18.028472000000004 7.9999920000000015
vertex 24.750077000000005 -18.028472000000004 7.9999920000000015
endloop
endfacet
facet normal 0 0 1
outer loop
vertex 0.8038250000000001 -17.940153000000002 7.9999920000000015
vertex 24.750077000000005 -18.028472000000004 7.9999920000000015
vertex 24.750077000000005 -17.940153000000002 7.9999920000000015
endloop
endfacet
facet normal 0 0 0.9999999999999999
outer loop
vertex -24.750077000000005 -17.940153000000002 7.9999920000000015
vertex -24.750077000000005 -18.028472000000004 7.9999920000000015
vertex -0.5433450000000001 -18.028472000000004 7.9999920000000015
endloop
endfacet
facet normal 0 0 1
outer loop
vertex -24.750077000000005 -17.940153000000002 7.9999920000000015
vertex -0.5433450000000001 -18.028472000000004 7.9999920000000015
vertex -0.8038250000000001 -17.940153000000002 7.9999920000000015
endloop
endfacet
facet normal 0 0 1
outer loop
vertex 0.5433450000000001 -18.028472000000004 7.9999920000000015
vertex 0.27391100000000007 -18.082196000000003 7.9999920000000015
vertex 24.750077000000005 -18.082196000000003 7.9999920000000015
endloop
endfacet
facet normal 0 0 1
outer loop
vertex 0.5433450000000001 -18.028472000000004 7.9999920000000015
vertex 24.750077000000005 -18.082196000000003 7.9999920000000015
vertex 24.750077000000005 -18.028472000000004 7.9999920000000015
endloop
endfacet
facet normal 0 0 1
outer loop
vertex -24.750077000000005 -18.028472000000004 7.9999920000000015
vertex -24.750077000000005 -18.082196000000003 7.9999920000000015
vertex -0.27391100000000007 -18.082196000000003 7.9999920000000015
endloop
endfacet
facet normal 0 0 1
outer loop
vertex -24.750077000000005 -18.028472000000004 7.9999920000000015
vertex -0.27391100000000007 -18.082196000000003 7.9999920000000015
vertex -0.5433450000000001 -18.028472000000004 7.9999920000000015
endloop
endfacet
facet normal 0 0 1
outer loop
vertex 0.27391100000000007 -18.082196000000003 7.9999920000000015
vertex 0 -18.100104000000005 7.9999920000000015
vertex 24.750077000000005 -18.100104000000005 7.9999920000000015
endloop
endfacet
facet normal 0 0 1
outer loop
vertex 0.27391100000000007 -18.082196000000003 7.9999920000000015
vertex 24.750077000000005 -18.100104000000005 7.9999920000000015
vertex 24.750077000000005 -18.082196000000003 7.9999920000000015
endloop
endfacet
facet normal 0 0 1
outer loop
vertex -24.750077000000005 -18.082196000000003 7.9999920000000015
vertex -24.750077000000005 -18.100104000000005 7.9999920000000015
vertex 0 -18.100104000000005 7.9999920000000015
endloop
endfacet
facet normal 0 0 1
outer loop
vertex -24.750077000000005 -18.082196000000003 7.9999920000000015
vertex 0 -18.100104000000005 7.9999920000000015
vertex -0.27391100000000007 -18.082196000000003 7.9999920000000015
endloop
endfacet
facet normal 0 0 0.9999999999999999
outer loop
vertex 0 -19.254763000000004 7.9999920000000015
vertex 0 -18.100104000000005 7.9999920000000015
vertex -24.750077000000005 -18.100104000000005 7.9999920000000015
endloop
endfacet
facet normal 0 0 1
outer loop
vertex 0 -19.254763000000004 7.9999920000000015
vertex -24.750077000000005 -18.100104000000005 7.9999920000000015
vertex -24.750077000000005 -18.999981000000005 7.9999920000000015
endloop
endfacet
facet normal 0 0 1
outer loop
vertex 0 -19.254763000000004 7.9999920000000015
vertex -24.750077000000005 -18.999981000000005 7.9999920000000015
vertex -24.700830000000003 -19.750489000000005 7.9999920000000015
endloop
endfacet
facet normal 0 0 1
outer loop
vertex 0 -19.254763000000004 7.9999920000000015
vertex -24.700830000000003 -19.750489000000005 7.9999920000000015
vertex -24.651176000000007 -19.999980000000004 7.9999920000000015
endloop
endfacet
facet normal 0 0 1
outer loop
vertex 0 -19.254763000000004 7.9999920000000015
vertex -24.651176000000007 -19.999980000000004 7.9999920000000015
vertex -21.500182000000006 -19.999980000000004 7.9999920000000015
endloop
endfacet
facet normal 0 0 1
outer loop
vertex 0 -19.254763000000004 7.9999920000000015
vertex -21.500182000000006 -19.999980000000004 7.9999920000000015
vertex 21.500182000000006 -19.999980000000004 7.9999920000000015
endloop
endfacet
facet normal 0 0 1
outer loop
vertex 0 -19.254763000000004 7.9999920000000015
vertex 21.500182000000006 -19.999980000000004 7.9999920000000015
vertex 24.651176000000007 -19.999980000000004 7.9999920000000015
endloop
endfacet
facet normal 0 0 1
outer loop
vertex 0 -19.254763000000004 7.9999920000000015
vertex 24.651176000000007 -19.999980000000004 7.9999920000000015
vertex 24.700830000000003 -19.750489000000005 7.9999920000000015
endloop
endfacet
facet normal 0 0 1
outer loop
vertex 0 -19.254763000000004 7.9999920000000015
vertex 24.700830000000003 -19.750489000000005 7.9999920000000015
vertex 24.750077000000005 -18.999981000000005 7.9999920000000015
endloop
endfacet
facet normal 0 0 1
outer loop
vertex 0 -19.254763000000004 7.9999920000000015
vertex 24.750077000000005 -18.999981000000005 7.9999920000000015
vertex 24.750077000000005 -18.100104000000005 7.9999920000000015
endloop
endfacet
facet normal 0 0 0.9999999999999999
outer loop
vertex 0 -19.254763000000004 7.9999920000000015
vertex 24.750077000000005 -18.100104000000005 7.9999920000000015
vertex 0 -18.100104000000005 7.9999920000000015
endloop
endfacet
facet normal 0 0 1
outer loop
vertex 21.500182000000006 -19.999980000000004 7.9999920000000015
vertex 21.760662000000004 -20.022772000000003 7.9999920000000015
vertex 24.646699000000005 -20.022772000000003 7.9999920000000015
endloop
endfacet
facet normal 0 0 1
outer loop
vertex 21.500182000000006 -19.999980000000004 7.9999920000000015
vertex 24.646699000000005 -20.022772000000003 7.9999920000000015
vertex 24.651176000000007 -19.999980000000004 7.9999920000000015
endloop
endfacet
facet normal 0 0 1
outer loop
vertex -21.500182000000006 -19.999980000000004 7.9999920000000015
vertex -21.239702000000005 -20.022772000000003 7.9999920000000015
vertex 21.239702000000005 -20.022772000000003 7.9999920000000015
endloop
endfacet
facet normal 0 0 1
outer loop
vertex -21.500182000000006 -19.999980000000004 7.9999920000000015
vertex 21.239702000000005 -20.022772000000003 7.9999920000000015
vertex 21.500182000000006 -19.999980000000004 7.9999920000000015
endloop
endfacet
facet normal 0 0 1
outer loop
vertex -24.651176000000007 -19.999980000000004 7.9999920000000015
vertex -24.646699000000005 -20.022772000000003 7.9999920000000015
vertex -21.760662000000004 -20.022772000000003 7.9999920000000015
endloop
endfacet
facet normal 0 0 1
outer loop
vertex -24.651176000000007 -19.999980000000004 7.9999920000000015
vertex -21.760662000000004 -20.022772000000003 7.9999920000000015
vertex -21.500182000000006 -19.999980000000004 7.9999920000000015
endloop
endfacet
facet normal 0 0 1
outer loop
vertex 21.760662000000004 -20.022772000000003 7.9999920000000015
vertex 22.013002000000004 -20.090334000000006 7.9999920000000015
vertex 24.633268000000005 -20.090334000000006 7.9999920000000015
endloop
endfacet
facet normal 0 0 0.9999999999999999
outer loop
vertex 21.760662000000004 -20.022772000000003 7.9999920000000015
vertex 24.633268000000005 -20.090334000000006 7.9999920000000015
vertex 24.646699000000005 -20.022772000000003 7.9999920000000015
endloop
endfacet
facet normal 0 0 1
outer loop
vertex -21.239702000000005 -20.022772000000003 7.9999920000000015
vertex -20.986955000000005 -20.090334000000006 7.9999920000000015
vertex 20.986955000000005 -20.090334000000006 7.9999920000000015
endloop
endfacet
facet normal 0 0 1
outer loop
vertex -21.239702000000005 -20.022772000000003 7.9999920000000015
vertex 20.986955000000005 -20.090334000000006 7.9999920000000015
vertex 21.239702000000005 -20.022772000000003 7.9999920000000015
endloop
endfacet
facet normal 0 0 1
outer loop
vertex -24.646699000000005 -20.022772000000003 7.9999920000000015
vertex -24.633268000000005 -20.090334000000006 7.9999920000000015
vertex -22.013002000000004 -20.090334000000006 7.9999920000000015
endloop
endfacet
facet normal 0 0 0.9999999999999999
outer loop
vertex -24.646699000000005 -20.022772000000003 7.9999920000000015
vertex -22.013002000000004 -20.090334000000006 7.9999920000000015
vertex -21.760662000000004 -20.022772000000003 7.9999920000000015
endloop
endfacet
facet normal 0 0 1
outer loop
vertex 22.013002000000004 -20.090334000000006 7.9999920000000015
vertex 22.249876000000004 -20.201038000000004 7.9999920000000015
vertex 24.611290000000004 -20.201038000000004 7.9999920000000015
endloop
endfacet
facet normal 0 0 0.9999999999999999
outer loop
vertex 22.013002000000004 -20.090334000000006 7.9999920000000015
vertex 24.611290000000004 -20.201038000000004 7.9999920000000015
vertex 24.633268000000005 -20.090334000000006 7.9999920000000015
endloop
endfacet
facet normal 0 0 1
outer loop
vertex -20.986955000000005 -20.090334000000006 7.9999920000000015
vertex -20.750081000000005 -20.201038000000004 7.9999920000000015
vertex 20.750081000000005 -20.201038000000004 7.9999920000000015
endloop
endfacet
facet normal 0 0 1
outer loop
vertex -20.986955000000005 -20.090334000000006 7.9999920000000015
vertex 20.750081000000005 -20.201038000000004 7.9999920000000015
vertex 20.986955000000005 -20.090334000000006 7.9999920000000015
endloop
endfacet
facet normal 0 0 1
outer loop
vertex -24.633268000000005 -20.090334000000006 7.9999920000000015
vertex -24.611290000000004 -20.201038000000004 7.9999920000000015
vertex -22.249876000000004 -20.201038000000004 7.9999920000000015
endloop
endfacet
facet normal 0 0 0.9999999999999999
outer loop
vertex -24.633268000000005 -20.090334000000006 7.9999920000000015
vertex -22.249876000000004 -20.201038000000004 7.9999920000000015
vertex -22.013002000000004 -20.090334000000006 7.9999920000000015
endloop
endfacet
facet normal 0 0 1
outer loop
vertex 22.249876000000004 -20.201038000000004 7.9999920000000015
vertex 22.464365000000004 -20.350814000000003 7.9999920000000015
vertex 24.581579000000005 -20.350814000000003 7.9999920000000015
endloop
endfacet
facet normal 0 0 1
outer loop
vertex 22.249876000000004 -20.201038000000004 7.9999920000000015
vertex 24.581579000000005 -20.350814000000003 7.9999920000000015
vertex 24.611290000000004 -20.201038000000004 7.9999920000000015
endloop
endfacet
facet normal 0 0 1
outer loop
vertex -20.750081000000005 -20.201038000000004 7.9999920000000015
vertex -20.535999000000004 -20.350814000000003 7.9999920000000015
vertex 20.535999000000004 -20.350814000000003 7.9999920000000015
endloop
endfacet
facet normal 0 0 1
outer loop
vertex -20.750081000000005 -20.201038000000004 7.9999920000000015
vertex 20.535999000000004 -20.350814000000003 7.9999920000000015
vertex 20.750081000000005 -20.201038000000004 7.9999920000000015
endloop
endfacet
facet normal 0 0 0.9999999999999999
outer loop
vertex -24.611290000000004 -20.201038000000004 7.9999920000000015
vertex -24.581579000000005 -20.350814000000003 7.9999920000000015
vertex -22.464365000000004 -20.350814000000003 7.9999920000000015
endloop
endfacet
facet normal 0 0 1
outer loop
vertex -24.611290000000004 -20.201038000000004 7.9999920000000015
vertex -22.464365000000004 -20.350814000000003 7.9999920000000015
vertex -22.249876000000004 -20.201038000000004 7.9999920000000015
endloop
endfacet
facet normal 0 0 0.9999999999999999
outer loop
vertex 23.757404000000005 -20.452564000000002 7.9999920000000015
vertex 22.464365000000004 -20.350814000000003 7.9999920000000015
vertex 22.649143000000006 -20.535999000000004 7.9999920000000015
endloop
endfacet
facet normal 0 0 1
outer loop
vertex 23.757404000000005 -20.452564000000002 7.9999920000000015
vertex 22.649143000000006 -20.535999000000004 7.9999920000000015
vertex 24.538030000000006 -20.535999000000004 7.9999920000000015
endloop
endfacet
facet normal 0 0 1
outer loop
vertex 23.757404000000005 -20.452564000000002 7.9999920000000015
vertex 24.538030000000006 -20.535999000000004 7.9999920000000015
vertex 24.553903000000005 -20.488380000000003 7.9999920000000015
endloop
endfacet
facet normal 0 0 0.9999999999999999
outer loop
vertex 23.757404000000005 -20.452564000000002 7.9999920000000015
vertex 24.553903000000005 -20.488380000000003 7.9999920000000015
vertex 24.581579000000005 -20.350814000000003 7.9999920000000015
endloop
endfacet
facet normal 0 0 0.9999999999999999
outer loop
vertex 23.757404000000005 -20.452564000000002 7.9999920000000015
vertex 24.581579000000005 -20.350814000000003 7.9999920000000015
vertex 22.464365000000004 -20.350814000000003 7.9999920000000015
endloop
endfacet
facet normal 0 0 1
outer loop
vertex -20.535999000000004 -20.350814000000003 7.9999920000000015
vertex -20.350814000000003 -20.535999000000004 7.9999920000000015
vertex 20.350814000000003 -20.535999000000004 7.9999920000000015
endloop
endfacet
facet normal 0 0 1
outer loop
vertex -20.535999000000004 -20.350814000000003 7.9999920000000015
vertex 20.350814000000003 -20.535999000000004 7.9999920000000015
vertex 20.535999000000004 -20.350814000000003 7.9999920000000015
endloop
endfacet
facet normal 0 0 0.9999999999999999
outer loop
vertex -23.757404000000005 -20.452564000000002 7.9999920000000015
vertex -24.581579000000005 -20.350814000000003 7.9999920000000015
vertex -24.553903000000005 -20.488380000000003 7.9999920000000015
endloop
endfacet
facet normal 0 0 1
outer loop
vertex -23.757404000000005 -20.452564000000002 7.9999920000000015
vertex -24.553903000000005 -20.488380000000003 7.9999920000000015
vertex -24.538030000000006 -20.535999000000004 7.9999920000000015
endloop
endfacet
facet normal 0 0 1
outer loop
vertex -23.757404000000005 -20.452564000000002 7.9999920000000015
vertex -24.538030000000006 -20.535999000000004 7.9999920000000015
vertex -22.649143000000006 -20.535999000000004 7.9999920000000015
endloop
endfacet
facet normal 0 0 0.9999999999999999
outer loop
vertex -23.757404000000005 -20.452564000000002 7.9999920000000015
vertex -22.649143000000006 -20.535999000000004 7.9999920000000015
vertex -22.464365000000004 -20.350814000000003 7.9999920000000015
endloop
endfacet
facet normal 0 0 0.9999999999999999
outer loop
vertex -23.757404000000005 -20.452564000000002 7.9999920000000015
vertex -22.464365000000004 -20.350814000000003 7.9999920000000015
vertex -24.581579000000005 -20.350814000000003 7.9999920000000015
endloop
endfacet
facet normal 0 0 1
outer loop
vertex 22.649143000000006 -20.535999000000004 7.9999920000000015
vertex 22.798919000000005 -20.750081000000005 7.9999920000000015
vertex 24.465177000000004 -20.750081000000005 7.9999920000000015
endloop
endfacet
facet normal 0 0 1
outer loop
vertex 22.649143000000006 -20.535999000000004 7.9999920000000015
vertex 24.465177000000004 -20.750081000000005 7.9999920000000015
vertex 24.538030000000006 -20.535999000000004 7.9999920000000015
endloop
endfacet
facet normal 0 0 0.9999999999999999
outer loop
vertex -20.350814000000003 -20.535999000000004 7.9999920000000015
vertex -20.201038000000004 -20.750081000000005 7.9999920000000015
vertex 20.201038000000004 -20.750081000000005 7.9999920000000015
endloop
endfacet
facet normal 0 0 1
outer loop
vertex -20.350814000000003 -20.535999000000004 7.9999920000000015
vertex 20.201038000000004 -20.750081000000005 7.9999920000000015
vertex 20.350814000000003 -20.535999000000004 7.9999920000000015
endloop
endfacet
facet normal 0 0 1
outer loop
vertex -24.538030000000006 -20.535999000000004 7.9999920000000015
vertex -24.465177000000004 -20.750081000000005 7.9999920000000015
vertex -22.798919000000005 -20.750081000000005 7.9999920000000015
endloop
endfacet
facet normal 0 0 1
outer loop
vertex -24.538030000000006 -20.535999000000004 7.9999920000000015
vertex -22.798919000000005 -20.750081000000005 7.9999920000000015
vertex -22.649143000000006 -20.535999000000004 7.9999920000000015
endloop
endfacet
facet normal 0 0 1
outer loop
vertex 22.798919000000005 -20.750081000000005 7.9999920000000015
vertex 22.909623000000003 -20.986955000000005 7.9999920000000015
vertex 24.384591000000004 -20.986955000000005 7.9999920000000015
endloop
endfacet
facet normal 0 0 1
outer loop
vertex 22.798919000000005 -20.750081000000005 7.9999920000000015
vertex 24.384591000000004 -20.986955000000005 7.9999920000000015
vertex 24.465177000000004 -20.750081000000005 7.9999920000000015
endloop
endfacet
facet normal 0 0 1
outer loop
vertex -20.201038000000004 -20.750081000000005 7.9999920000000015
vertex -20.090334000000006 -20.986955000000005 7.9999920000000015
vertex 20.090334000000006 -20.986955000000005 7.9999920000000015
endloop
endfacet
facet normal 0 0 1
outer loop
vertex -20.201038000000004 -20.750081000000005 7.9999920000000015
vertex 20.090334000000006 -20.986955000000005 7.9999920000000015
vertex 20.201038000000004 -20.750081000000005 7.9999920000000015
endloop
endfacet
facet normal 0 0 1
outer loop
vertex -24.465177000000004 -20.750081000000005 7.9999920000000015
vertex -24.384591000000004 -20.986955000000005 7.9999920000000015
vertex -22.909623000000003 -20.986955000000005 7.9999920000000015
endloop
endfacet
facet normal 0 0 1
outer loop
vertex -24.465177000000004 -20.750081000000005 7.9999920000000015
vertex -22.909623000000003 -20.986955000000005 7.9999920000000015
vertex -22.798919000000005 -20.750081000000005 7.9999920000000015
endloop
endfacet
facet normal 0 0 1
outer loop
vertex 23.775312000000003 -21.130626000000003 7.9999920000000015
vertex 22.909623000000003 -20.986955000000005 7.9999920000000015
vertex 22.977185000000006 -21.239702000000005 7.9999920000000015
endloop
endfacet
facet normal 0 0 1
outer loop
vertex 23.775312000000003 -21.130626000000003 7.9999920000000015
vertex 22.977185000000006 -21.239702000000005 7.9999920000000015
vertex 24.293016000000005 -21.239702000000005 7.9999920000000015
endloop
endfacet
facet normal 0 0 1
outer loop
vertex 23.775312000000003 -21.130626000000003 7.9999920000000015
vertex 24.293016000000005 -21.239702000000005 7.9999920000000015
vertex 24.312145000000005 -21.200630000000004 7.9999920000000015
endloop
endfacet
facet normal 0 0 1
outer loop
vertex 23.775312000000003 -21.130626000000003 7.9999920000000015
vertex 24.312145000000005 -21.200630000000004 7.9999920000000015
vertex 24.384591000000004 -20.986955000000005 7.9999920000000015
endloop
endfacet
facet normal 0 0 1
outer loop
vertex 23.775312000000003 -21.130626000000003 7.9999920000000015
vertex 24.384591000000004 -20.986955000000005 7.9999920000000015
vertex 22.909623000000003 -20.986955000000005 7.9999920000000015
endloop
endfacet
facet normal 0 0 1
outer loop
vertex -20.090334000000006 -20.986955000000005 7.9999920000000015
vertex -20.022772000000003 -21.239702000000005 7.9999920000000015
vertex 20.022772000000003 -21.239702000000005 7.9999920000000015
endloop
endfacet
facet normal 0 0 1
outer loop
vertex -20.090334000000006 -20.986955000000005 7.9999920000000015
vertex 20.022772000000003 -21.239702000000005 7.9999920000000015
vertex 20.090334000000006 -20.986955000000005 7.9999920000000015
endloop
endfacet
facet normal 0 0 1
outer loop
vertex -23.775312000000003 -21.130626000000003 7.9999920000000015
vertex -24.384591000000004 -20.986955000000005 7.9999920000000015
vertex -24.312145000000005 -21.200630000000004 7.9999920000000015
endloop
endfacet
facet normal 0 0 1
outer loop
vertex -23.775312000000003 -21.130626000000003 7.9999920000000015
vertex -24.312145000000005 -21.200630000000004 7.9999920000000015
vertex -24.293016000000005 -21.239702000000005 7.9999920000000015
endloop
endfacet
facet normal 0 0 1
outer loop
vertex -23.775312000000003 -21.130626000000003 7.9999920000000015
vertex -24.293016000000005 -21.239702000000005 7.9999920000000015
vertex -22.977185000000006 -21.239702000000005 7.9999920000000015
endloop
endfacet
facet normal 0 0 1
outer loop
vertex -23.775312000000003 -21.130626000000003 7.9999920000000015
vertex -22.977185000000006 -21.239702000000005 7.9999920000000015
vertex -22.909623000000003 -20.986955000000005 7.9999920000000015
endloop
endfacet
facet normal 0 0 1
outer loop
vertex -23.775312000000003 -21.130626000000003 7.9999920000000015
vertex -22.909623000000003 -20.986955000000005 7.9999920000000015
vertex -24.384591000000004 -20.986955000000005 7.9999920000000015
endloop
endfacet
facet normal 0 0 1
outer loop
vertex 22.977185000000006 -21.239702000000005 7.9999920000000015
vertex 22.999977000000005 -21.500182000000006 7.9999920000000015
vertex 24.164404000000005 -21.500182000000006 7.9999920000000015
endloop
endfacet
facet normal 0 0 0.9999999999999999
outer loop
vertex 22.977185000000006 -21.239702000000005 7.9999920000000015
vertex 24.164404000000005 -21.500182000000006 7.9999920000000015
vertex 24.293016000000005 -21.239702000000005 7.9999920000000015
endloop
endfacet
facet normal 0 0 1
outer loop
vertex -20.022772000000003 -21.239702000000005 7.9999920000000015
vertex -19.999980000000004 -21.500182000000006 7.9999920000000015
vertex 19.999980000000004 -21.500182000000006 7.9999920000000015
endloop
endfacet
facet normal 0 0 1
outer loop
vertex -20.022772000000003 -21.239702000000005 7.9999920000000015
vertex 19.999980000000004 -21.500182000000006 7.9999920000000015
vertex 20.022772000000003 -21.239702000000005 7.9999920000000015
endloop
endfacet
facet normal 0 0 1
outer loop
vertex -24.293016000000005 -21.239702000000005 7.9999920000000015
vertex -24.164404000000005 -21.500182000000006 7.9999920000000015
vertex -22.999977000000005 -21.500182000000006 7.9999920000000015
endloop
endfacet
facet normal 0 0 0.9999999999999999
outer loop
vertex -24.293016000000005 -21.239702000000005 7.9999920000000015
vertex -22.999977000000005 -21.500182000000006 7.9999920000000015
vertex -22.977185000000006 -21.239702000000005 7.9999920000000015
endloop
endfacet
facet normal 0 0 1
outer loop
vertex 22.999977000000005 -21.500182000000006 7.9999920000000015
vertex 22.977185000000006 -21.760662000000004 7.9999920000000015
vertex 24.036199000000003 -21.760662000000004 7.9999920000000015
endloop
endfacet
facet normal 0 0 1
outer loop
vertex 22.999977000000005 -21.500182000000006 7.9999920000000015
vertex 24.036199000000003 -21.760662000000004 7.9999920000000015
vertex 24.164404000000005 -21.500182000000006 7.9999920000000015
endloop
endfacet
facet normal 0 0 1
outer loop
vertex -19.999980000000004 -21.500182000000006 7.9999920000000015
vertex -20.022772000000003 -21.760662000000004 7.9999920000000015
vertex 20.022772000000003 -21.760662000000004 7.9999920000000015
endloop
endfacet
facet normal 0 0 1
outer loop
vertex -19.999980000000004 -21.500182000000006 7.9999920000000015
vertex 20.022772000000003 -21.760662000000004 7.9999920000000015
vertex 19.999980000000004 -21.500182000000006 7.9999920000000015
endloop
endfacet
facet normal 0 0 1
outer loop
vertex -24.164404000000005 -21.500182000000006 7.9999920000000015
vertex -24.036199000000003 -21.760662000000004 7.9999920000000015
vertex -22.977185000000006 -21.760662000000004 7.9999920000000015
endloop
endfacet
facet normal 0 0 1
outer loop
vertex -24.164404000000005 -21.500182000000006 7.9999920000000015
vertex -22.977185000000006 -21.760662000000004 7.9999920000000015
vertex -22.999977000000005 -21.500182000000006 7.9999920000000015
endloop
endfacet
facet normal 0 0 0.9999999999999999
outer loop
vertex 23.557974000000005 -21.884390000000003 7.9999920000000015
vertex 22.977185000000006 -21.760662000000004 7.9999920000000015
vertex 22.909623000000003 -22.013002000000004 7.9999920000000015
endloop
endfacet
facet normal 0 0 1
outer loop
vertex 23.557974000000005 -21.884390000000003 7.9999920000000015
vertex 22.909623000000003 -22.013002000000004 7.9999920000000015
vertex 23.887237000000006 -22.013002000000004 7.9999920000000015
endloop
endfacet
facet normal 0 0 1
outer loop
vertex 23.557974000000005 -21.884390000000003 7.9999920000000015
vertex 23.887237000000006 -22.013002000000004 7.9999920000000015
vertex 23.979626000000003 -21.875029000000005 7.9999920000000015
endloop
endfacet
facet normal 0 0 1
outer loop
vertex 23.557974000000005 -21.884390000000003 7.9999920000000015
vertex 23.979626000000003 -21.875029000000005 7.9999920000000015
vertex 24.036199000000003 -21.760662000000004 7.9999920000000015
endloop
endfacet
facet normal 0 0 1
outer loop
vertex 23.557974000000005 -21.884390000000003 7.9999920000000015
vertex 24.036199000000003 -21.760662000000004 7.9999920000000015
vertex 22.977185000000006 -21.760662000000004 7.9999920000000015
endloop
endfacet
facet normal 0 0 1
outer loop
vertex -20.022772000000003 -21.760662000000004 7.9999920000000015
vertex -20.090334000000006 -22.013002000000004 7.9999920000000015
vertex 20.090334000000006 -22.013002000000004 7.9999920000000015
endloop
endfacet
facet normal 0 0 1
outer loop
vertex -20.022772000000003 -21.760662000000004 7.9999920000000015
vertex 20.090334000000006 -22.013002000000004 7.9999920000000015
vertex 20.022772000000003 -21.760662000000004 7.9999920000000015
endloop
endfacet
facet normal 0 0 1
outer loop
vertex -23.557974000000005 -21.884390000000003 7.9999920000000015
vertex -24.036199000000003 -21.760662000000004 7.9999920000000015
vertex -23.979626000000003 -21.875029000000005 7.9999920000000015
endloop
endfacet
facet normal 0 0 1
outer loop
vertex -23.557974000000005 -21.884390000000003 7.9999920000000015
vertex -23.979626000000003 -21.875029000000005 7.9999920000000015
vertex -23.887237000000006 -22.013002000000004 7.9999920000000015
endloop
endfacet
facet normal 0 0 1
outer loop
vertex -23.557974000000005 -21.884390000000003 7.9999920000000015
vertex -23.887237000000006 -22.013002000000004 7.9999920000000015
vertex -22.909623000000003 -22.013002000000004 7.9999920000000015
endloop
endfacet
facet normal 0 0 0.9999999999999999
outer loop
vertex -23.557974000000005 -21.884390000000003 7.9999920000000015
vertex -22.909623000000003 -22.013002000000004 7.9999920000000015
vertex -22.977185000000006 -21.760662000000004 7.9999920000000015
endloop
endfacet
facet normal 0 0 1
outer loop
vertex -23.557974000000005 -21.884390000000003 7.9999920000000015
vertex -22.977185000000006 -21.760662000000004 7.9999920000000015
vertex -24.036199000000003 -21.760662000000004 7.9999920000000015
endloop
endfacet
facet normal 0 0 1
outer loop
vertex 22.909623000000003 -22.013002000000004 7.9999920000000015
vertex 22.798919000000005 -22.249876000000004 7.9999920000000015
vertex 23.728914000000003 -22.249876000000004 7.9999920000000015
endloop
endfacet
facet normal 0 0 1
outer loop
vertex 22.909623000000003 -22.013002000000004 7.9999920000000015
vertex 23.728914000000003 -22.249876000000004 7.9999920000000015
vertex 23.887237000000006 -22.013002000000004 7.9999920000000015
endloop
endfacet
facet normal 0 0 1
outer loop
vertex -20.090334000000006 -22.013002000000004 7.9999920000000015
vertex -20.201038000000004 -22.249876000000004 7.9999920000000015
vertex 20.201038000000004 -22.249876000000004 7.9999920000000015
endloop
endfacet
facet normal 0 0 1
outer loop
vertex -20.090334000000006 -22.013002000000004 7.9999920000000015
vertex 20.201038000000004 -22.249876000000004 7.9999920000000015
vertex 20.090334000000006 -22.013002000000004 7.9999920000000015
endloop
endfacet
facet normal 0 0 1
outer loop
vertex -23.887237000000006 -22.013002000000004 7.9999920000000015
vertex -23.728914000000003 -22.249876000000004 7.9999920000000015
vertex -22.798919000000005 -22.249876000000004 7.9999920000000015
endloop
endfacet
facet normal 0 0 1
outer loop
vertex -23.887237000000006 -22.013002000000004 7.9999920000000015
vertex -22.798919000000005 -22.249876000000004 7.9999920000000015
vertex -22.909623000000003 -22.013002000000004 7.9999920000000015
endloop
endfacet
facet normal 0 0 1
outer loop
vertex 22.798919000000005 -22.249876000000004 7.9999920000000015
vertex 22.649143000000006 -22.464365000000004 7.9999920000000015
vertex 23.586057000000004 -22.464365000000004 7.9999920000000015
endloop
endfacet
facet normal 0 0 0.9999999999999999
outer loop
vertex 22.798919000000005 -22.249876000000004 7.9999920000000015
vertex 23.586057000000004 -22.464365000000004 7.9999920000000015
vertex 23.728914000000003 -22.249876000000004 7.9999920000000015
endloop
endfacet
facet normal 0 0 1
outer loop
vertex -20.201038000000004 -22.249876000000004 7.9999920000000015
vertex -20.350814000000003 -22.464365000000004 7.9999920000000015
vertex 20.350814000000003 -22.464365000000004 7.9999920000000015
endloop
endfacet
facet normal 0 0 1
outer loop
vertex -20.201038000000004 -22.249876000000004 7.9999920000000015
vertex 20.350814000000003 -22.464365000000004 7.9999920000000015
vertex 20.201038000000004 -22.249876000000004 7.9999920000000015
endloop
endfacet
facet normal 0 0 1
outer loop
vertex -23.728914000000003 -22.249876000000004 7.9999920000000015
vertex -23.586057000000004 -22.464365000000004 7.9999920000000015
vertex -22.649143000000006 -22.464365000000004 7.9999920000000015
endloop
endfacet
facet normal 0 0 0.9999999999999999
outer loop
vertex -23.728914000000003 -22.249876000000004 7.9999920000000015
vertex -22.649143000000006 -22.464365000000004 7.9999920000000015
vertex -22.798919000000005 -22.249876000000004 7.9999920000000015
endloop
endfacet
facet normal 0 0 1
outer loop
vertex 23.138357000000006 -22.545358000000004 7.9999920000000015
vertex 22.649143000000006 -22.464365000000004 7.9999920000000015
vertex 22.464365000000004 -22.649143000000006 7.9999920000000015
endloop
endfacet
facet normal 0 0 1
outer loop
vertex 23.138357000000006 -22.545358000000004 7.9999920000000015
vertex 22.464365000000004 -22.649143000000006 7.9999920000000015
vertex 23.431397000000004 -22.649143000000006 7.9999920000000015
endloop
endfacet
facet normal 0 0 1
outer loop
vertex 23.138357000000006 -22.545358000000004 7.9999920000000015
vertex 23.431397000000004 -22.649143000000006 7.9999920000000015
vertex 23.561637000000005 -22.500181000000005 7.9999920000000015
endloop
endfacet
facet normal 0 0 0.9999999999999999
outer loop
vertex 23.138357000000006 -22.545358000000004 7.9999920000000015
vertex 23.561637000000005 -22.500181000000005 7.9999920000000015
vertex 23.586057000000004 -22.464365000000004 7.9999920000000015
endloop
endfacet
facet normal 0 0 1
outer loop
vertex 23.138357000000006 -22.545358000000004 7.9999920000000015
vertex 23.586057000000004 -22.464365000000004 7.9999920000000015
vertex 22.649143000000006 -22.464365000000004 7.9999920000000015
endloop
endfacet
facet normal 0 0 0.9999999999999999
outer loop
vertex -20.350814000000003 -22.464365000000004 7.9999920000000015
vertex -20.535999000000004 -22.649143000000006 7.9999920000000015
vertex 20.535999000000004 -22.649143000000006 7.9999920000000015
endloop
endfacet
facet normal 0 0 1
outer loop
vertex -20.350814000000003 -22.464365000000004 7.9999920000000015
vertex 20.535999000000004 -22.649143000000006 7.9999920000000015
vertex 20.350814000000003 -22.464365000000004 7.9999920000000015
endloop
endfacet
facet normal 0 0 0.9999999999999999
outer loop
vertex -23.138357000000006 -22.545358000000004 7.9999920000000015
vertex -23.586057000000004 -22.464365000000004 7.9999920000000015
vertex -23.561637000000005 -22.500181000000005 7.9999920000000015
endloop
endfacet
facet normal 0 0 1
outer loop
vertex -23.138357000000006 -22.545358000000004 7.9999920000000015
vertex -23.561637000000005 -22.500181000000005 7.9999920000000015
vertex -23.431397000000004 -22.649143000000006 7.9999920000000015
endloop
endfacet
facet normal 0 0 1
outer loop
vertex -23.138357000000006 -22.545358000000004 7.9999920000000015
vertex -23.431397000000004 -22.649143000000006 7.9999920000000015
vertex -22.464365000000004 -22.649143000000006 7.9999920000000015
endloop
endfacet
facet normal 0 0 1
outer loop
vertex -23.138357000000006 -22.545358000000004 7.9999920000000015
vertex -22.464365000000004 -22.649143000000006 7.9999920000000015
vertex -22.649143000000006 -22.464365000000004 7.9999920000000015
endloop
endfacet
facet normal 0 0 1
outer loop
vertex -23.138357000000006 -22.545358000000004 7.9999920000000015
vertex -22.649143000000006 -22.464365000000004 7.9999920000000015
vertex -23.586057000000004 -22.464365000000004 7.9999920000000015
endloop
endfacet
facet normal 0 0 1
outer loop
vertex 22.464365000000004 -22.649143000000006 7.9999920000000015
vertex 22.249876000000004 -22.798919000000005 7.9999920000000015
vertex 23.299936000000006 -22.798919000000005 7.9999920000000015
endloop
endfacet
facet normal 0 0 1
outer loop
vertex 22.464365000000004 -22.649143000000006 7.9999920000000015
vertex 23.299936000000006 -22.798919000000005 7.9999920000000015
vertex 23.431397000000004 -22.649143000000006 7.9999920000000015
endloop
endfacet
facet normal 0 0 1
outer loop
vertex -20.535999000000004 -22.649143000000006 7.9999920000000015
vertex -20.750081000000005 -22.798919000000005 7.9999920000000015
vertex 20.750081000000005 -22.798919000000005 7.9999920000000015
endloop
endfacet
facet normal 0 0 1
outer loop
vertex -20.535999000000004 -22.649143000000006 7.9999920000000015
vertex 20.750081000000005 -22.798919000000005 7.9999920000000015
vertex 20.535999000000004 -22.649143000000006 7.9999920000000015
endloop
endfacet
facet normal 0 0 1
outer loop
vertex -23.431397000000004 -22.649143000000006 7.9999920000000015
vertex -23.299936000000006 -22.798919000000005 7.9999920000000015
vertex -22.249876000000004 -22.798919000000005 7.9999920000000015
endloop
endfacet
facet normal 0 0 1
outer loop
vertex -23.431397000000004 -22.649143000000006 7.9999920000000015
vertex -22.249876000000004 -22.798919000000005 7.9999920000000015
vertex -22.464365000000004 -22.649143000000006 7.9999920000000015
endloop
endfacet
facet normal 0 0 1
outer loop
vertex 22.249876000000004 -22.798919000000005 7.9999920000000015
vertex 22.013002000000004 -22.909623000000003 7.9999920000000015
vertex 23.203070000000004 -22.909623000000003 7.9999920000000015
endloop
endfacet
facet normal 0 0 1
outer loop
vertex 22.249876000000004 -22.798919000000005 7.9999920000000015
vertex 23.203070000000004 -22.909623000000003 7.9999920000000015
vertex 23.299936000000006 -22.798919000000005 7.9999920000000015
endloop
endfacet
facet normal 0 0 1
outer loop
vertex -20.750081000000005 -22.798919000000005 7.9999920000000015
vertex -20.986955000000005 -22.909623000000003 7.9999920000000015
vertex 20.986955000000005 -22.909623000000003 7.9999920000000015
endloop
endfacet
facet normal 0 0 1
outer loop
vertex -20.750081000000005 -22.798919000000005 7.9999920000000015
vertex 20.986955000000005 -22.909623000000003 7.9999920000000015
vertex 20.750081000000005 -22.798919000000005 7.9999920000000015
endloop
endfacet
facet normal 0 0 1
outer loop
vertex -23.299936000000006 -22.798919000000005 7.9999920000000015
vertex -23.203070000000004 -22.909623000000003 7.9999920000000015
vertex -22.013002000000004 -22.909623000000003 7.9999920000000015
endloop
endfacet
facet normal 0 0 1
outer loop
vertex -23.299936000000006 -22.798919000000005 7.9999920000000015
vertex -22.013002000000004 -22.909623000000003 7.9999920000000015
vertex -22.249876000000004 -22.798919000000005 7.9999920000000015
endloop
endfacet
facet normal 0 0 0.9999999999999999
outer loop
vertex 22.013002000000004 -22.909623000000003 7.9999920000000015
vertex 21.760662000000004 -22.977185000000006 7.9999920000000015
vertex 23.143648000000006 -22.977185000000006 7.9999920000000015
endloop
endfacet
facet normal 0 0 1
outer loop
vertex 22.013002000000004 -22.909623000000003 7.9999920000000015
vertex 23.143648000000006 -22.977185000000006 7.9999920000000015
vertex 23.203070000000004 -22.909623000000003 7.9999920000000015
endloop
endfacet
facet normal 0 0 1
outer loop
vertex -20.986955000000005 -22.909623000000003 7.9999920000000015
vertex -21.239702000000005 -22.977185000000006 7.9999920000000015
vertex 21.239702000000005 -22.977185000000006 7.9999920000000015
endloop
endfacet
facet normal 0 0 1
outer loop
vertex -20.986955000000005 -22.909623000000003 7.9999920000000015
vertex 21.239702000000005 -22.977185000000006 7.9999920000000015
vertex 20.986955000000005 -22.909623000000003 7.9999920000000015
endloop
endfacet
facet normal 0 0 0.9999999999999999
outer loop
vertex -23.203070000000004 -22.909623000000003 7.9999920000000015
vertex -23.143648000000006 -22.977185000000006 7.9999920000000015
vertex -21.760662000000004 -22.977185000000006 7.9999920000000015
endloop
endfacet
facet normal 0 0 1
outer loop
vertex -23.203070000000004 -22.909623000000003 7.9999920000000015
vertex -21.760662000000004 -22.977185000000006 7.9999920000000015
vertex -22.013002000000004 -22.909623000000003 7.9999920000000015
endloop
endfacet
facet normal 0 0 1
outer loop
vertex 21.760662000000004 -22.977185000000006 7.9999920000000015
vertex 21.500182000000006 -22.999977000000005 7.9999920000000015
vertex 23.123705000000005 -22.999977000000005 7.9999920000000015
endloop
endfacet
facet normal 0 0 1
outer loop
vertex 21.760662000000004 -22.977185000000006 7.9999920000000015
vertex 23.123705000000005 -22.999977000000005 7.9999920000000015
vertex 23.143648000000006 -22.977185000000006 7.9999920000000015
endloop
endfacet
facet normal 0 0 1
outer loop
vertex -21.239702000000005 -22.977185000000006 7.9999920000000015
vertex -21.500182000000006 -22.999977000000005 7.9999920000000015
vertex 21.500182000000006 -22.999977000000005 7.9999920000000015
endloop
endfacet
facet normal 0 0 0.9999999999999999
outer loop
vertex -21.239702000000005 -22.977185000000006 7.9999920000000015
vertex 21.500182000000006 -22.999977000000005 7.9999920000000015
vertex 21.239702000000005 -22.977185000000006 7.9999920000000015
endloop
endfacet
facet normal 0 0 1
outer loop
vertex -23.143648000000006 -22.977185000000006 7.9999920000000015
vertex -23.123705000000005 -22.999977000000005 7.9999920000000015
vertex -21.500182000000006 -22.999977000000005 7.9999920000000015
endloop
endfacet
facet normal 0 0 1
outer loop
vertex -23.143648000000006 -22.977185000000006 7.9999920000000015
vertex -21.500182000000006 -22.999977000000005 7.9999920000000015
vertex -21.760662000000004 -22.977185000000006 7.9999920000000015
endloop
endfacet
facet normal 0 0 1
outer loop
vertex 0 -23.880318000000006 7.9999920000000015
vertex 21.500182000000006 -22.999977000000005 7.9999920000000015
vertex -21.500182000000006 -22.999977000000005 7.9999920000000015
endloop
endfacet
facet normal 0 0 1
outer loop
vertex 0 -23.880318000000006 7.9999920000000015
vertex -21.500182000000006 -22.999977000000005 7.9999920000000015
vertex -23.123705000000005 -22.999977000000005 7.9999920000000015
endloop
endfacet
facet normal 0 0 1
outer loop
vertex 0 -23.880318000000006 7.9999920000000015
vertex -23.123705000000005 -22.999977000000005 7.9999920000000015
vertex -23.065911000000003 -23.065911000000003 7.9999920000000015
endloop
endfacet
facet normal 0 0 1
outer loop
vertex 0 -23.880318000000006 7.9999920000000015
vertex -23.065911000000003 -23.065911000000003 7.9999920000000015
vertex -22.500181000000005 -23.561637000000005 7.9999920000000015
endloop
endfacet
facet normal 0 0 1
outer loop
vertex 0 -23.880318000000006 7.9999920000000015
vertex -22.500181000000005 -23.561637000000005 7.9999920000000015
vertex -21.875029000000005 -23.979626000000003 7.9999920000000015
endloop
endfacet
facet normal 0 0 1
outer loop
vertex 0 -23.880318000000006 7.9999920000000015
vertex -21.875029000000005 -23.979626000000003 7.9999920000000015
vertex -21.200630000000004 -24.312145000000005 7.9999920000000015
endloop
endfacet
facet normal 0 0 1
outer loop
vertex 0 -23.880318000000006 7.9999920000000015
vertex -21.200630000000004 -24.312145000000005 7.9999920000000015
vertex -20.488380000000003 -24.553903000000005 7.9999920000000015
endloop
endfacet
facet normal 0 0 1
outer loop
vertex 0 -23.880318000000006 7.9999920000000015
vertex -20.488380000000003 -24.553903000000005 7.9999920000000015
vertex -19.750489000000005 -24.700830000000003 7.9999920000000015
endloop
endfacet
facet normal 0 0 1
outer loop
vertex 0 -23.880318000000006 7.9999920000000015
vertex -19.750489000000005 -24.700830000000003 7.9999920000000015
vertex -18.999981000000005 -24.750077000000005 7.9999920000000015
endloop
endfacet
facet normal 0 0 1
outer loop
vertex 0 -23.880318000000006 7.9999920000000015
vertex -18.999981000000005 -24.750077000000005 7.9999920000000015
vertex 18.999981000000005 -24.750077000000005 7.9999920000000015
endloop
endfacet
facet normal 0 0 1
outer loop
vertex 0 -23.880318000000006 7.9999920000000015
vertex 18.999981000000005 -24.750077000000005 7.9999920000000015
vertex 19.750489000000005 -24.700830000000003 7.9999920000000015
endloop
endfacet
facet normal 0 0 1
outer loop
vertex 0 -23.880318000000006 7.9999920000000015
vertex 19.750489000000005 -24.700830000000003 7.9999920000000015
vertex 20.488380000000003 -24.553903000000005 7.9999920000000015
endloop
endfacet
facet normal 0 0 1
outer loop
vertex 0 -23.880318000000006 7.9999920000000015
vertex 20.488380000000003 -24.553903000000005 7.9999920000000015
vertex 21.200630000000004 -24.312145000000005 7.9999920000000015
endloop
endfacet
facet normal 0 0 1
outer loop
vertex 0 -23.880318000000006 7.9999920000000015
vertex 21.200630000000004 -24.312145000000005 7.9999920000000015
vertex 21.875029000000005 -23.979626000000003 7.9999920000000015
endloop
endfacet
facet normal 0 0 1
outer loop
vertex 0 -23.880318000000006 7.9999920000000015
vertex 21.875029000000005 -23.979626000000003 7.9999920000000015
vertex 22.500181000000005 -23.561637000000005 7.9999920000000015
endloop
endfacet
facet normal 0 0 1
outer loop
vertex 0 -23.880318000000006 7.9999920000000015
vertex 22.500181000000005 -23.561637000000005 7.9999920000000015
vertex 23.065911000000003 -23.065911000000003 7.9999920000000015
endloop
endfacet
facet normal 0 0 1
outer loop
vertex 0 -23.880318000000006 7.9999920000000015
vertex 23.065911000000003 -23.065911000000003 7.9999920000000015
vertex 23.123705000000005 -22.999977000000005 7.9999920000000015
endloop
endfacet
facet normal 0 0 1
outer loop
vertex 0 -23.880318000000006 7.9999920000000015
vertex 23.123705000000005 -22.999977000000005 7.9999920000000015
vertex 21.500182000000006 -22.999977000000005 7.9999920000000015
endloop
endfacet
facet normal 0.9961937174961132 0.08716695028090583 0
outer loop
vertex -20.022772000000003 -21.239702000000005 7.9999920000000015
vertex -20.022772000000003 -21.239702000000005 10.100112000000003
vertex -19.999980000000004 -21.500182000000006 10.100112000000003
endloop
endfacet
facet normal 0.9961937174961132 0.08716695028090583 0
outer loop
vertex -20.022772000000003 -21.239702000000005 7.9999920000000015
vertex -19.999980000000004 -21.500182000000006 10.100112000000003
vertex -19.999980000000004 -21.500182000000006 7.9999920000000015
endloop
endfacet
facet normal 0.9660798420457387 0.25824356486247757 0
outer loop
vertex -20.090334000000006 -20.986955000000005 7.9999920000000015
vertex -20.090334000000006 -20.986955000000005 10.100112000000003
vertex -20.022772000000003 -21.239702000000005 10.100112000000003
endloop
endfacet
facet normal 0.9660798420457387 0.25824356486247757 0
outer loop
vertex -20.090334000000006 -20.986955000000005 7.9999920000000015
vertex -20.022772000000003 -21.239702000000005 10.100112000000003
vertex -20.022772000000003 -21.239702000000005 7.9999920000000015
endloop
endfacet
facet normal 0.9059443919917602 0.42339669178995687 0
outer loop
vertex -20.201038000000004 -20.750081000000005 7.9999920000000015
vertex -20.201038000000004 -20.750081000000005 10.100112000000003
vertex -20.090334000000006 -20.986955000000005 10.100112000000003
endloop
endfacet
facet normal 0.9059443919917602 0.42339669178995687 0
outer loop
vertex -20.201038000000004 -20.750081000000005 7.9999920000000015
vertex -20.090334000000006 -20.986955000000005 10.100112000000003
vertex -20.090334000000006 -20.986955000000005 7.9999920000000015
endloop
endfacet
facet normal 0.8193782599214123 0.5732532312758108 0
outer loop
vertex -20.350814000000003 -20.535999000000004 7.9999920000000015
vertex -20.350814000000003 -20.535999000000004 10.100112000000003
vertex -20.201038000000004 -20.750081000000005 10.100112000000003
endloop
endfacet
facet normal 0.8193782599214123 0.5732532312758108 0
outer loop
vertex -20.350814000000003 -20.535999000000004 7.9999920000000015
vertex -20.201038000000004 -20.750081000000005 10.100112000000003
vertex -20.201038000000004 -20.750081000000005 7.9999920000000015
endloop
endfacet
facet normal 0.7071067811865476 0.7071067811865476 0
outer loop
vertex -20.535999000000004 -20.350814000000003 7.9999920000000015
vertex -20.535999000000004 -20.350814000000003 10.100112000000003
vertex -20.350814000000003 -20.535999000000004 10.100112000000003
endloop
endfacet
facet normal 0.7071067811865476 0.7071067811865476 0
outer loop
vertex -20.535999000000004 -20.350814000000003 7.9999920000000015
vertex -20.350814000000003 -20.535999000000004 10.100112000000003
vertex -20.350814000000003 -20.535999000000004 7.9999920000000015
endloop
endfacet
facet normal 0.5732532312758108 0.8193782599214123 0
outer loop
vertex -20.750081000000005 -20.201038000000004 7.9999920000000015
vertex -20.750081000000005 -20.201038000000004 10.100112000000003
vertex -20.535999000000004 -20.350814000000003 10.100112000000003
endloop
endfacet
facet normal 0.5732532312758108 0.8193782599214123 0
outer loop
vertex -20.750081000000005 -20.201038000000004 7.9999920000000015
vertex -20.535999000000004 -20.350814000000003 10.100112000000003
vertex -20.535999000000004 -20.350814000000003 7.9999920000000015
endloop
endfacet
facet normal 0.42339669178995687 0.9059443919917602 0
outer loop
vertex -20.986955000000005 -20.090334000000006 7.9999920000000015
vertex -20.986955000000005 -20.090334000000006 10.100112000000003
vertex -20.750081000000005 -20.201038000000004 10.100112000000003
endloop
endfacet
facet normal 0.42339669178995687 0.9059443919917602 0
outer loop
vertex -20.986955000000005 -20.090334000000006 7.9999920000000015
vertex -20.750081000000005 -20.201038000000004 10.100112000000003
vertex -20.750081000000005 -20.201038000000004 7.9999920000000015
endloop
endfacet
facet normal 0.25824356486247757 0.9660798420457387 0
outer loop
vertex -21.239702000000005 -20.022772000000003 7.9999920000000015
vertex -21.239702000000005 -20.022772000000003 10.100112000000003
vertex -20.986955000000005 -20.090334000000006 10.100112000000003
endloop
endfacet
facet normal 0.25824356486247757 0.9660798420457387 0
outer loop
vertex -21.239702000000005 -20.022772000000003 7.9999920000000015
vertex -20.986955000000005 -20.090334000000006 10.100112000000003
vertex -20.986955000000005 -20.090334000000006 7.9999920000000015
endloop
endfacet
facet normal 0.08716695028090583 0.9961937174961132 0
outer loop
vertex -21.500182000000006 -19.999980000000004 7.9999920000000015
vertex -21.500182000000006 -19.999980000000004 10.100112000000003
vertex -21.239702000000005 -20.022772000000003 10.100112000000003
endloop
endfacet
facet normal 0.08716695028090583 0.9961937174961132 0
outer loop
vertex -21.500182000000006 -19.999980000000004 7.9999920000000015
vertex -21.239702000000005 -20.022772000000003 10.100112000000003
vertex -21.239702000000005 -20.022772000000003 7.9999920000000015
endloop
endfacet
facet normal -0.08716695028090701 0.9961937174961132 0
outer loop
vertex -21.760662000000004 -20.022772000000003 7.9999920000000015
vertex -21.760662000000004 -20.022772000000003 10.100112000000003
vertex -21.500182000000006 -19.999980000000004 10.100112000000003
endloop
endfacet
facet normal -0.08716695028090701 0.9961937174961132 0
outer loop
vertex -21.760662000000004 -20.022772000000003 7.9999920000000015
vertex -21.500182000000006 -19.999980000000004 10.100112000000003
vertex -21.500182000000006 -19.999980000000004 7.9999920000000015
endloop
endfacet
facet normal -0.2586322462611542 0.9659758595295795 0
outer loop
vertex -22.013002000000004 -20.090334000000006 7.9999920000000015
vertex -22.013002000000004 -20.090334000000006 10.100112000000003
vertex -21.760662000000004 -20.022772000000003 10.100112000000003
endloop
endfacet
facet normal -0.2586322462611542 0.9659758595295795 0
outer loop
vertex -22.013002000000004 -20.090334000000006 7.9999920000000015
vertex -21.760662000000004 -20.022772000000003 10.100112000000003
vertex -21.760662000000004 -20.022772000000003 7.9999920000000015
endloop
endfacet
facet normal -0.42339669178995687 0.9059443919917602 0
outer loop
vertex -22.249876000000004 -20.201038000000004 7.9999920000000015
vertex -22.249876000000004 -20.201038000000004 10.100112000000003
vertex -22.013002000000004 -20.090334000000006 10.100112000000003
endloop
endfacet
facet normal -0.42339669178995687 0.9059443919917602 0
outer loop
vertex -22.249876000000004 -20.201038000000004 7.9999920000000015
vertex -22.013002000000004 -20.090334000000006 10.100112000000003
vertex -22.013002000000004 -20.090334000000006 7.9999920000000015
endloop
endfacet
facet normal -0.5725222420734011 0.8198891890562077 0
outer loop
vertex -22.464365000000004 -20.350814000000003 7.9999920000000015
vertex -22.464365000000004 -20.350814000000003 10.100112000000003
vertex -22.249876000000004 -20.201038000000004 10.100112000000003
endloop
endfacet
facet normal -0.5725222420734011 0.8198891890562077 0
outer loop
vertex -22.464365000000004 -20.350814000000003 7.9999920000000015
vertex -22.249876000000004 -20.201038000000004 10.100112000000003
vertex -22.249876000000004 -20.201038000000004 7.9999920000000015
endloop
endfacet
facet normal -0.8193782599214123 0.5732532312758108 0
outer loop
vertex -22.798919000000005 -20.750081000000005 7.9999920000000015
vertex -22.798919000000005 -20.750081000000005 10.100112000000003
vertex -22.649143000000006 -20.535999000000004 10.100112000000003
endloop
endfacet
facet normal -0.8193782599214123 0.5732532312758108 0
outer loop
vertex -22.798919000000005 -20.750081000000005 7.9999920000000015
vertex -22.649143000000006 -20.535999000000004 10.100112000000003
vertex -22.649143000000006 -20.535999000000004 7.9999920000000015
endloop
endfacet
facet normal -0.9059443919917602 0.42339669178995687 0
outer loop
vertex -22.909623000000003 -20.986955000000005 7.9999920000000015
vertex -22.909623000000003 -20.986955000000005 10.100112000000003
vertex -22.798919000000005 -20.750081000000005 10.100112000000003
endloop
endfacet
facet normal -0.9059443919917602 0.42339669178995687 0
outer loop
vertex -22.909623000000003 -20.986955000000005 7.9999920000000015
vertex -22.798919000000005 -20.750081000000005 10.100112000000003
vertex -22.798919000000005 -20.750081000000005 7.9999920000000015
endloop
endfacet
facet normal -0.9660798420457387 0.25824356486247757 0
outer loop
vertex -22.977185000000006 -21.239702000000005 7.9999920000000015
vertex -22.977185000000006 -21.239702000000005 10.100112000000003
vertex -22.909623000000003 -20.986955000000005 10.100112000000003
endloop
endfacet
facet normal -0.9660798420457387 0.25824356486247757 0
outer loop
vertex -22.977185000000006 -21.239702000000005 7.9999920000000015
vertex -22.909623000000003 -20.986955000000005 10.100112000000003
vertex -22.909623000000003 -20.986955000000005 7.9999920000000015
endloop
endfacet
facet normal -0.9961937174961132 0.08716695028090583 0
outer loop
vertex -22.999977000000005 -21.500182000000006 7.9999920000000015
vertex -22.999977000000005 -21.500182000000006 10.100112000000003
vertex -22.977185000000006 -21.239702000000005 10.100112000000003
endloop
endfacet
facet normal -0.9961937174961132 0.08716695028090583 0
outer loop
vertex -22.999977000000005 -21.500182000000006 7.9999920000000015
vertex -22.977185000000006 -21.239702000000005 10.100112000000003
vertex -22.977185000000006 -21.239702000000005 7.9999920000000015
endloop
endfacet
facet normal -0.9961937174961132 -0.08716695028090701 0
outer loop
vertex -22.977185000000006 -21.760662000000004 7.9999920000000015
vertex -22.977185000000006 -21.760662000000004 10.100112000000003
vertex -22.999977000000005 -21.500182000000006 10.100112000000003
endloop
endfacet
facet normal -0.9961937174961132 -0.08716695028090701 0
outer loop
vertex -22.977185000000006 -21.760662000000004 7.9999920000000015
vertex -22.999977000000005 -21.500182000000006 10.100112000000003
vertex -22.999977000000005 -21.500182000000006 7.9999920000000015
endloop
endfacet
facet normal -0.9659758595295795 -0.2586322462611542 0
outer loop
vertex -22.909623000000003 -22.013002000000004 7.9999920000000015
vertex -22.909623000000003 -22.013002000000004 10.100112000000003
vertex -22.977185000000006 -21.760662000000004 10.100112000000003
endloop
endfacet
facet normal -0.9659758595295795 -0.2586322462611542 0
outer loop
vertex -22.909623000000003 -22.013002000000004 7.9999920000000015
vertex -22.977185000000006 -21.760662000000004 10.100112000000003
vertex -22.977185000000006 -21.760662000000004 7.9999920000000015
endloop
endfacet
facet normal -0.9059443919917602 -0.42339669178995687 0
outer loop
vertex -22.798919000000005 -22.249876000000004 7.9999920000000015
vertex -22.798919000000005 -22.249876000000004 10.100112000000003
vertex -22.909623000000003 -22.013002000000004 10.100112000000003
endloop
endfacet
facet normal -0.9059443919917602 -0.42339669178995687 0
outer loop
vertex -22.798919000000005 -22.249876000000004 7.9999920000000015
vertex -22.909623000000003 -22.013002000000004 10.100112000000003
vertex -22.909623000000003 -22.013002000000004 7.9999920000000015
endloop
endfacet
facet normal -0.8198891890562077 -0.5725222420734011 0
outer loop
vertex -22.649143000000006 -22.464365000000004 7.9999920000000015
vertex -22.649143000000006 -22.464365000000004 10.100112000000003
vertex -22.798919000000005 -22.249876000000004 10.100112000000003
endloop
endfacet
facet normal -0.8198891890562077 -0.5725222420734011 0
outer loop
vertex -22.649143000000006 -22.464365000000004 7.9999920000000015
vertex -22.798919000000005 -22.249876000000004 10.100112000000003
vertex -22.798919000000005 -22.249876000000004 7.9999920000000015
endloop
endfacet
facet normal -0.7071067811865475 -0.7071067811865475 0
outer loop
vertex -22.464365000000004 -22.649143000000006 7.9999920000000015
vertex -22.464365000000004 -22.649143000000006 10.100112000000003
vertex -22.649143000000006 -22.464365000000004 10.100112000000003
endloop
endfacet
facet normal -0.7071067811865475 -0.7071067811865475 0
outer loop
vertex -22.464365000000004 -22.649143000000006 7.9999920000000015
vertex -22.649143000000006 -22.464365000000004 10.100112000000003
vertex -22.649143000000006 -22.464365000000004 7.9999920000000015
endloop
endfacet
facet normal -0.5725222420734011 -0.8198891890562077 0
outer loop
vertex -22.249876000000004 -22.798919000000005 7.9999920000000015
vertex -22.249876000000004 -22.798919000000005 10.100112000000003
vertex -22.464365000000004 -22.649143000000006 10.100112000000003
endloop
endfacet
facet normal -0.5725222420734011 -0.8198891890562077 0
outer loop
vertex -22.249876000000004 -22.798919000000005 7.9999920000000015
vertex -22.464365000000004 -22.649143000000006 10.100112000000003
vertex -22.464365000000004 -22.649143000000006 7.9999920000000015
endloop
endfacet
facet normal -0.42339669178995687 -0.9059443919917602 0
outer loop
vertex -22.013002000000004 -22.909623000000003 7.9999920000000015
vertex -22.013002000000004 -22.909623000000003 10.100112000000003
vertex -22.249876000000004 -22.798919000000005 10.100112000000003
endloop
endfacet
facet normal -0.42339669178995687 -0.9059443919917602 0
outer loop
vertex -22.013002000000004 -22.909623000000003 7.9999920000000015
vertex -22.249876000000004 -22.798919000000005 10.100112000000003
vertex -22.249876000000004 -22.798919000000005 7.9999920000000015
endloop
endfacet
facet normal -0.2586322462611542 -0.9659758595295795 0
outer loop
vertex -21.760662000000004 -22.977185000000006 7.9999920000000015
vertex -21.760662000000004 -22.977185000000006 10.100112000000003
vertex -22.013002000000004 -22.909623000000003 10.100112000000003
endloop
endfacet
facet normal -0.2586322462611542 -0.9659758595295795 0
outer loop
vertex -21.760662000000004 -22.977185000000006 7.9999920000000015
vertex -22.013002000000004 -22.909623000000003 10.100112000000003
vertex -22.013002000000004 -22.909623000000003 7.9999920000000015
endloop
endfacet
facet normal -0.08716695028090701 -0.9961937174961132 0
outer loop
vertex -21.500182000000006 -22.999977000000005 7.9999920000000015
vertex -21.500182000000006 -22.999977000000005 10.100112000000003
vertex -21.760662000000004 -22.977185000000006 10.100112000000003
endloop
endfacet
facet normal -0.08716695028090701 -0.9961937174961132 0
outer loop
vertex -21.500182000000006 -22.999977000000005 7.9999920000000015
vertex -21.760662000000004 -22.977185000000006 10.100112000000003
vertex -21.760662000000004 -22.977185000000006 7.9999920000000015
endloop
endfacet
facet normal 0.08716695028090583 -0.9961937174961132 0
outer loop
vertex -21.239702000000005 -22.977185000000006 7.9999920000000015
vertex -21.239702000000005 -22.977185000000006 10.100112000000003
vertex -21.500182000000006 -22.999977000000005 10.100112000000003
endloop
endfacet
facet normal 0.08716695028090583 -0.9961937174961132 0
outer loop
vertex -21.239702000000005 -22.977185000000006 7.9999920000000015
vertex -21.500182000000006 -22.999977000000005 10.100112000000003
vertex -21.500182000000006 -22.999977000000005 7.9999920000000015
endloop
endfacet
facet normal 0.25824356486247757 -0.9660798420457387 0
outer loop
vertex -20.986955000000005 -22.909623000000003 7.9999920000000015
vertex -20.986955000000005 -22.909623000000003 10.100112000000003
vertex -21.239702000000005 -22.977185000000006 10.100112000000003
endloop
endfacet
facet normal 0.25824356486247757 -0.9660798420457387 0
outer loop
vertex -20.986955000000005 -22.909623000000003 7.9999920000000015
vertex -21.239702000000005 -22.977185000000006 10.100112000000003
vertex -21.239702000000005 -22.977185000000006 7.9999920000000015
endloop
endfacet
facet normal 0.42339669178995687 -0.9059443919917602 0
outer loop
vertex -20.750081000000005 -22.798919000000005 7.9999920000000015
vertex -20.750081000000005 -22.798919000000005 10.100112000000003
vertex -20.986955000000005 -22.909623000000003 10.100112000000003
endloop
endfacet
facet normal 0.42339669178995687 -0.9059443919917602 0
outer loop
vertex -20.750081000000005 -22.798919000000005 7.9999920000000015
vertex -20.986955000000005 -22.909623000000003 10.100112000000003
vertex -20.986955000000005 -22.909623000000003 7.9999920000000015
endloop
endfacet
facet normal 0.5732532312758108 -0.8193782599214123 0
outer loop
vertex -20.535999000000004 -22.649143000000006 7.9999920000000015
vertex -20.535999000000004 -22.649143000000006 10.100112000000003
vertex -20.750081000000005 -22.798919000000005 10.100112000000003
endloop
endfacet
facet normal 0.5732532312758108 -0.8193782599214123 0
outer loop
vertex -20.535999000000004 -22.649143000000006 7.9999920000000015
vertex -20.750081000000005 -22.798919000000005 10.100112000000003
vertex -20.750081000000005 -22.798919000000005 7.9999920000000015
endloop
endfacet
facet normal 0.8198891890562077 -0.5725222420734011 0
outer loop
vertex -20.201038000000004 -22.249876000000004 7.9999920000000015
vertex -20.201038000000004 -22.249876000000004 10.100112000000003
vertex -20.350814000000003 -22.464365000000004 10.100112000000003
endloop
endfacet
facet normal 0.8198891890562077 -0.5725222420734011 0
outer loop
vertex -20.201038000000004 -22.249876000000004 7.9999920000000015
vertex -20.350814000000003 -22.464365000000004 10.100112000000003
vertex -20.350814000000003 -22.464365000000004 7.9999920000000015
endloop
endfacet
facet normal 0.9059443919917602 -0.42339669178995687 0
outer loop
vertex -20.090334000000006 -22.013002000000004 7.9999920000000015
vertex -20.090334000000006 -22.013002000000004 10.100112000000003
vertex -20.201038000000004 -22.249876000000004 10.100112000000003
endloop
endfacet
facet normal 0.9059443919917602 -0.42339669178995687 0
outer loop
vertex -20.090334000000006 -22.013002000000004 7.9999920000000015
vertex -20.201038000000004 -22.249876000000004 10.100112000000003
vertex -20.201038000000004 -22.249876000000004 7.9999920000000015
endloop
endfacet
facet normal 0.9659758595295795 -0.2586322462611542 0
outer loop
vertex -20.022772000000003 -21.760662000000004 7.9999920000000015
vertex -20.022772000000003 -21.760662000000004 10.100112000000003
vertex -20.090334000000006 -22.013002000000004 10.100112000000003
endloop
endfacet
facet normal 0.9659758595295795 -0.2586322462611542 0
outer loop
vertex -20.022772000000003 -21.760662000000004 7.9999920000000015
vertex -20.090334000000006 -22.013002000000004 10.100112000000003
vertex -20.090334000000006 -22.013002000000004 7.9999920000000015
endloop
endfacet
facet normal 0.9961937174961132 -0.08716695028090701 0
outer loop
vertex -19.999980000000004 -21.500182000000006 7.9999920000000015
vertex -19.999980000000004 -21.500182000000006 10.100112000000003
vertex -20.022772000000003 -21.760662000000004 10.100112000000003
endloop
endfacet
facet normal 0.9961937174961132 -0.08716695028090701 0
outer loop
vertex -19.999980000000004 -21.500182000000006 7.9999920000000015
vertex -20.022772000000003 -21.760662000000004 10.100112000000003
vertex -20.022772000000003 -21.760662000000004 7.9999920000000015
endloop
endfacet
facet normal 0.9961937174961132 0.08716695028090701 0
outer loop
vertex -20.022772000000003 21.760662000000004 7.9999920000000015
vertex -20.022772000000003 21.760662000000004 10.100112000000003
vertex -19.999980000000004 21.500182000000006 10.100112000000003
endloop
endfacet
facet normal 0.9961937174961132 0.08716695028090701 0
outer loop
vertex -20.022772000000003 21.760662000000004 7.9999920000000015
vertex -19.999980000000004 21.500182000000006 10.100112000000003
vertex -19.999980000000004 21.500182000000006 7.9999920000000015
endloop
endfacet
facet normal 0.9659758595295795 0.2586322462611542 0
outer loop
vertex -20.090334000000006 22.013002000000004 7.9999920000000015
vertex -20.090334000000006 22.013002000000004 10.100112000000003
vertex -20.022772000000003 21.760662000000004 10.100112000000003
endloop
endfacet
facet normal 0.9659758595295795 0.2586322462611542 0
outer loop
vertex -20.090334000000006 22.013002000000004 7.9999920000000015
vertex -20.022772000000003 21.760662000000004 10.100112000000003
vertex -20.022772000000003 21.760662000000004 7.9999920000000015
endloop
endfacet
facet normal 0.9059443919917602 0.42339669178995687 0
outer loop
vertex -20.201038000000004 22.249876000000004 7.9999920000000015
vertex -20.201038000000004 22.249876000000004 10.100112000000003
vertex -20.090334000000006 22.013002000000004 10.100112000000003
endloop
endfacet
facet normal 0.9059443919917602 0.42339669178995687 0
outer loop
vertex -20.201038000000004 22.249876000000004 7.9999920000000015
vertex -20.090334000000006 22.013002000000004 10.100112000000003
vertex -20.090334000000006 22.013002000000004 7.9999920000000015
endloop
endfacet
facet normal 0.8198891890562077 0.5725222420734011 0
outer loop
vertex -20.350814000000003 22.464365000000004 7.9999920000000015
vertex -20.350814000000003 22.464365000000004 10.100112000000003
vertex -20.201038000000004 22.249876000000004 10.100112000000003
endloop
endfacet
facet normal 0.8198891890562077 0.5725222420734011 0
outer loop
vertex -20.350814000000003 22.464365000000004 7.9999920000000015
vertex -20.201038000000004 22.249876000000004 10.100112000000003
vertex -20.201038000000004 22.249876000000004 7.9999920000000015
endloop
endfacet
facet normal 0.5732532312758108 0.8193782599214123 0
outer loop
vertex -20.750081000000005 22.798919000000005 7.9999920000000015
vertex -20.750081000000005 22.798919000000005 10.100112000000003
vertex -20.535999000000004 22.649143000000006 10.100112000000003
endloop
endfacet
facet normal 0.5732532312758108 0.8193782599214123 0
outer loop
vertex -20.750081000000005 22.798919000000005 7.9999920000000015
vertex -20.535999000000004 22.649143000000006 10.100112000000003
vertex -20.535999000000004 22.649143000000006 7.9999920000000015
endloop
endfacet
facet normal 0.42339669178995687 0.9059443919917602 0
outer loop
vertex -20.986955000000005 22.909623000000003 7.9999920000000015
vertex -20.986955000000005 22.909623000000003 10.100112000000003
vertex -20.750081000000005 22.798919000000005 10.100112000000003
endloop
endfacet
facet normal 0.42339669178995687 0.9059443919917602 0
outer loop
vertex -20.986955000000005 22.909623000000003 7.9999920000000015
vertex -20.750081000000005 22.798919000000005 10.100112000000003
vertex -20.750081000000005 22.798919000000005 7.9999920000000015
endloop
endfacet
facet normal 0.25824356486247757 0.9660798420457387 0
outer loop
vertex -21.239702000000005 22.977185000000006 7.9999920000000015
vertex -21.239702000000005 22.977185000000006 10.100112000000003
vertex -20.986955000000005 22.909623000000003 10.100112000000003
endloop
endfacet
facet normal 0.25824356486247757 0.9660798420457387 0
outer loop
vertex -21.239702000000005 22.977185000000006 7.9999920000000015
vertex -20.986955000000005 22.909623000000003 10.100112000000003
vertex -20.986955000000005 22.909623000000003 7.9999920000000015
endloop
endfacet
facet normal 0.08716695028090583 0.9961937174961132 0
outer loop
vertex -21.500182000000006 22.999977000000005 7.9999920000000015
vertex -21.500182000000006 22.999977000000005 10.100112000000003
vertex -21.239702000000005 22.977185000000006 10.100112000000003
endloop
endfacet
facet normal 0.08716695028090583 0.9961937174961132 0
outer loop
vertex -21.500182000000006 22.999977000000005 7.9999920000000015
vertex -21.239702000000005 22.977185000000006 10.100112000000003
vertex -21.239702000000005 22.977185000000006 7.9999920000000015
endloop
endfacet
facet normal -0.08716695028090701 0.9961937174961132 0
outer loop
vertex -21.760662000000004 22.977185000000006 7.9999920000000015
vertex -21.760662000000004 22.977185000000006 10.100112000000003
vertex -21.500182000000006 22.999977000000005 10.100112000000003
endloop
endfacet
facet normal -0.08716695028090701 0.9961937174961132 0
outer loop
vertex -21.760662000000004 22.977185000000006 7.9999920000000015
vertex -21.500182000000006 22.999977000000005 10.100112000000003
vertex -21.500182000000006 22.999977000000005 7.9999920000000015
endloop
endfacet
facet normal -0.2586322462611542 0.9659758595295795 0
outer loop
vertex -22.013002000000004 22.909623000000003 7.9999920000000015
vertex -22.013002000000004 22.909623000000003 10.100112000000003
vertex -21.760662000000004 22.977185000000006 10.100112000000003
endloop
endfacet
facet normal -0.2586322462611542 0.9659758595295795 0
outer loop
vertex -22.013002000000004 22.909623000000003 7.9999920000000015
vertex -21.760662000000004 22.977185000000006 10.100112000000003
vertex -21.760662000000004 22.977185000000006 7.9999920000000015
endloop
endfacet
facet normal -0.42339669178995687 0.9059443919917602 0
outer loop
vertex -22.249876000000004 22.798919000000005 7.9999920000000015
vertex -22.249876000000004 22.798919000000005 10.100112000000003
vertex -22.013002000000004 22.909623000000003 10.100112000000003
endloop
endfacet
facet normal -0.42339669178995687 0.9059443919917602 0
outer loop
vertex -22.249876000000004 22.798919000000005 7.9999920000000015
vertex -22.013002000000004 22.909623000000003 10.100112000000003
vertex -22.013002000000004 22.909623000000003 7.9999920000000015
endloop
endfacet
facet normal -0.5725222420734011 0.8198891890562077 0
outer loop
vertex -22.464365000000004 22.649143000000006 7.9999920000000015
vertex -22.464365000000004 22.649143000000006 10.100112000000003
vertex -22.249876000000004 22.798919000000005 10.100112000000003
endloop
endfacet
facet normal -0.5725222420734011 0.8198891890562077 0
outer loop
vertex -22.464365000000004 22.649143000000006 7.9999920000000015
vertex -22.249876000000004 22.798919000000005 10.100112000000003
vertex -22.249876000000004 22.798919000000005 7.9999920000000015
endloop
endfacet
facet normal -0.7071067811865475 0.7071067811865475 0
outer loop
vertex -22.649143000000006 22.464365000000004 7.9999920000000015
vertex -22.649143000000006 22.464365000000004 10.100112000000003
vertex -22.464365000000004 22.649143000000006 10.100112000000003
endloop
endfacet
facet normal -0.7071067811865475 0.7071067811865475 0
outer loop
vertex -22.649143000000006 22.464365000000004 7.9999920000000015
vertex -22.464365000000004 22.649143000000006 10.100112000000003
vertex -22.464365000000004 22.649143000000006 7.9999920000000015
endloop
endfacet
facet normal -0.8198891890562077 0.5725222420734011 0
outer loop
vertex -22.798919000000005 22.249876000000004 7.9999920000000015
vertex -22.798919000000005 22.249876000000004 10.100112000000003
vertex -22.649143000000006 22.464365000000004 10.100112000000003
endloop
endfacet
facet normal -0.8198891890562077 0.5725222420734011 0
outer loop
vertex -22.798919000000005 22.249876000000004 7.9999920000000015
vertex -22.649143000000006 22.464365000000004 10.100112000000003
vertex -22.649143000000006 22.464365000000004 7.9999920000000015
endloop
endfacet
facet normal -0.9059443919917602 0.42339669178995687 0
outer loop
vertex -22.909623000000003 22.013002000000004 7.9999920000000015
vertex -22.909623000000003 22.013002000000004 10.100112000000003
vertex -22.798919000000005 22.249876000000004 10.100112000000003
endloop
endfacet
facet normal -0.9059443919917602 0.42339669178995687 0
outer loop
vertex -22.909623000000003 22.013002000000004 7.9999920000000015
vertex -22.798919000000005 22.249876000000004 10.100112000000003
vertex -22.798919000000005 22.249876000000004 7.9999920000000015
endloop
endfacet
facet normal -0.9659758595295795 0.2586322462611542 0
outer loop
vertex -22.977185000000006 21.760662000000004 7.9999920000000015
vertex -22.977185000000006 21.760662000000004 10.100112000000003
vertex -22.909623000000003 22.013002000000004 10.100112000000003
endloop
endfacet
facet normal -0.9659758595295795 0.2586322462611542 0
outer loop
vertex -22.977185000000006 21.760662000000004 7.9999920000000015
vertex -22.909623000000003 22.013002000000004 10.100112000000003
vertex -22.909623000000003 22.013002000000004 7.9999920000000015
endloop
endfacet
facet normal -0.9961937174961132 0.08716695028090701 0
outer loop
vertex -22.999977000000005 21.500182000000006 7.9999920000000015
vertex -22.999977000000005 21.500182000000006 10.100112000000003
vertex -22.977185000000006 21.760662000000004 10.100112000000003
endloop
endfacet
facet normal -0.9961937174961132 0.08716695028090701 0
outer loop
vertex -22.999977000000005 21.500182000000006 7.9999920000000015
vertex -22.977185000000006 21.760662000000004 10.100112000000003
vertex -22.977185000000006 21.760662000000004 7.9999920000000015
endloop
endfacet
facet normal -0.9961937174961132 -0.08716695028090583 0
outer loop
vertex -22.977185000000006 21.239702000000005 7.9999920000000015
vertex -22.977185000000006 21.239702000000005 10.100112000000003
vertex -22.999977000000005 21.500182000000006 10.100112000000003
endloop
endfacet
facet normal -0.9961937174961132 -0.08716695028090583 0
outer loop
vertex -22.977185000000006 21.239702000000005 7.9999920000000015
vertex -22.999977000000005 21.500182000000006 10.100112000000003
vertex -22.999977000000005 21.500182000000006 7.9999920000000015
endloop
endfacet
facet normal -0.9660798420457387 -0.25824356486247757 0
outer loop
vertex -22.909623000000003 20.986955000000005 7.9999920000000015
vertex -22.909623000000003 20.986955000000005 10.100112000000003
vertex -22.977185000000006 21.239702000000005 10.100112000000003
endloop
endfacet
facet normal -0.9660798420457387 -0.25824356486247757 0
outer loop
vertex -22.909623000000003 20.986955000000005 7.9999920000000015
vertex -22.977185000000006 21.239702000000005 10.100112000000003
vertex -22.977185000000006 21.239702000000005 7.9999920000000015
endloop
endfacet
facet normal -0.9059443919917602 -0.42339669178995687 0
outer loop
vertex -22.798919000000005 20.750081000000005 7.9999920000000015
vertex -22.798919000000005 20.750081000000005 10.100112000000003
vertex -22.909623000000003 20.986955000000005 10.100112000000003
endloop
endfacet
facet normal -0.9059443919917602 -0.42339669178995687 0
outer loop
vertex -22.798919000000005 20.750081000000005 7.9999920000000015
vertex -22.909623000000003 20.986955000000005 10.100112000000003
vertex -22.909623000000003 20.986955000000005 7.9999920000000015
endloop
endfacet
facet normal -0.8193782599214123 -0.5732532312758108 0
outer loop
vertex -22.649143000000006 20.535999000000004 7.9999920000000015
vertex -22.649143000000006 20.535999000000004 10.100112000000003
vertex -22.798919000000005 20.750081000000005 10.100112000000003
endloop
endfacet
facet normal -0.8193782599214123 -0.5732532312758108 0
outer loop
vertex -22.649143000000006 20.535999000000004 7.9999920000000015
vertex -22.798919000000005 20.750081000000005 10.100112000000003
vertex -22.798919000000005 20.750081000000005 7.9999920000000015
endloop
endfacet
facet normal -0.5725222420734011 -0.8198891890562077 0
outer loop
vertex -22.249876000000004 20.201038000000004 7.9999920000000015
vertex -22.249876000000004 20.201038000000004 10.100112000000003
vertex -22.464365000000004 20.350814000000003 10.100112000000003
endloop
endfacet
facet normal -0.5725222420734011 -0.8198891890562077 0
outer loop
vertex -22.249876000000004 20.201038000000004 7.9999920000000015
vertex -22.464365000000004 20.350814000000003 10.100112000000003
vertex -22.464365000000004 20.350814000000003 7.9999920000000015
endloop
endfacet
facet normal -0.42339669178995687 -0.9059443919917602 0
outer loop
vertex -22.013002000000004 20.090334000000006 7.9999920000000015
vertex -22.013002000000004 20.090334000000006 10.100112000000003
vertex -22.249876000000004 20.201038000000004 10.100112000000003
endloop
endfacet
facet normal -0.42339669178995687 -0.9059443919917602 0
outer loop
vertex -22.013002000000004 20.090334000000006 7.9999920000000015
vertex -22.249876000000004 20.201038000000004 10.100112000000003
vertex -22.249876000000004 20.201038000000004 7.9999920000000015
endloop
endfacet
facet normal -0.2586322462611542 -0.9659758595295795 0
outer loop
vertex -21.760662000000004 20.022772000000003 7.9999920000000015
vertex -21.760662000000004 20.022772000000003 10.100112000000003
vertex -22.013002000000004 20.090334000000006 10.100112000000003
endloop
endfacet
facet normal -0.2586322462611542 -0.9659758595295795 0
outer loop
vertex -21.760662000000004 20.022772000000003 7.9999920000000015
vertex -22.013002000000004 20.090334000000006 10.100112000000003
vertex -22.013002000000004 20.090334000000006 7.9999920000000015
endloop
endfacet
facet normal -0.08716695028090701 -0.9961937174961132 0
outer loop
vertex -21.500182000000006 19.999980000000004 7.9999920000000015
vertex -21.500182000000006 19.999980000000004 10.100112000000003
vertex -21.760662000000004 20.022772000000003 10.100112000000003
endloop
endfacet
facet normal -0.08716695028090701 -0.9961937174961132 0
outer loop
vertex -21.500182000000006 19.999980000000004 7.9999920000000015
vertex -21.760662000000004 20.022772000000003 10.100112000000003
vertex -21.760662000000004 20.022772000000003 7.9999920000000015
endloop
endfacet
facet normal 0.08716695028090583 -0.9961937174961132 0
outer loop
vertex -21.239702000000005 20.022772000000003 7.9999920000000015
vertex -21.239702000000005 20.022772000000003 10.100112000000003
vertex -21.500182000000006 19.999980000000004 10.100112000000003
endloop
endfacet
facet normal 0.08716695028090583 -0.9961937174961132 0
outer loop
vertex -21.239702000000005 20.022772000000003 7.9999920000000015
vertex -21.500182000000006 19.999980000000004 10.100112000000003
vertex -21.500182000000006 19.999980000000004 7.9999920000000015
endloop
endfacet
facet normal 0.25824356486247757 -0.9660798420457387 0
outer loop
vertex -20.986955000000005 20.090334000000006 7.9999920000000015
vertex -20.986955000000005 20.090334000000006 10.100112000000003
vertex -21.239702000000005 20.022772000000003 10.100112000000003
endloop
endfacet
facet normal 0.25824356486247757 -0.9660798420457387 0
outer loop
vertex -20.986955000000005 20.090334000000006 7.9999920000000015
vertex -21.239702000000005 20.022772000000003 10.100112000000003
vertex -21.239702000000005 20.022772000000003 7.9999920000000015
endloop
endfacet
facet normal 0.42339669178995687 -0.9059443919917602 0
outer loop
vertex -20.750081000000005 20.201038000000004 7.9999920000000015
vertex -20.750081000000005 20.201038000000004 10.100112000000003
vertex -20.986955000000005 20.090334000000006 10.100112000000003
endloop
endfacet
facet normal 0.42339669178995687 -0.9059443919917602 0
outer loop
vertex -20.750081000000005 20.201038000000004 7.9999920000000015
vertex -20.986955000000005 20.090334000000006 10.100112000000003
vertex -20.986955000000005 20.090334000000006 7.9999920000000015
endloop
endfacet
facet normal 0.5732532312758108 -0.8193782599214123 0
outer loop
vertex -20.535999000000004 20.350814000000003 7.9999920000000015
vertex -20.535999000000004 20.350814000000003 10.100112000000003
vertex -20.750081000000005 20.201038000000004 10.100112000000003
endloop
endfacet
facet normal 0.5732532312758108 -0.8193782599214123 0
outer loop
vertex -20.535999000000004 20.350814000000003 7.9999920000000015
vertex -20.750081000000005 20.201038000000004 10.100112000000003
vertex -20.750081000000005 20.201038000000004 7.9999920000000015
endloop
endfacet
facet normal 0.7071067811865476 -0.7071067811865476 0
outer loop
vertex -20.350814000000003 20.535999000000004 7.9999920000000015
vertex -20.350814000000003 20.535999000000004 10.100112000000003
vertex -20.535999000000004 20.350814000000003 10.100112000000003
endloop
endfacet
facet normal 0.7071067811865476 -0.7071067811865476 0
outer loop
vertex -20.350814000000003 20.535999000000004 7.9999920000000015
vertex -20.535999000000004 20.350814000000003 10.100112000000003
vertex -20.535999000000004 20.350814000000003 7.9999920000000015
endloop
endfacet
facet normal 0.8193782599214123 -0.5732532312758108 0
outer loop
vertex -20.201038000000004 20.750081000000005 7.9999920000000015
vertex -20.201038000000004 20.750081000000005 10.100112000000003
vertex -20.350814000000003 20.535999000000004 10.100112000000003
endloop
endfacet
facet normal 0.8193782599214123 -0.5732532312758108 0
outer loop
vertex -20.201038000000004 20.750081000000005 7.9999920000000015
vertex -20.350814000000003 20.535999000000004 10.100112000000003
vertex -20.350814000000003 20.535999000000004 7.9999920000000015
endloop
endfacet
facet normal 0.9059443919917602 -0.42339669178995687 0
outer loop
vertex -20.090334000000006 20.986955000000005 7.9999920000000015
vertex -20.090334000000006 20.986955000000005 10.100112000000003
vertex -20.201038000000004 20.750081000000005 10.100112000000003
endloop
endfacet
facet normal 0.9059443919917602 -0.42339669178995687 0
outer loop
vertex -20.090334000000006 20.986955000000005 7.9999920000000015
vertex -20.201038000000004 20.750081000000005 10.100112000000003
vertex -20.201038000000004 20.750081000000005 7.9999920000000015
endloop
endfacet
facet normal 0.9660798420457387 -0.25824356486247757 0
outer loop
vertex -20.022772000000003 21.239702000000005 7.9999920000000015
vertex -20.022772000000003 21.239702000000005 10.100112000000003
vertex -20.090334000000006 20.986955000000005 10.100112000000003
endloop
endfacet
facet normal 0.9660798420457387 -0.25824356486247757 0
outer loop
vertex -20.022772000000003 21.239702000000005 7.9999920000000015
vertex -20.090334000000006 20.986955000000005 10.100112000000003
vertex -20.090334000000006 20.986955000000005 7.9999920000000015
endloop
endfacet
facet normal 0.9961937174961132 -0.08716695028090583 0
outer loop
vertex -19.999980000000004 21.500182000000006 7.9999920000000015
vertex -19.999980000000004 21.500182000000006 10.100112000000003
vertex -20.022772000000003 21.239702000000005 10.100112000000003
endloop
endfacet
facet normal 0.9961937174961132 -0.08716695028090583 0
outer loop
vertex -19.999980000000004 21.500182000000006 7.9999920000000015
vertex -20.022772000000003 21.239702000000005 10.100112000000003
vertex -20.022772000000003 21.239702000000005 7.9999920000000015
endloop
endfacet
facet normal -0.9978696268121121 -0.06523961898920129 0
outer loop
vertex 2.0822120000000006 -15.726073000000003 7.9999920000000015
vertex 2.0822120000000006 -15.726073000000003 0
vertex 2.1001200000000004 -15.999984000000003 0
endloop
endfacet
facet normal -0.9978696268121121 -0.06523961898920129 0
outer loop
vertex 2.0822120000000006 -15.726073000000003 7.9999920000000015
vertex 2.1001200000000004 -15.999984000000003 0
vertex 2.1001200000000004 -15.999984000000003 7.9999920000000015
endloop
endfacet
facet normal -0.9806944648920898 -0.1955463283470641 0
outer loop
vertex 2.0284880000000003 -15.456639000000003 7.9999920000000015
vertex 2.0284880000000003 -15.456639000000003 0
vertex 2.0822120000000006 -15.726073000000003 0
endloop
endfacet
facet normal -0.9806944648920898 -0.1955463283470641 0
outer loop
vertex 2.0284880000000003 -15.456639000000003 7.9999920000000015
vertex 2.0822120000000006 -15.726073000000003 0
vertex 2.0822120000000006 -15.726073000000003 7.9999920000000015
endloop
endfacet
facet normal -0.9468901019413376 -0.3215573585622373 0
outer loop
vertex 1.9401690000000005 -15.196566000000002 7.9999920000000015
vertex 1.9401690000000005 -15.196566000000002 0
vertex 2.0284880000000003 -15.456639000000003 0
endloop
endfacet
facet normal -0.9468901019413376 -0.3215573585622373 0
outer loop
vertex 1.9401690000000005 -15.196566000000002 7.9999920000000015
vertex 2.0284880000000003 -15.456639000000003 0
vertex 2.0284880000000003 -15.456639000000003 7.9999920000000015
endloop
endfacet
facet normal -0.8967823973629565 -0.4424718429233078 0
outer loop
vertex 1.8184760000000004 -14.949924000000003 7.9999920000000015
vertex 1.8184760000000004 -14.949924000000003 0
vertex 1.9401690000000005 -15.196566000000002 0
endloop
endfacet
facet normal -0.8967823973629565 -0.4424718429233078 0
outer loop
vertex 1.8184760000000004 -14.949924000000003 7.9999920000000015
vertex 1.9401690000000005 -15.196566000000002 0
vertex 1.9401690000000005 -15.196566000000002 7.9999920000000015
endloop
endfacet
facet normal -0.8313656916843988 -0.5557257297355602 0
outer loop
vertex 1.6658510000000004 -14.721597000000003 7.9999920000000015
vertex 1.6658510000000004 -14.721597000000003 0
vertex 1.8184760000000004 -14.949924000000003 0
endloop
endfacet
facet normal -0.8313656916843988 -0.5557257297355602 0
outer loop
vertex 1.6658510000000004 -14.721597000000003 7.9999920000000015
vertex 1.8184760000000004 -14.949924000000003 0
vertex 1.8184760000000004 -14.949924000000003 7.9999920000000015
endloop
endfacet
facet normal -0.7515656932480038 -0.6596582514701437 0
outer loop
vertex 1.4847360000000003 -14.515248000000003 7.9999920000000015
vertex 1.4847360000000003 -14.515248000000003 0
vertex 1.6658510000000004 -14.721597000000003 0
endloop
endfacet
facet normal -0.7515656932480038 -0.6596582514701437 0
outer loop
vertex 1.4847360000000003 -14.515248000000003 7.9999920000000015
vertex 1.6658510000000004 -14.721597000000003 0
vertex 1.6658510000000004 -14.721597000000003 7.9999920000000015
endloop
endfacet
facet normal -0.6596582514701425 -0.7515656932480049 0
outer loop
vertex 1.2783870000000002 -14.334133000000003 7.9999920000000015
vertex 1.2783870000000002 -14.334133000000003 0
vertex 1.4847360000000003 -14.515248000000003 0
endloop
endfacet
facet normal -0.6596582514701425 -0.7515656932480049 0
outer loop
vertex 1.2783870000000002 -14.334133000000003 7.9999920000000015
vertex 1.4847360000000003 -14.515248000000003 0
vertex 1.4847360000000003 -14.515248000000003 7.9999920000000015
endloop
endfacet
facet normal -0.5557257297355618 -0.8313656916843978 0
outer loop
vertex 1.0500600000000002 -14.181508000000003 7.9999920000000015
vertex 1.0500600000000002 -14.181508000000003 0
vertex 1.2783870000000002 -14.334133000000003 0
endloop
endfacet
facet normal -0.5557257297355618 -0.8313656916843978 0
outer loop
vertex 1.0500600000000002 -14.181508000000003 7.9999920000000015
vertex 1.2783870000000002 -14.334133000000003 0
vertex 1.2783870000000002 -14.334133000000003 7.9999920000000015
endloop
endfacet
facet normal -0.44305972950946115 -0.8964920948268329 0
outer loop
vertex 0.8038250000000001 -14.059815000000002 7.9999920000000015
vertex 0.8038250000000001 -14.059815000000002 0
vertex 1.0500600000000002 -14.181508000000003 0
endloop
endfacet
facet normal -0.44305972950946115 -0.8964920948268329 0
outer loop
vertex 0.8038250000000001 -14.059815000000002 7.9999920000000015
vertex 1.0500600000000002 -14.181508000000003 0
vertex 1.0500600000000002 -14.181508000000003 7.9999920000000015
endloop
endfacet
facet normal -0.3211067672224039 -0.9470430001029398 0
outer loop
vertex 0.5433450000000001 -13.971496000000002 7.9999920000000015
vertex 0.5433450000000001 -13.971496000000002 0
vertex 0.8038250000000001 -14.059815000000002 0
endloop
endfacet
facet normal -0.3211067672224039 -0.9470430001029398 0
outer loop
vertex 0.5433450000000001 -13.971496000000002 7.9999920000000015
vertex 0.8038250000000001 -14.059815000000002 0
vertex 0.8038250000000001 -14.059815000000002 7.9999920000000015
endloop
endfacet
facet normal -0.1955463283470597 -0.9806944648920906 0
outer loop
vertex 0.27391100000000007 -13.917772000000003 7.9999920000000015
vertex 0.27391100000000007 -13.917772000000003 0
vertex 0.5433450000000001 -13.971496000000002 0
endloop
endfacet
facet normal -0.1955463283470597 -0.9806944648920906 0
outer loop
vertex 0.27391100000000007 -13.917772000000003 7.9999920000000015
vertex 0.5433450000000001 -13.971496000000002 0
vertex 0.5433450000000001 -13.971496000000002 7.9999920000000015
endloop
endfacet
facet normal -0.0652396189892029 -0.9978696268121121 0
outer loop
vertex 0 -13.899864000000003 7.9999920000000015
vertex 0 -13.899864000000003 0
vertex 0.27391100000000007 -13.917772000000003 0
endloop
endfacet
facet normal -0.0652396189892029 -0.9978696268121121 0
outer loop
vertex 0 -13.899864000000003 7.9999920000000015
vertex 0.27391100000000007 -13.917772000000003 0
vertex 0.27391100000000007 -13.917772000000003 7.9999920000000015
endloop
endfacet
facet normal 0.0652396189892029 -0.9978696268121121 0
outer loop
vertex -0.27391100000000007 -13.917772000000003 7.9999920000000015
vertex -0.27391100000000007 -13.917772000000003 0
vertex 0 -13.899864000000003 0
endloop
endfacet
facet normal 0.0652396189892029 -0.9978696268121121 0
outer loop
vertex -0.27391100000000007 -13.917772000000003 7.9999920000000015
vertex 0 -13.899864000000003 0
vertex 0 -13.899864000000003 7.9999920000000015
endloop
endfacet
facet normal 0.1955463283470597 -0.9806944648920906 0
outer loop
vertex -0.5433450000000001 -13.971496000000002 7.9999920000000015
vertex -0.5433450000000001 -13.971496000000002 0
vertex -0.27391100000000007 -13.917772000000003 0
endloop
endfacet
facet normal 0.1955463283470597 -0.9806944648920906 0
outer loop
vertex -0.5433450000000001 -13.971496000000002 7.9999920000000015
vertex -0.27391100000000007 -13.917772000000003 0
vertex -0.27391100000000007 -13.917772000000003 7.9999920000000015
endloop
endfacet
facet normal 0.3211067672224039 -0.9470430001029398 0
outer loop
vertex -0.8038250000000001 -14.059815000000002 7.9999920000000015
vertex -0.8038250000000001 -14.059815000000002 0
vertex -0.5433450000000001 -13.971496000000002 0
endloop
endfacet
facet normal 0.3211067672224039 -0.9470430001029398 0
outer loop
vertex -0.8038250000000001 -14.059815000000002 7.9999920000000015
vertex -0.5433450000000001 -13.971496000000002 0
vertex -0.5433450000000001 -13.971496000000002 7.9999920000000015
endloop
endfacet
facet normal 0.44305972950946115 -0.8964920948268329 0
outer loop
vertex -1.0500600000000002 -14.181508000000003 7.9999920000000015
vertex -1.0500600000000002 -14.181508000000003 0
vertex -0.8038250000000001 -14.059815000000002 0
endloop
endfacet
facet normal 0.44305972950946115 -0.8964920948268329 0
outer loop
vertex -1.0500600000000002 -14.181508000000003 7.9999920000000015
vertex -0.8038250000000001 -14.059815000000002 0
vertex -0.8038250000000001 -14.059815000000002 7.9999920000000015
endloop
endfacet
facet normal 0.5557257297355618 -0.8313656916843978 0
outer loop
vertex -1.2783870000000002 -14.334133000000003 7.9999920000000015
vertex -1.2783870000000002 -14.334133000000003 0
vertex -1.0500600000000002 -14.181508000000003 0
endloop
endfacet
facet normal 0.5557257297355618 -0.8313656916843978 0
outer loop
vertex -1.2783870000000002 -14.334133000000003 7.9999920000000015
vertex -1.0500600000000002 -14.181508000000003 0
vertex -1.0500600000000002 -14.181508000000003 7.9999920000000015
endloop
endfacet
facet normal 0.6596582514701425 -0.7515656932480049 0
outer loop
vertex -1.4847360000000003 -14.515248000000003 7.9999920000000015
vertex -1.4847360000000003 -14.515248000000003 0
vertex -1.2783870000000002 -14.334133000000003 0
endloop
endfacet
facet normal 0.6596582514701425 -0.7515656932480049 0
outer loop
vertex -1.4847360000000003 -14.515248000000003 7.9999920000000015
vertex -1.2783870000000002 -14.334133000000003 0
vertex -1.2783870000000002 -14.334133000000003 7.9999920000000015
endloop
endfacet
facet normal 0.7515656932480038 -0.6596582514701437 0
outer loop
vertex -1.6658510000000004 -14.721597000000003 7.9999920000000015
vertex -1.6658510000000004 -14.721597000000003 0
vertex -1.4847360000000003 -14.515248000000003 0
endloop
endfacet
facet normal 0.7515656932480038 -0.6596582514701437 0
outer loop
vertex -1.6658510000000004 -14.721597000000003 7.9999920000000015
vertex -1.4847360000000003 -14.515248000000003 0
vertex -1.4847360000000003 -14.515248000000003 7.9999920000000015
endloop
endfacet
facet normal 0.8313656916843988 -0.5557257297355602 0
outer loop
vertex -1.8184760000000004 -14.949924000000003 7.9999920000000015
vertex -1.8184760000000004 -14.949924000000003 0
vertex -1.6658510000000004 -14.721597000000003 0
endloop
endfacet
facet normal 0.8313656916843988 -0.5557257297355602 0
outer loop
vertex -1.8184760000000004 -14.949924000000003 7.9999920000000015
vertex -1.6658510000000004 -14.721597000000003 0
vertex -1.6658510000000004 -14.721597000000003 7.9999920000000015
endloop
endfacet
facet normal 0.8967823973629565 -0.4424718429233078 0
outer loop
vertex -1.9401690000000005 -15.196566000000002 7.9999920000000015
vertex -1.9401690000000005 -15.196566000000002 0
vertex -1.8184760000000004 -14.949924000000003 0
endloop
endfacet
facet normal 0.8967823973629565 -0.4424718429233078 0
outer loop
vertex -1.9401690000000005 -15.196566000000002 7.9999920000000015
vertex -1.8184760000000004 -14.949924000000003 0
vertex -1.8184760000000004 -14.949924000000003 7.9999920000000015
endloop
endfacet
facet normal 0.9468901019413376 -0.3215573585622373 0
outer loop
vertex -2.0284880000000003 -15.456639000000003 7.9999920000000015
vertex -2.0284880000000003 -15.456639000000003 0
vertex -1.9401690000000005 -15.196566000000002 0
endloop
endfacet
facet normal 0.9468901019413376 -0.3215573585622373 0
outer loop
vertex -2.0284880000000003 -15.456639000000003 7.9999920000000015
vertex -1.9401690000000005 -15.196566000000002 0
vertex -1.9401690000000005 -15.196566000000002 7.9999920000000015
endloop
endfacet
facet normal 0.9806944648920898 -0.1955463283470641 0
outer loop
vertex -2.0822120000000006 -15.726073000000003 7.9999920000000015
vertex -2.0822120000000006 -15.726073000000003 0
vertex -2.0284880000000003 -15.456639000000003 0
endloop
endfacet
facet normal 0.9806944648920898 -0.1955463283470641 0
outer loop
vertex -2.0822120000000006 -15.726073000000003 7.9999920000000015
vertex -2.0284880000000003 -15.456639000000003 0
vertex -2.0284880000000003 -15.456639000000003 7.9999920000000015
endloop
endfacet
facet normal 0.9978696268121121 -0.06523961898920129 0
outer loop
vertex -2.1001200000000004 -15.999984000000003 7.9999920000000015
vertex -2.1001200000000004 -15.999984000000003 0
vertex -2.0822120000000006 -15.726073000000003 0
endloop
endfacet
facet normal 0.9978696268121121 -0.06523961898920129 0
outer loop
vertex -2.1001200000000004 -15.999984000000003 7.9999920000000015
vertex -2.0822120000000006 -15.726073000000003 0
vertex -2.0822120000000006 -15.726073000000003 7.9999920000000015
endloop
endfacet
facet normal 0.9978759235925985 0.06514323536806232 0
outer loop
vertex -2.0822120000000006 -16.274302000000002 7.9999920000000015
vertex -2.0822120000000006 -16.274302000000002 0
vertex -2.1001200000000004 -15.999984000000003 0
endloop
endfacet
facet normal 0.9978759235925985 0.06514323536806232 0
outer loop
vertex -2.0822120000000006 -16.274302000000002 7.9999920000000015
vertex -2.1001200000000004 -15.999984000000003 0
vertex -2.1001200000000004 -15.999984000000003 7.9999920000000015
endloop
endfacet
facet normal 0.9806376944503559 0.19583082551807438 0
outer loop
vertex -2.0284880000000003 -16.543329000000004 7.9999920000000015
vertex -2.0284880000000003 -16.543329000000004 0
vertex -2.0822120000000006 -16.274302000000002 0
endloop
endfacet
facet normal 0.9806376944503559 0.19583082551807438 0
outer loop
vertex -2.0284880000000003 -16.543329000000004 7.9999920000000015
vertex -2.0822120000000006 -16.274302000000002 0
vertex -2.0822120000000006 -16.274302000000002 7.9999920000000015
endloop
endfacet
facet normal 0.9470430001029406 0.3211067672224012 0
outer loop
vertex -1.9401690000000005 -16.803809000000005 7.9999920000000015
vertex -1.9401690000000005 -16.803809000000005 0
vertex -2.0284880000000003 -16.543329000000004 0
endloop
endfacet
facet normal 0.9470430001029406 0.3211067672224012 0
outer loop
vertex -1.9401690000000005 -16.803809000000005 7.9999920000000015
vertex -2.0284880000000003 -16.543329000000004 0
vertex -2.0284880000000003 -16.543329000000004 7.9999920000000015
endloop
endfacet
facet normal 0.8964920948268325 0.44305972950946193 0
outer loop
vertex -1.8184760000000004 -17.050044000000003 7.9999920000000015
vertex -1.8184760000000004 -17.050044000000003 0
vertex -1.9401690000000005 -16.803809000000005 0
endloop
endfacet
facet normal 0.8964920948268325 0.44305972950946193 0
outer loop
vertex -1.8184760000000004 -17.050044000000003 7.9999920000000015
vertex -1.9401690000000005 -16.803809000000005 0
vertex -1.9401690000000005 -16.803809000000005 7.9999920000000015
endloop
endfacet
facet normal 0.8313656916843988 0.5557257297355602 0
outer loop
vertex -1.6658510000000004 -17.278371000000003 7.9999920000000015
vertex -1.6658510000000004 -17.278371000000003 0
vertex -1.8184760000000004 -17.050044000000003 0
endloop
endfacet
facet normal 0.8313656916843988 0.5557257297355602 0
outer loop
vertex -1.6658510000000004 -17.278371000000003 7.9999920000000015
vertex -1.8184760000000004 -17.050044000000003 0
vertex -1.8184760000000004 -17.050044000000003 7.9999920000000015
endloop
endfacet
facet normal 0.7522096719091625 0.6589238267708264 0
outer loop
vertex -1.4847360000000003 -17.485127000000002 7.9999920000000015
vertex -1.4847360000000003 -17.485127000000002 0
vertex -1.6658510000000004 -17.278371000000003 0
endloop
endfacet
facet normal 0.7522096719091625 0.6589238267708264 0
outer loop
vertex -1.4847360000000003 -17.485127000000002 7.9999920000000015
vertex -1.6658510000000004 -17.278371000000003 0
vertex -1.6658510000000004 -17.278371000000003 7.9999920000000015
endloop
endfacet
facet normal 0.6596582514701461 0.7515656932480017 0
outer loop
vertex -1.2783870000000002 -17.666242000000004 7.9999920000000015
vertex -1.2783870000000002 -17.666242000000004 0
vertex -1.4847360000000003 -17.485127000000002 0
endloop
endfacet
facet normal 0.6596582514701461 0.7515656932480017 0
outer loop
vertex -1.2783870000000002 -17.666242000000004 7.9999920000000015
vertex -1.4847360000000003 -17.485127000000002 0
vertex -1.4847360000000003 -17.485127000000002 7.9999920000000015
endloop
endfacet
facet normal 0.5547001962252325 0.8320502943378415 0
outer loop
vertex -1.0500600000000002 -17.818460000000005 7.9999920000000015
vertex -1.0500600000000002 -17.818460000000005 0
vertex -1.2783870000000002 -17.666242000000004 0
endloop
endfacet
facet normal 0.5547001962252325 0.8320502943378415 0
outer loop
vertex -1.0500600000000002 -17.818460000000005 7.9999920000000015
vertex -1.2783870000000002 -17.666242000000004 0
vertex -1.2783870000000002 -17.666242000000004 7.9999920000000015
endloop
endfacet
facet normal 0.4430597295094507 0.8964920948268379 0
outer loop
vertex -0.8038250000000001 -17.940153000000002 7.9999920000000015
vertex -0.8038250000000001 -17.940153000000002 0
vertex -1.0500600000000002 -17.818460000000005 0
endloop
endfacet
facet normal 0.4430597295094507 0.8964920948268379 0
outer loop
vertex -0.8038250000000001 -17.940153000000002 7.9999920000000015
vertex -1.0500600000000002 -17.818460000000005 0
vertex -1.0500600000000002 -17.818460000000005 7.9999920000000015
endloop
endfacet
facet normal 0.3211067672224097 0.947043000102938 0
outer loop
vertex -0.5433450000000001 -18.028472000000004 7.9999920000000015
vertex -0.5433450000000001 -18.028472000000004 0
vertex -0.8038250000000001 -17.940153000000002 0
endloop
endfacet
facet normal 0.3211067672224097 0.947043000102938 0
outer loop
vertex -0.5433450000000001 -18.028472000000004 7.9999920000000015
vertex -0.8038250000000001 -17.940153000000002 0
vertex -0.8038250000000001 -17.940153000000002 7.9999920000000015
endloop
endfacet
facet normal 0.1955463283470597 0.9806944648920906 0
outer loop
vertex -0.27391100000000007 -18.082196000000003 7.9999920000000015
vertex -0.27391100000000007 -18.082196000000003 0
vertex -0.5433450000000001 -18.028472000000004 0
endloop
endfacet
facet normal 0.1955463283470597 0.9806944648920906 0
outer loop
vertex -0.27391100000000007 -18.082196000000003 7.9999920000000015
vertex -0.5433450000000001 -18.028472000000004 0
vertex -0.5433450000000001 -18.028472000000004 7.9999920000000015
endloop
endfacet
facet normal 0.06523961898920934 0.9978696268121117 0
outer loop
vertex 0 -18.100104000000005 7.9999920000000015
vertex 0 -18.100104000000005 0
vertex -0.27391100000000007 -18.082196000000003 0
endloop
endfacet
facet normal 0.06523961898920934 0.9978696268121117 0
outer loop
vertex 0 -18.100104000000005 7.9999920000000015
vertex -0.27391100000000007 -18.082196000000003 0
vertex -0.27391100000000007 -18.082196000000003 7.9999920000000015
endloop
endfacet
facet normal -0.06523961898920934 0.9978696268121117 0
outer loop
vertex 0.27391100000000007 -18.082196000000003 7.9999920000000015
vertex 0.27391100000000007 -18.082196000000003 0
vertex 0 -18.100104000000005 0
endloop
endfacet
facet normal -0.06523961898920934 0.9978696268121117 0
outer loop
vertex 0.27391100000000007 -18.082196000000003 7.9999920000000015
vertex 0 -18.100104000000005 0
vertex 0 -18.100104000000005 7.9999920000000015
endloop
endfacet
facet normal -0.1955463283470597 0.9806944648920906 0
outer loop
vertex 0.5433450000000001 -18.028472000000004 7.9999920000000015
vertex 0.5433450000000001 -18.028472000000004 0
vertex 0.27391100000000007 -18.082196000000003 0
endloop
endfacet
facet normal -0.1955463283470597 0.9806944648920906 0
outer loop
vertex 0.5433450000000001 -18.028472000000004 7.9999920000000015
vertex 0.27391100000000007 -18.082196000000003 0
vertex 0.27391100000000007 -18.082196000000003 7.9999920000000015
endloop
endfacet
facet normal -0.3211067672224097 0.947043000102938 0
outer loop
vertex 0.8038250000000001 -17.940153000000002 7.9999920000000015
vertex 0.8038250000000001 -17.940153000000002 0
vertex 0.5433450000000001 -18.028472000000004 0
endloop
endfacet
facet normal -0.3211067672224097 0.947043000102938 0
outer loop
vertex 0.8038250000000001 -17.940153000000002 7.9999920000000015
vertex 0.5433450000000001 -18.028472000000004 0
vertex 0.5433450000000001 -18.028472000000004 7.9999920000000015
endloop
endfacet
facet normal -0.4430597295094507 0.8964920948268379 0
outer loop
vertex 1.0500600000000002 -17.818460000000005 7.9999920000000015
vertex 1.0500600000000002 -17.818460000000005 0
vertex 0.8038250000000001 -17.940153000000002 0
endloop
endfacet
facet normal -0.4430597295094507 0.8964920948268379 0
outer loop
vertex 1.0500600000000002 -17.818460000000005 7.9999920000000015
vertex 0.8038250000000001 -17.940153000000002 0
vertex 0.8038250000000001 -17.940153000000002 7.9999920000000015
endloop
endfacet
facet normal -0.5547001962252325 0.8320502943378415 0
outer loop
vertex 1.2783870000000002 -17.666242000000004 7.9999920000000015
vertex 1.2783870000000002 -17.666242000000004 0
vertex 1.0500600000000002 -17.818460000000005 0
endloop
endfacet
facet normal -0.5547001962252325 0.8320502943378415 0
outer loop
vertex 1.2783870000000002 -17.666242000000004 7.9999920000000015
vertex 1.0500600000000002 -17.818460000000005 0
vertex 1.0500600000000002 -17.818460000000005 7.9999920000000015
endloop
endfacet
facet normal -0.6596582514701461 0.7515656932480017 0
outer loop
vertex 1.4847360000000003 -17.485127000000002 7.9999920000000015
vertex 1.4847360000000003 -17.485127000000002 0
vertex 1.2783870000000002 -17.666242000000004 0
endloop
endfacet
facet normal -0.6596582514701461 0.7515656932480017 0
outer loop
vertex 1.4847360000000003 -17.485127000000002 7.9999920000000015
vertex 1.2783870000000002 -17.666242000000004 0
vertex 1.2783870000000002 -17.666242000000004 7.9999920000000015
endloop
endfacet
facet normal -0.7522096719091625 0.6589238267708264 0
outer loop
vertex 1.6658510000000004 -17.278371000000003 7.9999920000000015
vertex 1.6658510000000004 -17.278371000000003 0
vertex 1.4847360000000003 -17.485127000000002 0
endloop
endfacet
facet normal -0.7522096719091625 0.6589238267708264 0
outer loop
vertex 1.6658510000000004 -17.278371000000003 7.9999920000000015
vertex 1.4847360000000003 -17.485127000000002 0
vertex 1.4847360000000003 -17.485127000000002 7.9999920000000015
endloop
endfacet
facet normal -0.8313656916843988 0.5557257297355602 0
outer loop
vertex 1.8184760000000004 -17.050044000000003 7.9999920000000015
vertex 1.8184760000000004 -17.050044000000003 0
vertex 1.6658510000000004 -17.278371000000003 0
endloop
endfacet
facet normal -0.8313656916843988 0.5557257297355602 0
outer loop
vertex 1.8184760000000004 -17.050044000000003 7.9999920000000015
vertex 1.6658510000000004 -17.278371000000003 0
vertex 1.6658510000000004 -17.278371000000003 7.9999920000000015
endloop
endfacet
facet normal -0.8964920948268325 0.44305972950946193 0
outer loop
vertex 1.9401690000000005 -16.803809000000005 7.9999920000000015
vertex 1.9401690000000005 -16.803809000000005 0
vertex 1.8184760000000004 -17.050044000000003 0
endloop
endfacet
facet normal -0.8964920948268325 0.44305972950946193 0
outer loop
vertex 1.9401690000000005 -16.803809000000005 7.9999920000000015
vertex 1.8184760000000004 -17.050044000000003 0
vertex 1.8184760000000004 -17.050044000000003 7.9999920000000015
endloop
endfacet
facet normal -0.9470430001029406 0.3211067672224012 0
outer loop
vertex 2.0284880000000003 -16.543329000000004 7.9999920000000015
vertex 2.0284880000000003 -16.543329000000004 0
vertex 1.9401690000000005 -16.803809000000005 0
endloop
endfacet
facet normal -0.9470430001029406 0.3211067672224012 0
outer loop
vertex 2.0284880000000003 -16.543329000000004 7.9999920000000015
vertex 1.9401690000000005 -16.803809000000005 0
vertex 1.9401690000000005 -16.803809000000005 7.9999920000000015
endloop
endfacet
facet normal -0.9806376944503559 0.19583082551807438 0
outer loop
vertex 2.0822120000000006 -16.274302000000002 7.9999920000000015
vertex 2.0822120000000006 -16.274302000000002 0
vertex 2.0284880000000003 -16.543329000000004 0
endloop
endfacet
facet normal -0.9806376944503559 0.19583082551807438 0
outer loop
vertex 2.0822120000000006 -16.274302000000002 7.9999920000000015
vertex 2.0284880000000003 -16.543329000000004 0
vertex 2.0284880000000003 -16.543329000000004 7.9999920000000015
endloop
endfacet
facet normal -0.9978759235925985 0.06514323536806232 0
outer loop
vertex 2.1001200000000004 -15.999984000000003 7.9999920000000015
vertex 2.1001200000000004 -15.999984000000003 0
vertex 2.0822120000000006 -16.274302000000002 0
endloop
endfacet
facet normal -0.9978759235925985 0.06514323536806232 0
outer loop
vertex 2.1001200000000004 -15.999984000000003 7.9999920000000015
vertex 2.0822120000000006 -16.274302000000002 0
vertex 2.0822120000000006 -16.274302000000002 7.9999920000000015
endloop
endfacet
facet normal 0 0 -1
outer loop
vertex 0 23.952357000000006 0
vertex 18.999981000000005 27.999972000000007 0
vertex 20.174583000000005 27.923049000000006 0
endloop
endfacet
facet normal 0 0 -1
outer loop
vertex 0 23.952357000000006 0
vertex 20.174583000000005 27.923049000000006 0
vertex 21.329242000000004 27.693501000000005 0
endloop
endfacet
facet normal 0 0 -1
outer loop
vertex 0 23.952357000000006 0
vertex 21.329242000000004 27.693501000000005 0
vertex 22.444015000000004 27.314991000000006 0
endloop
endfacet
facet normal 0 0 -1
outer loop
vertex 0 23.952357000000006 0
vertex 22.444015000000004 27.314991000000006 0
vertex 23.500180000000004 26.794031000000004 0
endloop
endfacet
facet normal 0 0 -1
outer loop
vertex 0 23.952357000000006 0
vertex 23.500180000000004 26.794031000000004 0
vertex 24.479015000000004 26.139982000000007 0
endloop
endfacet
facet normal 0 0 -1
outer loop
vertex 0 23.952357000000006 0
vertex 24.479015000000004 26.139982000000007 0
vertex 25.363833000000007 25.363833000000007 0
endloop
endfacet
facet normal 0 0 -1
outer loop
vertex 0 23.952357000000006 0
vertex 25.363833000000007 25.363833000000007 0
vertex 26.139982000000007 24.479015000000004 0
endloop
endfacet
facet normal 0 0 -1
outer loop
vertex 0 23.952357000000006 0
vertex 26.139982000000007 24.479015000000004 0
vertex 26.794031000000004 23.500180000000004 0
endloop
endfacet
facet normal 0 0 -0.9999999999999999
outer loop
vertex 0 23.952357000000006 0
vertex 26.794031000000004 23.500180000000004 0
vertex 27.314991000000006 22.444015000000004 0
endloop
endfacet
facet normal 0 0 -1
outer loop
vertex 0 23.952357000000006 0
vertex 27.314991000000006 22.444015000000004 0
vertex 27.693501000000005 21.329242000000004 0
endloop
endfacet
facet normal 0 0 -1
outer loop
vertex 0 23.952357000000006 0
vertex 27.693501000000005 21.329242000000004 0
vertex 27.923049000000006 20.174583000000005 0
endloop
endfacet
facet normal 0 0 -1
outer loop
vertex 0 23.952357000000006 0
vertex 27.923049000000006 20.174583000000005 0
vertex 27.999972000000007 18.999981000000005 0
endloop
endfacet
facet normal 0 0 -1
outer loop
vertex 0 23.952357000000006 0
vertex 27.999972000000007 18.999981000000005 0
vertex 27.999972000000007 18.100104000000005 0
endloop
endfacet
facet normal 0 0 -1
outer loop
vertex 0 23.952357000000006 0
vertex 27.999972000000007 18.100104000000005 0
vertex 0 18.100104000000005 0
endloop
endfacet
facet normal 0 0 -1
outer loop
vertex 0 23.952357000000006 0
vertex 0 18.100104000000005 0
vertex -27.999972000000007 18.100104000000005 0
endloop
endfacet
facet normal 0 0 -1
outer loop
vertex 0 23.952357000000006 0
vertex -27.999972000000007 18.100104000000005 0
vertex -27.999972000000007 18.999981000000005 0
endloop
endfacet
facet normal 0 0 -1
outer loop
vertex 0 23.952357000000006 0
vertex -27.999972000000007 18.999981000000005 0
vertex -27.923049000000006 20.174583000000005 0
endloop
endfacet
facet normal 0 0 -1
outer loop
vertex 0 23.952357000000006 0
vertex -27.923049000000006 20.174583000000005 0
vertex -27.693501000000005 21.329242000000004 0
endloop
endfacet
facet normal 0 0 -1
outer loop
vertex 0 23.952357000000006 0
vertex -27.693501000000005 21.329242000000004 0
vertex -27.314991000000006 22.444015000000004 0
endloop
endfacet
facet normal 0 0 -0.9999999999999999
outer loop
vertex 0 23.952357000000006 0
vertex -27.314991000000006 22.444015000000004 0
vertex -26.794031000000004 23.500180000000004 0
endloop
endfacet
facet normal 0 0 -1
outer loop
vertex 0 23.952357000000006 0
vertex -26.794031000000004 23.500180000000004 0
vertex -26.139982000000007 24.479015000000004 0
endloop
endfacet
facet normal 0 0 -1
outer loop
vertex 0 23.952357000000006 0
vertex -26.139982000000007 24.479015000000004 0
vertex -25.363833000000007 25.363833000000007 0
endloop
endfacet
facet normal 0 0 -1
outer loop
vertex 0 23.952357000000006 0
vertex -25.363833000000007 25.363833000000007 0
vertex -24.479015000000004 26.139982000000007 0
endloop
endfacet
facet normal 0 0 -1
outer loop
vertex 0 23.952357000000006 0
vertex -24.479015000000004 26.139982000000007 0
vertex -23.500180000000004 26.794031000000004 0
endloop
endfacet
facet normal 0 0 -1
outer loop
vertex 0 23.952357000000006 0
vertex -23.500180000000004 26.794031000000004 0
vertex -22.444015000000004 27.314991000000006 0
endloop
endfacet
facet normal 0 0 -1
outer loop
vertex 0 23.952357000000006 0
vertex -22.444015000000004 27.314991000000006 0
vertex -21.329242000000004 27.693501000000005 0
endloop
endfacet
facet normal 0 0 -1
outer loop
vertex 0 23.952357000000006 0
vertex -21.329242000000004 27.693501000000005 0
vertex -20.174583000000005 27.923049000000006 0
endloop
endfacet
facet normal 0 0 -1
outer loop
vertex 0 23.952357000000006 0
vertex -20.174583000000005 27.923049000000006 0
vertex -18.999981000000005 27.999972000000007 0
endloop
endfacet
facet normal 0 0 -1
outer loop
vertex 0 23.952357000000006 0
vertex -18.999981000000005 27.999972000000007 0
vertex 18.999981000000005 27.999972000000007 0
endloop
endfacet
facet normal 0 0 -1
outer loop
vertex 0 18.100104000000005 0
vertex -0.27391100000000007 18.082196000000003 0
vertex -27.999972000000007 18.082196000000003 0
endloop
endfacet
facet normal 0 0 -1
outer loop
vertex 0 18.100104000000005 0
vertex -27.999972000000007 18.082196000000003 0
vertex -27.999972000000007 18.100104000000005 0
endloop
endfacet
facet normal 0 0 -1
outer loop
vertex 27.999972000000007 18.100104000000005 0
vertex 27.999972000000007 18.082196000000003 0
vertex 0.27391100000000007 18.082196000000003 0
endloop
endfacet
facet normal 0 0 -1
outer loop
vertex 27.999972000000007 18.100104000000005 0
vertex 0.27391100000000007 18.082196000000003 0
vertex 0 18.100104000000005 0
endloop
endfacet
facet normal 0 0 -1
outer loop
vertex -0.27391100000000007 18.082196000000003 0
vertex -0.5433450000000001 18.028472000000004 0
vertex -27.999972000000007 18.028472000000004 0
endloop
endfacet
facet normal 0 0 -1
outer loop
vertex -0.27391100000000007 18.082196000000003 0
vertex -27.999972000000007 18.028472000000004 0
vertex -27.999972000000007 18.082196000000003 0
endloop
endfacet
facet normal 0 0 -1
outer loop
vertex 27.999972000000007 18.082196000000003 0
vertex 27.999972000000007 18.028472000000004 0
vertex 0.5433450000000001 18.028472000000004 0
endloop
endfacet
facet normal 0 0 -1
outer loop
vertex 27.999972000000007 18.082196000000003 0
vertex 0.5433450000000001 18.028472000000004 0
vertex 0.27391100000000007 18.082196000000003 0
endloop
endfacet
facet normal 0 0 -1
outer loop
vertex -0.5433450000000001 18.028472000000004 0
vertex -0.8038250000000001 17.940153000000002 0
vertex -27.999972000000007 17.940153000000002 0
endloop
endfacet
facet normal 0 0 -1
outer loop
vertex -0.5433450000000001 18.028472000000004 0
vertex -27.999972000000007 17.940153000000002 0
vertex -27.999972000000007 18.028472000000004 0
endloop
endfacet
facet normal 0 0 -1
outer loop
vertex 27.999972000000007 18.028472000000004 0
vertex 27.999972000000007 17.940153000000002 0
vertex 0.8038250000000001 17.940153000000002 0
endloop
endfacet
facet normal 0 0 -1
outer loop
vertex 27.999972000000007 18.028472000000004 0
vertex 0.8038250000000001 17.940153000000002 0
vertex 0.5433450000000001 18.028472000000004 0
endloop
endfacet
facet normal 0 0 -1
outer loop
vertex -0.8038250000000001 17.940153000000002 0
vertex -1.0500600000000002 17.818460000000005 0
vertex -27.999972000000007 17.818460000000005 0
endloop
endfacet
facet normal 0 0 -0.9999999999999999
outer loop
vertex -0.8038250000000001 17.940153000000002 0
vertex -27.999972000000007 17.818460000000005 0
vertex -27.999972000000007 17.940153000000002 0
endloop
endfacet
facet normal 0 0 -1
outer loop
vertex 27.999972000000007 17.940153000000002 0
vertex 27.999972000000007 17.818460000000005 0
vertex 1.0500600000000002 17.818460000000005 0
endloop
endfacet
facet normal 0 0 -0.9999999999999999
outer loop
vertex 27.999972000000007 17.940153000000002 0
vertex 1.0500600000000002 17.818460000000005 0
vertex 0.8038250000000001 17.940153000000002 0
endloop
endfacet
facet normal 0 0 -1
outer loop
vertex -1.0500600000000002 17.818460000000005 0
vertex -1.2783870000000002 17.666242000000004 0
vertex -27.999972000000007 17.666242000000004 0
endloop
endfacet
facet normal 0 0 -1
outer loop
vertex -1.0500600000000002 17.818460000000005 0
vertex -27.999972000000007 17.666242000000004 0
vertex -27.999972000000007 17.818460000000005 0
endloop
endfacet
facet normal 0 0 -1
outer loop
vertex 27.999972000000007 17.818460000000005 0
vertex 27.999972000000007 17.666242000000004 0
vertex 1.2783870000000002 17.666242000000004 0
endloop
endfacet
facet normal 0 0 -1
outer loop
vertex 27.999972000000007 17.818460000000005 0
vertex 1.2783870000000002 17.666242000000004 0
vertex 1.0500600000000002 17.818460000000005 0
endloop
endfacet
facet normal 0 0 -1
outer loop
vertex -1.2783870000000002 17.666242000000004 0
vertex -1.4847360000000003 17.485127000000002 0
vertex -27.999972000000007 17.485127000000002 0
endloop
endfacet
facet normal 0 0 -1
outer loop
vertex -1.2783870000000002 17.666242000000004 0
vertex -27.999972000000007 17.485127000000002 0
vertex -27.999972000000007 17.666242000000004 0
endloop
endfacet
facet normal 0 0 -1
outer loop
vertex 27.999972000000007 17.666242000000004 0
vertex 27.999972000000007 17.485127000000002 0
vertex 1.4847360000000003 17.485127000000002 0
endloop
endfacet
facet normal 0 0 -1
outer loop
vertex 27.999972000000007 17.666242000000004 0
vertex 1.4847360000000003 17.485127000000002 0
vertex 1.2783870000000002 17.666242000000004 0
endloop
endfacet
facet normal 0 0 -1
outer loop
vertex -1.4847360000000003 17.485127000000002 0
vertex -1.6658510000000004 17.278371000000003 0
vertex -27.999972000000007 17.278371000000003 0
endloop
endfacet
facet normal 0 0 -1
outer loop
vertex -1.4847360000000003 17.485127000000002 0
vertex -27.999972000000007 17.278371000000003 0
vertex -27.999972000000007 17.485127000000002 0
endloop
endfacet
facet normal 0 0 -1
outer loop
vertex 27.999972000000007 17.485127000000002 0
vertex 27.999972000000007 17.278371000000003 0
vertex 1.6658510000000004 17.278371000000003 0
endloop
endfacet
facet normal 0 0 -1
outer loop
vertex 27.999972000000007 17.485127000000002 0
vertex 1.6658510000000004 17.278371000000003 0
vertex 1.4847360000000003 17.485127000000002 0
endloop
endfacet
facet normal 0 0 -1
outer loop
vertex -1.6658510000000004 17.278371000000003 0
vertex -1.8184760000000004 17.050044000000003 0
vertex -27.999972000000007 17.050044000000003 0
endloop
endfacet
facet normal 0 0 -0.9999999999999999
outer loop
vertex -1.6658510000000004 17.278371000000003 0
vertex -27.999972000000007 17.050044000000003 0
vertex -27.999972000000007 17.278371000000003 0
endloop
endfacet
facet normal 0 0 -1
outer loop
vertex 27.999972000000007 17.278371000000003 0
vertex 27.999972000000007 17.050044000000003 0
vertex 1.8184760000000004 17.050044000000003 0
endloop
endfacet
facet normal 0 0 -0.9999999999999999
outer loop
vertex 27.999972000000007 17.278371000000003 0
vertex 1.8184760000000004 17.050044000000003 0
vertex 1.6658510000000004 17.278371000000003 0
endloop
endfacet
facet normal 0 0 -1
outer loop
vertex -1.8184760000000004 17.050044000000003 0
vertex -1.9401690000000005 16.803809000000005 0
vertex -27.999972000000007 16.803809000000005 0
endloop
endfacet
facet normal 0 0 -0.9999999999999999
outer loop
vertex -1.8184760000000004 17.050044000000003 0
vertex -27.999972000000007 16.803809000000005 0
vertex -27.999972000000007 17.050044000000003 0
endloop
endfacet
facet normal 0 0 -1
outer loop
vertex 27.999972000000007 17.050044000000003 0
vertex 27.999972000000007 16.803809000000005 0
vertex 1.9401690000000005 16.803809000000005 0
endloop
endfacet
facet normal 0 0 -0.9999999999999999
outer loop
vertex 27.999972000000007 17.050044000000003 0
vertex 1.9401690000000005 16.803809000000005 0
vertex 1.8184760000000004 17.050044000000003 0
endloop
endfacet
facet normal 0 0 -0.9999999999999999
outer loop
vertex -1.9401690000000005 16.803809000000005 0
vertex -2.0284880000000003 16.543329000000004 0
vertex -27.999972000000007 16.543329000000004 0
endloop
endfacet
facet normal 0 0 -1
outer loop
vertex -1.9401690000000005 16.803809000000005 0
vertex -27.999972000000007 16.543329000000004 0
vertex -27.999972000000007 16.803809000000005 0
endloop
endfacet
facet normal 0 0 -1
outer loop
vertex 27.999972000000007 16.803809000000005 0
vertex 27.999972000000007 16.543329000000004 0
vertex 2.0284880000000003 16.543329000000004 0
endloop
endfacet
facet normal 0 0 -1
outer loop
vertex 27.999972000000007 16.803809000000005 0
vertex 2.0284880000000003 16.543329000000004 0
vertex 1.9401690000000005 16.803809000000005 0
endloop
endfacet
facet normal 0 0 -1
outer loop
vertex -2.0284880000000003 16.543329000000004 0
vertex -2.0822120000000006 16.274302000000002 0
vertex -27.999972000000007 16.274302000000002 0
endloop
endfacet
facet normal 0 0 -1
outer loop
vertex -2.0284880000000003 16.543329000000004 0
vertex -27.999972000000007 16.274302000000002 0
vertex -27.999972000000007 16.543329000000004 0
endloop
endfacet
facet normal 0 0 -1
outer loop
vertex 27.999972000000007 16.543329000000004 0
vertex 27.999972000000007 16.274302000000002 0
vertex 2.0822120000000006 16.274302000000002 0
endloop
endfacet
facet normal 0 0 -1
outer loop
vertex 27.999972000000007 16.543329000000004 0
vertex 2.0822120000000006 16.274302000000002 0
vertex 2.0284880000000003 16.543329000000004 0
endloop
endfacet
facet normal 0 0 -1
outer loop
vertex -2.0822120000000006 16.274302000000002 0
vertex -2.1001200000000004 15.999984000000003 0
vertex -27.999972000000007 15.999984000000003 0
endloop
endfacet
facet normal 0 0 -1
outer loop
vertex -2.0822120000000006 16.274302000000002 0
vertex -27.999972000000007 15.999984000000003 0
vertex -27.999972000000007 16.274302000000002 0
endloop
endfacet
facet normal 0 0 -1
outer loop
vertex 27.999972000000007 16.274302000000002 0
vertex 27.999972000000007 15.999984000000003 0
vertex 2.1001200000000004 15.999984000000003 0
endloop
endfacet
facet normal 0 0 -1
outer loop
vertex 27.999972000000007 16.274302000000002 0
vertex 2.1001200000000004 15.999984000000003 0
vertex 2.0822120000000006 16.274302000000002 0
endloop
endfacet
facet normal 0 0 -0.9999999999999999
outer loop
vertex -2.1001200000000004 15.999984000000003 0
vertex -2.0822120000000006 15.726073000000003 0
vertex -27.999972000000007 15.726073000000003 0
endloop
endfacet
facet normal 0 0 -1
outer loop
vertex -2.1001200000000004 15.999984000000003 0
vertex -27.999972000000007 15.726073000000003 0
vertex -27.999972000000007 15.999984000000003 0
endloop
endfacet
facet normal 0 0 -0.9999999999999999
outer loop
vertex 27.999972000000007 15.999984000000003 0
vertex 27.999972000000007 15.726073000000003 0
vertex 2.0822120000000006 15.726073000000003 0
endloop
endfacet
facet normal 0 0 -1
outer loop
vertex 27.999972000000007 15.999984000000003 0
vertex 2.0822120000000006 15.726073000000003 0
vertex 2.1001200000000004 15.999984000000003 0
endloop
endfacet
facet normal 0 0 -1
outer loop
vertex -2.0822120000000006 15.726073000000003 0
vertex -2.0284880000000003 15.456639000000003 0
vertex -27.999972000000007 15.456639000000003 0
endloop
endfacet
facet normal 0 0 -1
outer loop
vertex -2.0822120000000006 15.726073000000003 0
vertex -27.999972000000007 15.456639000000003 0
vertex -27.999972000000007 15.726073000000003 0
endloop
endfacet
facet normal 0 0 -1
outer loop
vertex 27.999972000000007 15.726073000000003 0
vertex 27.999972000000007 15.456639000000003 0
vertex 2.0284880000000003 15.456639000000003 0
endloop
endfacet
facet normal 0 0 -1
outer loop
vertex 27.999972000000007 15.726073000000003 0
vertex 2.0284880000000003 15.456639000000003 0
vertex 2.0822120000000006 15.726073000000003 0
endloop
endfacet
facet normal 0 0 -0.9999999999999999
outer loop
vertex -2.0284880000000003 15.456639000000003 0
vertex -1.9401690000000005 15.196566000000002 0
vertex -27.999972000000007 15.196566000000002 0
endloop
endfacet
facet normal 0 0 -1
outer loop
vertex -2.0284880000000003 15.456639000000003 0
vertex -27.999972000000007 15.196566000000002 0
vertex -27.999972000000007 15.456639000000003 0
endloop
endfacet
facet normal 0 0 -0.9999999999999999
outer loop
vertex 27.999972000000007 15.456639000000003 0
vertex 27.999972000000007 15.196566000000002 0
vertex 1.9401690000000005 15.196566000000002 0
endloop
endfacet
facet normal 0 0 -1
outer loop
vertex 27.999972000000007 15.456639000000003 0
vertex 1.9401690000000005 15.196566000000002 0
vertex 2.0284880000000003 15.456639000000003 0
endloop
endfacet
facet normal 0 0 -0.9999999999999999
outer loop
vertex -1.9401690000000005 15.196566000000002 0
vertex -1.8184760000000004 14.949924000000003 0
vertex -27.999972000000007 14.949924000000003 0
endloop
endfacet
facet normal 0 0 -1
outer loop
vertex -1.9401690000000005 15.196566000000002 0
vertex -27.999972000000007 14.949924000000003 0
vertex -27.999972000000007 15.196566000000002 0
endloop
endfacet
facet normal 0 0 -0.9999999999999999
outer loop
vertex 27.999972000000007 15.196566000000002 0
vertex 27.999972000000007 14.949924000000003 0
vertex 1.8184760000000004 14.949924000000003 0
endloop
endfacet
facet normal 0 0 -1
outer loop
vertex 27.999972000000007 15.196566000000002 0
vertex 1.8184760000000004 14.949924000000003 0
vertex 1.9401690000000005 15.196566000000002 0
endloop
endfacet
facet normal 0 0 -0.9999999999999999
outer loop
vertex -1.8184760000000004 14.949924000000003 0
vertex -1.6658510000000004 14.721597000000003 0
vertex -27.999972000000007 14.721597000000003 0
endloop
endfacet
facet normal 0 0 -1
outer loop
vertex -1.8184760000000004 14.949924000000003 0
vertex -27.999972000000007 14.721597000000003 0
vertex -27.999972000000007 14.949924000000003 0
endloop
endfacet
facet normal 0 0 -0.9999999999999999
outer loop
vertex 27.999972000000007 14.949924000000003 0
vertex 27.999972000000007 14.721597000000003 0
vertex 1.6658510000000004 14.721597000000003 0
endloop
endfacet
facet normal 0 0 -1
outer loop
vertex 27.999972000000007 14.949924000000003 0
vertex 1.6658510000000004 14.721597000000003 0
vertex 1.8184760000000004 14.949924000000003 0
endloop
endfacet
facet normal 0 0 -1
outer loop
vertex -1.6658510000000004 14.721597000000003 0
vertex -1.4847360000000003 14.515248000000003 0
vertex -27.999972000000007 14.515248000000003 0
endloop
endfacet
facet normal 0 0 -1
outer loop
vertex -1.6658510000000004 14.721597000000003 0
vertex -27.999972000000007 14.515248000000003 0
vertex -27.999972000000007 14.721597000000003 0
endloop
endfacet
facet normal 0 0 -1
outer loop
vertex 27.999972000000007 14.721597000000003 0
vertex 27.999972000000007 14.515248000000003 0
vertex 1.4847360000000003 14.515248000000003 0
endloop
endfacet
facet normal 0 0 -1
outer loop
vertex 27.999972000000007 14.721597000000003 0
vertex 1.4847360000000003 14.515248000000003 0
vertex 1.6658510000000004 14.721597000000003 0
endloop
endfacet
facet normal 0 0 -1
outer loop
vertex -1.4847360000000003 14.515248000000003 0
vertex -1.2783870000000002 14.334133000000003 0
vertex -27.999972000000007 14.334133000000003 0
endloop
endfacet
facet normal 0 0 -0.9999999999999999
outer loop
vertex -1.4847360000000003 14.515248000000003 0
vertex -27.999972000000007 14.334133000000003 0
vertex -27.999972000000007 14.515248000000003 0
endloop
endfacet
facet normal 0 0 -1
outer loop
vertex 27.999972000000007 14.515248000000003 0
vertex 27.999972000000007 14.334133000000003 0
vertex 1.2783870000000002 14.334133000000003 0
endloop
endfacet
facet normal 0 0 -0.9999999999999999
outer loop
vertex 27.999972000000007 14.515248000000003 0
vertex 1.2783870000000002 14.334133000000003 0
vertex 1.4847360000000003 14.515248000000003 0
endloop
endfacet
facet normal 0 0 -1
outer loop
vertex -1.2783870000000002 14.334133000000003 0
vertex -1.0500600000000002 14.181508000000003 0
vertex -27.999972000000007 14.181508000000003 0
endloop
endfacet
facet normal 0 0 -1
outer loop
vertex -1.2783870000000002 14.334133000000003 0
vertex -27.999972000000007 14.181508000000003 0
vertex -27.999972000000007 14.334133000000003 0
endloop
endfacet
facet normal 0 0 -1
outer loop
vertex 27.999972000000007 14.334133000000003 0
vertex 27.999972000000007 14.181508000000003 0
vertex 1.0500600000000002 14.181508000000003 0
endloop
endfacet
facet normal 0 0 -1
outer loop
vertex 27.999972000000007 14.334133000000003 0
vertex 1.0500600000000002 14.181508000000003 0
vertex 1.2783870000000002 14.334133000000003 0
endloop
endfacet
facet normal 0 0 -1
outer loop
vertex -1.0500600000000002 14.181508000000003 0
vertex -0.8038250000000001 14.059815000000002 0
vertex -27.999972000000007 14.059815000000002 0
endloop
endfacet
facet normal 0 0 -1
outer loop
vertex -1.0500600000000002 14.181508000000003 0
vertex -27.999972000000007 14.059815000000002 0
vertex -27.999972000000007 14.181508000000003 0
endloop
endfacet
facet normal 0 0 -1
outer loop
vertex 27.999972000000007 14.181508000000003 0
vertex 27.999972000000007 14.059815000000002 0
vertex 0.8038250000000001 14.059815000000002 0
endloop
endfacet
facet normal 0 0 -1
outer loop
vertex 27.999972000000007 14.181508000000003 0
vertex 0.8038250000000001 14.059815000000002 0
vertex 1.0500600000000002 14.181508000000003 0
endloop
endfacet
facet normal 0 0 -1
outer loop
vertex -0.8038250000000001 14.059815000000002 0
vertex -0.5433450000000001 13.971496000000002 0
vertex -27.999972000000007 13.971496000000002 0
endloop
endfacet
facet normal 0 0 -1
outer loop
vertex -0.8038250000000001 14.059815000000002 0
vertex -27.999972000000007 13.971496000000002 0
vertex -27.999972000000007 14.059815000000002 0
endloop
endfacet
facet normal 0 0 -1
outer loop
vertex 27.999972000000007 14.059815000000002 0
vertex 27.999972000000007 13.971496000000002 0
vertex 0.5433450000000001 13.971496000000002 0
endloop
endfacet
facet normal 0 0 -1
outer loop
vertex 27.999972000000007 14.059815000000002 0
vertex 0.5433450000000001 13.971496000000002 0
vertex 0.8038250000000001 14.059815000000002 0
endloop
endfacet
facet normal 0 0 -1
outer loop
vertex -0.5433450000000001 13.971496000000002 0
vertex -0.27391100000000007 13.917772000000003 0
vertex -27.999972000000007 13.917772000000003 0
endloop
endfacet
facet normal 0 0 -1
outer loop
vertex -0.5433450000000001 13.971496000000002 0
vertex -27.999972000000007 13.917772000000003 0
vertex -27.999972000000007 13.971496000000002 0
endloop
endfacet
facet normal 0 0 -1
outer loop
vertex 27.999972000000007 13.971496000000002 0
vertex 27.999972000000007 13.917772000000003 0
vertex 0.27391100000000007 13.917772000000003 0
endloop
endfacet
facet normal 0 0 -1
outer loop
vertex 27.999972000000007 13.971496000000002 0
vertex 0.27391100000000007 13.917772000000003 0
vertex 0.5433450000000001 13.971496000000002 0
endloop
endfacet
facet normal 0 0 -1
outer loop
vertex -0.27391100000000007 13.917772000000003 0
vertex 0 13.899864000000003 0
vertex -27.999972000000007 13.899864000000003 0
endloop
endfacet
facet normal 0 0 -0.9999999999999999
outer loop
vertex -0.27391100000000007 13.917772000000003 0
vertex -27.999972000000007 13.899864000000003 0
vertex -27.999972000000007 13.917772000000003 0
endloop
endfacet
facet normal 0 0 -1
outer loop
vertex 27.999972000000007 13.917772000000003 0
vertex 27.999972000000007 13.899864000000003 0
vertex 0 13.899864000000003 0
endloop
endfacet
facet normal 0 0 -0.9999999999999999
outer loop
vertex 27.999972000000007 13.917772000000003 0
vertex 0 13.899864000000003 0
vertex 0.27391100000000007 13.917772000000003 0
endloop
endfacet
facet normal 0 0 -1
outer loop
vertex 0 0 0
vertex 0 13.899864000000003 0
vertex 27.999972000000007 13.899864000000003 0
endloop
endfacet
facet normal 0 0 -1
outer loop
vertex 0 0 0
vertex 27.999972000000007 13.899864000000003 0
vertex 27.999972000000007 -13.899864000000003 0
endloop
endfacet
facet normal 0 0 -1
outer loop
vertex 0 0 0
vertex 27.999972000000007 -13.899864000000003 0
vertex 0 -13.899864000000003 0
endloop
endfacet
facet normal 0 0 -1
outer loop
vertex 0 0 0
vertex 0 -13.899864000000003 0
vertex -27.999972000000007 -13.899864000000003 0
endloop
endfacet
facet normal 0 0 -1
outer loop
vertex 0 0 0
vertex -27.999972000000007 -13.899864000000003 0
vertex -27.999972000000007 13.899864000000003 0
endloop
endfacet
facet normal 0 0 -1
outer loop
vertex 0 0 0
vertex -27.999972000000007 13.899864000000003 0
vertex 0 13.899864000000003 0
endloop
endfacet
facet normal 0 0 -1
outer loop
vertex 0 -13.899864000000003 0
vertex -0.27391100000000007 -13.917772000000003 0
vertex -27.999972000000007 -13.917772000000003 0
endloop
endfacet
facet normal 0 0 -1
outer loop
vertex 0 -13.899864000000003 0
vertex -27.999972000000007 -13.917772000000003 0
vertex -27.999972000000007 -13.899864000000003 0
endloop
endfacet
facet normal 0 0 -0.9999999999999999
outer loop
vertex 27.999972000000007 -13.899864000000003 0
vertex 27.999972000000007 -13.917772000000003 0
vertex 0.27391100000000007 -13.917772000000003 0
endloop
endfacet
facet normal 0 0 -1
outer loop
vertex 27.999972000000007 -13.899864000000003 0
vertex 0.27391100000000007 -13.917772000000003 0
vertex 0 -13.899864000000003 0
endloop
endfacet
facet normal 0 0 -1
outer loop
vertex -0.27391100000000007 -13.917772000000003 0
vertex -0.5433450000000001 -13.971496000000002 0
vertex -27.999972000000007 -13.971496000000002 0
endloop
endfacet
facet normal 0 0 -1
outer loop
vertex -0.27391100000000007 -13.917772000000003 0
vertex -27.999972000000007 -13.971496000000002 0
vertex -27.999972000000007 -13.917772000000003 0
endloop
endfacet
facet normal 0 0 -1
outer loop
vertex 27.999972000000007 -13.917772000000003 0
vertex 27.999972000000007 -13.971496000000002 0
vertex 0.5433450000000001 -13.971496000000002 0
endloop
endfacet
facet normal 0 0 -1
outer loop
vertex 27.999972000000007 -13.917772000000003 0
vertex 0.5433450000000001 -13.971496000000002 0
vertex 0.27391100000000007 -13.917772000000003 0
endloop
endfacet
facet normal 0 0 -1
outer loop
vertex -0.5433450000000001 -13.971496000000002 0
vertex -0.8038250000000001 -14.059815000000002 0
vertex -27.999972000000007 -14.059815000000002 0
endloop
endfacet
facet normal 0 0 -1
outer loop
vertex -0.5433450000000001 -13.971496000000002 0
vertex -27.999972000000007 -14.059815000000002 0
vertex -27.999972000000007 -13.971496000000002 0
endloop
endfacet
facet normal 0 0 -1
outer loop
vertex 27.999972000000007 -13.971496000000002 0
vertex 27.999972000000007 -14.059815000000002 0
vertex 0.8038250000000001 -14.059815000000002 0
endloop
endfacet
facet normal 0 0 -1
outer loop
vertex 27.999972000000007 -13.971496000000002 0
vertex 0.8038250000000001 -14.059815000000002 0
vertex 0.5433450000000001 -13.971496000000002 0
endloop
endfacet
facet normal 0 0 -0.9999999999999999
outer loop
vertex -0.8038250000000001 -14.059815000000002 0
vertex -1.0500600000000002 -14.181508000000003 0
vertex -27.999972000000007 -14.181508000000003 0
endloop
endfacet
facet normal 0 0 -1
outer loop
vertex -0.8038250000000001 -14.059815000000002 0
vertex -27.999972000000007 -14.181508000000003 0
vertex -27.999972000000007 -14.059815000000002 0
endloop
endfacet
facet normal 0 0 -1
outer loop
vertex 27.999972000000007 -14.059815000000002 0
vertex 27.999972000000007 -14.181508000000003 0
vertex 1.0500600000000002 -14.181508000000003 0
endloop
endfacet
facet normal 0 0 -1
outer loop
vertex 27.999972000000007 -14.059815000000002 0
vertex 1.0500600000000002 -14.181508000000003 0
vertex 0.8038250000000001 -14.059815000000002 0
endloop
endfacet
facet normal 0 0 -1
outer loop
vertex -1.0500600000000002 -14.181508000000003 0
vertex -1.2783870000000002 -14.334133000000003 0
vertex -27.999972000000007 -14.334133000000003 0
endloop
endfacet
facet normal 0 0 -1
outer loop
vertex -1.0500600000000002 -14.181508000000003 0
vertex -27.999972000000007 -14.334133000000003 0
vertex -27.999972000000007 -14.181508000000003 0
endloop
endfacet
facet normal 0 0 -1
outer loop
vertex 27.999972000000007 -14.181508000000003 0
vertex 27.999972000000007 -14.334133000000003 0
vertex 1.2783870000000002 -14.334133000000003 0
endloop
endfacet
facet normal 0 0 -1
outer loop
vertex 27.999972000000007 -14.181508000000003 0
vertex 1.2783870000000002 -14.334133000000003 0
vertex 1.0500600000000002 -14.181508000000003 0
endloop
endfacet
facet normal 0 0 -1
outer loop
vertex -1.2783870000000002 -14.334133000000003 0
vertex -1.4847360000000003 -14.515248000000003 0
vertex -27.999972000000007 -14.515248000000003 0
endloop
endfacet
facet normal 0 0 -1
outer loop
vertex -1.2783870000000002 -14.334133000000003 0
vertex -27.999972000000007 -14.515248000000003 0
vertex -27.999972000000007 -14.334133000000003 0
endloop
endfacet
facet normal 0 0 -0.9999999999999999
outer loop
vertex 27.999972000000007 -14.334133000000003 0
vertex 27.999972000000007 -14.515248000000003 0
vertex 1.4847360000000003 -14.515248000000003 0
endloop
endfacet
facet normal 0 0 -1
outer loop
vertex 27.999972000000007 -14.334133000000003 0
vertex 1.4847360000000003 -14.515248000000003 0
vertex 1.2783870000000002 -14.334133000000003 0
endloop
endfacet
facet normal 0 0 -1
outer loop
vertex -1.4847360000000003 -14.515248000000003 0
vertex -1.6658510000000004 -14.721597000000003 0
vertex -27.999972000000007 -14.721597000000003 0
endloop
endfacet
facet normal 0 0 -1
outer loop
vertex -1.4847360000000003 -14.515248000000003 0
vertex -27.999972000000007 -14.721597000000003 0
vertex -27.999972000000007 -14.515248000000003 0
endloop
endfacet
facet normal 0 0 -1
outer loop
vertex 27.999972000000007 -14.515248000000003 0
vertex 27.999972000000007 -14.721597000000003 0
vertex 1.6658510000000004 -14.721597000000003 0
endloop
endfacet
facet normal 0 0 -1
outer loop
vertex 27.999972000000007 -14.515248000000003 0
vertex 1.6658510000000004 -14.721597000000003 0
vertex 1.4847360000000003 -14.515248000000003 0
endloop
endfacet
facet normal 0 0 -1
outer loop
vertex -1.6658510000000004 -14.721597000000003 0
vertex -1.8184760000000004 -14.949924000000003 0
vertex -27.999972000000007 -14.949924000000003 0
endloop
endfacet
facet normal 0 0 -0.9999999999999999
outer loop
vertex -1.6658510000000004 -14.721597000000003 0
vertex -27.999972000000007 -14.949924000000003 0
vertex -27.999972000000007 -14.721597000000003 0
endloop
endfacet
facet normal 0 0 -1
outer loop
vertex 27.999972000000007 -14.721597000000003 0
vertex 27.999972000000007 -14.949924000000003 0
vertex 1.8184760000000004 -14.949924000000003 0
endloop
endfacet
facet normal 0 0 -0.9999999999999999
outer loop
vertex 27.999972000000007 -14.721597000000003 0
vertex 1.8184760000000004 -14.949924000000003 0
vertex 1.6658510000000004 -14.721597000000003 0
endloop
endfacet
facet normal 0 0 -1
outer loop
vertex -1.8184760000000004 -14.949924000000003 0
vertex -1.9401690000000005 -15.196566000000002 0
vertex -27.999972000000007 -15.196566000000002 0
endloop
endfacet
facet normal 0 0 -0.9999999999999999
outer loop
vertex -1.8184760000000004 -14.949924000000003 0
vertex -27.999972000000007 -15.196566000000002 0
vertex -27.999972000000007 -14.949924000000003 0
endloop
endfacet
facet normal 0 0 -1
outer loop
vertex 27.999972000000007 -14.949924000000003 0
vertex 27.999972000000007 -15.196566000000002 0
vertex 1.9401690000000005 -15.196566000000002 0
endloop
endfacet
facet normal 0 0 -0.9999999999999999
outer loop
vertex 27.999972000000007 -14.949924000000003 0
vertex 1.9401690000000005 -15.196566000000002 0
vertex 1.8184760000000004 -14.949924000000003 0
endloop
endfacet
facet normal 0 0 -1
outer loop
vertex -1.9401690000000005 -15.196566000000002 0
vertex -2.0284880000000003 -15.456639000000003 0
vertex -27.999972000000007 -15.456639000000003 0
endloop
endfacet
facet normal 0 0 -0.9999999999999999
outer loop
vertex -1.9401690000000005 -15.196566000000002 0
vertex -27.999972000000007 -15.456639000000003 0
vertex -27.999972000000007 -15.196566000000002 0
endloop
endfacet
facet normal 0 0 -1
outer loop
vertex 27.999972000000007 -15.196566000000002 0
vertex 27.999972000000007 -15.456639000000003 0
vertex 2.0284880000000003 -15.456639000000003 0
endloop
endfacet
facet normal 0 0 -0.9999999999999999
outer loop
vertex 27.999972000000007 -15.196566000000002 0
vertex 2.0284880000000003 -15.456639000000003 0
vertex 1.9401690000000005 -15.196566000000002 0
endloop
endfacet
facet normal 0 0 -1
outer loop
vertex -2.0284880000000003 -15.456639000000003 0
vertex -2.0822120000000006 -15.726073000000003 0
vertex -27.999972000000007 -15.726073000000003 0
endloop
endfacet
facet normal 0 0 -1
outer loop
vertex -2.0284880000000003 -15.456639000000003 0
vertex -27.999972000000007 -15.726073000000003 0
vertex -27.999972000000007 -15.456639000000003 0
endloop
endfacet
facet normal 0 0 -1
outer loop
vertex 27.999972000000007 -15.456639000000003 0
vertex 27.999972000000007 -15.726073000000003 0
vertex 2.0822120000000006 -15.726073000000003 0
endloop
endfacet
facet normal 0 0 -1
outer loop
vertex 27.999972000000007 -15.456639000000003 0
vertex 2.0822120000000006 -15.726073000000003 0
vertex 2.0284880000000003 -15.456639000000003 0
endloop
endfacet
facet normal 0 0 -1
outer loop
vertex -2.0822120000000006 -15.726073000000003 0
vertex -2.1001200000000004 -15.999984000000003 0
vertex -27.999972000000007 -15.999984000000003 0
endloop
endfacet
facet normal 0 0 -0.9999999999999999
outer loop
vertex -2.0822120000000006 -15.726073000000003 0
vertex -27.999972000000007 -15.999984000000003 0
vertex -27.999972000000007 -15.726073000000003 0
endloop
endfacet
facet normal 0 0 -1
outer loop
vertex 27.999972000000007 -15.726073000000003 0
vertex 27.999972000000007 -15.999984000000003 0
vertex 2.1001200000000004 -15.999984000000003 0
endloop
endfacet
facet normal 0 0 -0.9999999999999999
outer loop
vertex 27.999972000000007 -15.726073000000003 0
vertex 2.1001200000000004 -15.999984000000003 0
vertex 2.0822120000000006 -15.726073000000003 0
endloop
endfacet
facet normal 0 0 -1
outer loop
vertex -2.1001200000000004 -15.999984000000003 0
vertex -2.0822120000000006 -16.274302000000002 0
vertex -27.999972000000007 -16.274302000000002 0
endloop
endfacet
facet normal 0 0 -1
outer loop
vertex -2.1001200000000004 -15.999984000000003 0
vertex -27.999972000000007 -16.274302000000002 0
vertex -27.999972000000007 -15.999984000000003 0
endloop
endfacet
facet normal 0 0 -1
outer loop
vertex 27.999972000000007 -15.999984000000003 0
vertex 27.999972000000007 -16.274302000000002 0
vertex 2.0822120000000006 -16.274302000000002 0
endloop
endfacet
facet normal 0 0 -1
outer loop
vertex 27.999972000000007 -15.999984000000003 0
vertex 2.0822120000000006 -16.274302000000002 0
vertex 2.1001200000000004 -15.999984000000003 0
endloop
endfacet
facet normal 0 0 -1
outer loop
vertex -2.0822120000000006 -16.274302000000002 0
vertex -2.0284880000000003 -16.543329000000004 0
vertex -27.999972000000007 -16.543329000000004 0
endloop
endfacet
facet normal 0 0 -1
outer loop
vertex -2.0822120000000006 -16.274302000000002 0
vertex -27.999972000000007 -16.543329000000004 0
vertex -27.999972000000007 -16.274302000000002 0
endloop
endfacet
facet normal 0 0 -1
outer loop
vertex 27.999972000000007 -16.274302000000002 0
vertex 27.999972000000007 -16.543329000000004 0
vertex 2.0284880000000003 -16.543329000000004 0
endloop
endfacet
facet normal 0 0 -1
outer loop
vertex 27.999972000000007 -16.274302000000002 0
vertex 2.0284880000000003 -16.543329000000004 0
vertex 2.0822120000000006 -16.274302000000002 0
endloop
endfacet
facet normal 0 0 -1
outer loop
vertex -2.0284880000000003 -16.543329000000004 0
vertex -1.9401690000000005 -16.803809000000005 0
vertex -27.999972000000007 -16.803809000000005 0
endloop
endfacet
facet normal 0 0 -1
outer loop
vertex -2.0284880000000003 -16.543329000000004 0
vertex -27.999972000000007 -16.803809000000005 0
vertex -27.999972000000007 -16.543329000000004 0
endloop
endfacet
facet normal 0 0 -1
outer loop
vertex 27.999972000000007 -16.543329000000004 0
vertex 27.999972000000007 -16.803809000000005 0
vertex 1.9401690000000005 -16.803809000000005 0
endloop
endfacet
facet normal 0 0 -1
outer loop
vertex 27.999972000000007 -16.543329000000004 0
vertex 1.9401690000000005 -16.803809000000005 0
vertex 2.0284880000000003 -16.543329000000004 0
endloop
endfacet
facet normal 0 0 -0.9999999999999999
outer loop
vertex -1.9401690000000005 -16.803809000000005 0
vertex -1.8184760000000004 -17.050044000000003 0
vertex -27.999972000000007 -17.050044000000003 0
endloop
endfacet
facet normal 0 0 -1
outer loop
vertex -1.9401690000000005 -16.803809000000005 0
vertex -27.999972000000007 -17.050044000000003 0
vertex -27.999972000000007 -16.803809000000005 0
endloop
endfacet
facet normal 0 0 -0.9999999999999999
outer loop
vertex 27.999972000000007 -16.803809000000005 0
vertex 27.999972000000007 -17.050044000000003 0
vertex 1.8184760000000004 -17.050044000000003 0
endloop
endfacet
facet normal 0 0 -1
outer loop
vertex 27.999972000000007 -16.803809000000005 0
vertex 1.8184760000000004 -17.050044000000003 0
vertex 1.9401690000000005 -16.803809000000005 0
endloop
endfacet
facet normal 0 0 -0.9999999999999999
outer loop
vertex -1.8184760000000004 -17.050044000000003 0
vertex -1.6658510000000004 -17.278371000000003 0
vertex -27.999972000000007 -17.278371000000003 0
endloop
endfacet
facet normal 0 0 -1
outer loop
vertex -1.8184760000000004 -17.050044000000003 0
vertex -27.999972000000007 -17.278371000000003 0
vertex -27.999972000000007 -17.050044000000003 0
endloop
endfacet
facet normal 0 0 -0.9999999999999999
outer loop
vertex 27.999972000000007 -17.050044000000003 0
vertex 27.999972000000007 -17.278371000000003 0
vertex 1.6658510000000004 -17.278371000000003 0
endloop
endfacet
facet normal 0 0 -1
outer loop
vertex 27.999972000000007 -17.050044000000003 0
vertex 1.6658510000000004 -17.278371000000003 0
vertex 1.8184760000000004 -17.050044000000003 0
endloop
endfacet
facet normal 0 0 -1
outer loop
vertex -1.6658510000000004 -17.278371000000003 0
vertex -1.4847360000000003 -17.485127000000002 0
vertex -27.999972000000007 -17.485127000000002 0
endloop
endfacet
facet normal 0 0 -1
outer loop
vertex -1.6658510000000004 -17.278371000000003 0
vertex -27.999972000000007 -17.485127000000002 0
vertex -27.999972000000007 -17.278371000000003 0
endloop
endfacet
facet normal 0 0 -1
outer loop
vertex 27.999972000000007 -17.278371000000003 0
vertex 27.999972000000007 -17.485127000000002 0
vertex 1.4847360000000003 -17.485127000000002 0
endloop
endfacet
facet normal 0 0 -1
outer loop
vertex 27.999972000000007 -17.278371000000003 0
vertex 1.4847360000000003 -17.485127000000002 0
vertex 1.6658510000000004 -17.278371000000003 0
endloop
endfacet
facet normal 0 0 -1
outer loop
vertex -1.4847360000000003 -17.485127000000002 0
vertex -1.2783870000000002 -17.666242000000004 0
vertex -27.999972000000007 -17.666242000000004 0
endloop
endfacet
facet normal 0 0 -1
outer loop
vertex -1.4847360000000003 -17.485127000000002 0
vertex -27.999972000000007 -17.666242000000004 0
vertex -27.999972000000007 -17.485127000000002 0
endloop
endfacet
facet normal 0 0 -1
outer loop
vertex 27.999972000000007 -17.485127000000002 0
vertex 27.999972000000007 -17.666242000000004 0
vertex 1.2783870000000002 -17.666242000000004 0
endloop
endfacet
facet normal 0 0 -1
outer loop
vertex 27.999972000000007 -17.485127000000002 0
vertex 1.2783870000000002 -17.666242000000004 0
vertex 1.4847360000000003 -17.485127000000002 0
endloop
endfacet
facet normal 0 0 -1
outer loop
vertex -1.2783870000000002 -17.666242000000004 0
vertex -1.0500600000000002 -17.818460000000005 0
vertex -27.999972000000007 -17.818460000000005 0
endloop
endfacet
facet normal 0 0 -1
outer loop
vertex -1.2783870000000002 -17.666242000000004 0
vertex -27.999972000000007 -17.818460000000005 0
vertex -27.999972000000007 -17.666242000000004 0
endloop
endfacet
facet normal 0 0 -1
outer loop
vertex 27.999972000000007 -17.666242000000004 0
vertex 27.999972000000007 -17.818460000000005 0
vertex 1.0500600000000002 -17.818460000000005 0
endloop
endfacet
facet normal 0 0 -1
outer loop
vertex 27.999972000000007 -17.666242000000004 0
vertex 1.0500600000000002 -17.818460000000005 0
vertex 1.2783870000000002 -17.666242000000004 0
endloop
endfacet
facet normal 0 0 -0.9999999999999999
outer loop
vertex -1.0500600000000002 -17.818460000000005 0
vertex -0.8038250000000001 -17.940153000000002 0
vertex -27.999972000000007 -17.940153000000002 0
endloop
endfacet
facet normal 0 0 -1
outer loop
vertex -1.0500600000000002 -17.818460000000005 0
vertex -27.999972000000007 -17.940153000000002 0
vertex -27.999972000000007 -17.818460000000005 0
endloop
endfacet
facet normal 0 0 -0.9999999999999999
outer loop
vertex 27.999972000000007 -17.818460000000005 0
vertex 27.999972000000007 -17.940153000000002 0
vertex 0.8038250000000001 -17.940153000000002 0
endloop
endfacet
facet normal 0 0 -1
outer loop
vertex 27.999972000000007 -17.818460000000005 0
vertex 0.8038250000000001 -17.940153000000002 0
vertex 1.0500600000000002 -17.818460000000005 0
endloop
endfacet
facet normal 0 0 -1
outer loop
vertex -0.8038250000000001 -17.940153000000002 0
vertex -0.5433450000000001 -18.028472000000004 0
vertex -27.999972000000007 -18.028472000000004 0
endloop
endfacet
facet normal 0 0 -1
outer loop
vertex -0.8038250000000001 -17.940153000000002 0
vertex -27.999972000000007 -18.028472000000004 0
vertex -27.999972000000007 -17.940153000000002 0
endloop
endfacet
facet normal 0 0 -1
outer loop
vertex 27.999972000000007 -17.940153000000002 0
vertex 27.999972000000007 -18.028472000000004 0
vertex 0.5433450000000001 -18.028472000000004 0
endloop
endfacet
facet normal 0 0 -1
outer loop
vertex 27.999972000000007 -17.940153000000002 0
vertex 0.5433450000000001 -18.028472000000004 0
vertex 0.8038250000000001 -17.940153000000002 0
endloop
endfacet
facet normal 0 0 -1
outer loop
vertex -0.5433450000000001 -18.028472000000004 0
vertex -0.27391100000000007 -18.082196000000003 0
vertex -27.999972000000007 -18.082196000000003 0
endloop
endfacet
facet normal 0 0 -1
outer loop
vertex -0.5433450000000001 -18.028472000000004 0
vertex -27.999972000000007 -18.082196000000003 0
vertex -27.999972000000007 -18.028472000000004 0
endloop
endfacet
facet normal 0 0 -1
outer loop
vertex 27.999972000000007 -18.028472000000004 0
vertex 27.999972000000007 -18.082196000000003 0
vertex 0.27391100000000007 -18.082196000000003 0
endloop
endfacet
facet normal 0 0 -1
outer loop
vertex 27.999972000000007 -18.028472000000004 0
vertex 0.27391100000000007 -18.082196000000003 0
vertex 0.5433450000000001 -18.028472000000004 0
endloop
endfacet
facet normal 0 0 -1
outer loop
vertex -0.27391100000000007 -18.082196000000003 0
vertex 0 -18.100104000000005 0
vertex -27.999972000000007 -18.100104000000005 0
endloop
endfacet
facet normal 0 0 -1
outer loop
vertex -0.27391100000000007 -18.082196000000003 0
vertex -27.999972000000007 -18.100104000000005 0
vertex -27.999972000000007 -18.082196000000003 0
endloop
endfacet
facet normal 0 0 -1
outer loop
vertex 27.999972000000007 -18.082196000000003 0
vertex 27.999972000000007 -18.100104000000005 0
vertex 0 -18.100104000000005 0
endloop
endfacet
facet normal 0 0 -1
outer loop
vertex 27.999972000000007 -18.082196000000003 0
vertex 0 -18.100104000000005 0
vertex 0.27391100000000007 -18.082196000000003 0
endloop
endfacet
facet normal 0 0 -1
outer loop
vertex 0 -23.952357000000006 0
vertex 0 -18.100104000000005 0
vertex 27.999972000000007 -18.100104000000005 0
endloop
endfacet
facet normal 0 0 -1
outer loop
vertex 0 -23.952357000000006 0
vertex 27.999972000000007 -18.100104000000005 0
vertex 27.999972000000007 -18.999981000000005 0
endloop
endfacet
facet normal 0 0 -1
outer loop
vertex 0 -23.952357000000006 0
vertex 27.999972000000007 -18.999981000000005 0
vertex 27.923049000000006 -20.174583000000005 0
endloop
endfacet
facet normal 0 0 -1
outer loop
vertex 0 -23.952357000000006 0
vertex 27.923049000000006 -20.174583000000005 0
vertex 27.693501000000005 -21.329242000000004 0
endloop
endfacet
facet normal 0 0 -1
outer loop
vertex 0 -23.952357000000006 0
vertex 27.693501000000005 -21.329242000000004 0
vertex 27.314991000000006 -22.444015000000004 0
endloop
endfacet
facet normal 0 0 -0.9999999999999999
outer loop
vertex 0 -23.952357000000006 0
vertex 27.314991000000006 -22.444015000000004 0
vertex 26.794031000000004 -23.500180000000004 0
endloop
endfacet
facet normal 0 0 -1
outer loop
vertex 0 -23.952357000000006 0
vertex 26.794031000000004 -23.500180000000004 0
vertex 26.139982000000007 -24.479015000000004 0
endloop
endfacet
facet normal 0 0 -1
outer loop
vertex 0 -23.952357000000006 0
vertex 26.139982000000007 -24.479015000000004 0
vertex 25.363833000000007 -25.363833000000007 0
endloop
endfacet
facet normal 0 0 -1
outer loop
vertex 0 -23.952357000000006 0
vertex 25.363833000000007 -25.363833000000007 0
vertex 24.479015000000004 -26.139982000000007 0
endloop
endfacet
facet normal 0 0 -1
outer loop
vertex 0 -23.952357000000006 0
vertex 24.479015000000004 -26.139982000000007 0
vertex 23.500180000000004 -26.794031000000004 0
endloop
endfacet
facet normal 0 0 -1
outer loop
vertex 0 -23.952357000000006 0
vertex 23.500180000000004 -26.794031000000004 0
vertex 22.444015000000004 -27.314991000000006 0
endloop
endfacet
facet normal 0 0 -1
outer loop
vertex 0 -23.952357000000006 0
vertex 22.444015000000004 -27.314991000000006 0
vertex 21.329242000000004 -27.693501000000005 0
endloop
endfacet
facet normal 0 0 -1
outer loop
vertex 0 -23.952357000000006 0
vertex 21.329242000000004 -27.693501000000005 0
vertex 20.174583000000005 -27.923049000000006 0
endloop
endfacet
facet normal 0 0 -1
outer loop
vertex 0 -23.952357000000006 0
vertex 20.174583000000005 -27.923049000000006 0
vertex 18.999981000000005 -27.999972000000007 0
endloop
endfacet
facet normal 0 0 -1
outer loop
vertex 0 -23.952357000000006 0
vertex 18.999981000000005 -27.999972000000007 0
vertex -18.999981000000005 -27.999972000000007 0
endloop
endfacet
facet normal 0 0 -1
outer loop
vertex 0 -23.952357000000006 0
vertex -18.999981000000005 -27.999972000000007 0
vertex -20.174583000000005 -27.923049000000006 0
endloop
endfacet
facet normal 0 0 -1
outer loop
vertex 0 -23.952357000000006 0
vertex -20.174583000000005 -27.923049000000006 0
vertex -21.329242000000004 -27.693501000000005 0
endloop
endfacet
facet normal 0 0 -1
outer loop
vertex 0 -23.952357000000006 0
vertex -21.329242000000004 -27.693501000000005 0
vertex -22.444015000000004 -27.314991000000006 0
endloop
endfacet
facet normal 0 0 -1
outer loop
vertex 0 -23.952357000000006 0
vertex -22.444015000000004 -27.314991000000006 0
vertex -23.500180000000004 -26.794031000000004 0
endloop
endfacet
facet normal 0 0 -1
outer loop
vertex 0 -23.952357000000006 0
vertex -23.500180000000004 -26.794031000000004 0
vertex -24.479015000000004 -26.139982000000007 0
endloop
endfacet
facet normal 0 0 -1
outer loop
vertex 0 -23.952357000000006 0
vertex -24.479015000000004 -26.139982000000007 0
vertex -25.363833000000007 -25.363833000000007 0
endloop
endfacet
facet normal 0 0 -1
outer loop
vertex 0 -23.952357000000006 0
vertex -25.363833000000007 -25.363833000000007 0
vertex -26.139982000000007 -24.479015000000004 0
endloop
endfacet
facet normal 0 0 -1
outer loop
vertex 0 -23.952357000000006 0
vertex -26.139982000000007 -24.479015000000004 0
vertex -26.794031000000004 -23.500180000000004 0
endloop
endfacet
facet normal 0 0 -0.9999999999999999
outer loop
vertex 0 -23.952357000000006 0
vertex -26.794031000000004 -23.500180000000004 0
vertex -27.314991000000006 -22.444015000000004 0
endloop
endfacet
facet normal 0 0 -1
outer loop
vertex 0 -23.952357000000006 0
vertex -27.314991000000006 -22.444015000000004 0
vertex -27.693501000000005 -21.329242000000004 0
endloop
endfacet
facet normal 0 0 -1
outer loop
vertex 0 -23.952357000000006 0
vertex -27.693501000000005 -21.329242000000004 0
vertex -27.923049000000006 -20.174583000000005 0
endloop
endfacet
facet normal 0 0 -1
outer loop
vertex 0 -23.952357000000006 0
vertex -27.923049000000006 -20.174583000000005 0
vertex -27.999972000000007 -18.999981000000005 0
endloop
endfacet
facet normal 0 0 -1
outer loop
vertex 0 -23.952357000000006 0
vertex -27.999972000000007 -18.999981000000005 0
vertex -27.999972000000007 -18.100104000000005 0
endloop
endfacet
facet normal 0 0 -1
outer loop
vertex 0 -23.952357000000006 0
vertex -27.999972000000007 -18.100104000000005 0
vertex 0 -18.100104000000005 0
endloop
endfacet
facet normal -0.9978759235925985 -0.06514323536806232 0
outer loop
vertex 2.1001200000000004 15.999984000000003 0
vertex 2.1001200000000004 15.999984000000003 7.9999920000000015
vertex 2.0822120000000006 16.274302000000002 7.9999920000000015
endloop
endfacet
facet normal -0.9978759235925985 -0.06514323536806232 0
outer loop
vertex 2.1001200000000004 15.999984000000003 0
vertex 2.0822120000000006 16.274302000000002 7.9999920000000015
vertex 2.0822120000000006 16.274302000000002 0
endloop
endfacet
facet normal -0.9806376944503559 -0.19583082551807438 0
outer loop
vertex 2.0822120000000006 16.274302000000002 0
vertex 2.0822120000000006 16.274302000000002 7.9999920000000015
vertex 2.0284880000000003 16.543329000000004 7.9999920000000015
endloop
endfacet
facet normal -0.9806376944503559 -0.19583082551807438 0
outer loop
vertex 2.0822120000000006 16.274302000000002 0
vertex 2.0284880000000003 16.543329000000004 7.9999920000000015
vertex 2.0284880000000003 16.543329000000004 0
endloop
endfacet
facet normal -0.9470430001029406 -0.3211067672224012 0
outer loop
vertex 2.0284880000000003 16.543329000000004 0
vertex 2.0284880000000003 16.543329000000004 7.9999920000000015
vertex 1.9401690000000005 16.803809000000005 7.9999920000000015
endloop
endfacet
facet normal -0.9470430001029406 -0.3211067672224012 0
outer loop
vertex 2.0284880000000003 16.543329000000004 0
vertex 1.9401690000000005 16.803809000000005 7.9999920000000015
vertex 1.9401690000000005 16.803809000000005 0
endloop
endfacet
facet normal -0.8964920948268325 -0.44305972950946193 0
outer loop
vertex 1.9401690000000005 16.803809000000005 0
vertex 1.9401690000000005 16.803809000000005 7.9999920000000015
vertex 1.8184760000000004 17.050044000000003 7.9999920000000015
endloop
endfacet
facet normal -0.8964920948268325 -0.44305972950946193 0
outer loop
vertex 1.9401690000000005 16.803809000000005 0
vertex 1.8184760000000004 17.050044000000003 7.9999920000000015
vertex 1.8184760000000004 17.050044000000003 0
endloop
endfacet
facet normal -0.8313656916843988 -0.5557257297355602 0
outer loop
vertex 1.8184760000000004 17.050044000000003 0
vertex 1.8184760000000004 17.050044000000003 7.9999920000000015
vertex 1.6658510000000004 17.278371000000003 7.9999920000000015
endloop
endfacet
facet normal -0.8313656916843988 -0.5557257297355602 0
outer loop
vertex 1.8184760000000004 17.050044000000003 0
vertex 1.6658510000000004 17.278371000000003 7.9999920000000015
vertex 1.6658510000000004 17.278371000000003 0
endloop
endfacet
facet normal -0.7522096719091625 -0.6589238267708264 0
outer loop
vertex 1.6658510000000004 17.278371000000003 0
vertex 1.6658510000000004 17.278371000000003 7.9999920000000015
vertex 1.4847360000000003 17.485127000000002 7.9999920000000015
endloop
endfacet
facet normal -0.7522096719091625 -0.6589238267708264 0
outer loop
vertex 1.6658510000000004 17.278371000000003 0
vertex 1.4847360000000003 17.485127000000002 7.9999920000000015
vertex 1.4847360000000003 17.485127000000002 0
endloop
endfacet
facet normal -0.6596582514701461 -0.7515656932480017 0
outer loop
vertex 1.4847360000000003 17.485127000000002 0
vertex 1.4847360000000003 17.485127000000002 7.9999920000000015
vertex 1.2783870000000002 17.666242000000004 7.9999920000000015
endloop
endfacet
facet normal -0.6596582514701461 -0.7515656932480017 0
outer loop
vertex 1.4847360000000003 17.485127000000002 0
vertex 1.2783870000000002 17.666242000000004 7.9999920000000015
vertex 1.2783870000000002 17.666242000000004 0
endloop
endfacet
facet normal -0.5547001962252325 -0.8320502943378415 0
outer loop
vertex 1.2783870000000002 17.666242000000004 0
vertex 1.2783870000000002 17.666242000000004 7.9999920000000015
vertex 1.0500600000000002 17.818460000000005 7.9999920000000015
endloop
endfacet
facet normal -0.5547001962252325 -0.8320502943378415 0
outer loop
vertex 1.2783870000000002 17.666242000000004 0
vertex 1.0500600000000002 17.818460000000005 7.9999920000000015
vertex 1.0500600000000002 17.818460000000005 0
endloop
endfacet
facet normal -0.4430597295094507 -0.8964920948268379 0
outer loop
vertex 1.0500600000000002 17.818460000000005 0
vertex 1.0500600000000002 17.818460000000005 7.9999920000000015
vertex 0.8038250000000001 17.940153000000002 7.9999920000000015
endloop
endfacet
facet normal -0.4430597295094507 -0.8964920948268379 0
outer loop
vertex 1.0500600000000002 17.818460000000005 0
vertex 0.8038250000000001 17.940153000000002 7.9999920000000015
vertex 0.8038250000000001 17.940153000000002 0
endloop
endfacet
facet normal -0.3211067672224097 -0.947043000102938 0
outer loop
vertex 0.8038250000000001 17.940153000000002 0
vertex 0.8038250000000001 17.940153000000002 7.9999920000000015
vertex 0.5433450000000001 18.028472000000004 7.9999920000000015
endloop
endfacet
facet normal -0.3211067672224097 -0.947043000102938 0
outer loop
vertex 0.8038250000000001 17.940153000000002 0
vertex 0.5433450000000001 18.028472000000004 7.9999920000000015
vertex 0.5433450000000001 18.028472000000004 0
endloop
endfacet
facet normal -0.1955463283470597 -0.9806944648920906 0
outer loop
vertex 0.5433450000000001 18.028472000000004 0
vertex 0.5433450000000001 18.028472000000004 7.9999920000000015
vertex 0.27391100000000007 18.082196000000003 7.9999920000000015
endloop
endfacet
facet normal -0.1955463283470597 -0.9806944648920906 0
outer loop
vertex 0.5433450000000001 18.028472000000004 0
vertex 0.27391100000000007 18.082196000000003 7.9999920000000015
vertex 0.27391100000000007 18.082196000000003 0
endloop
endfacet
facet normal -0.06523961898920934 -0.9978696268121117 0
outer loop
vertex 0.27391100000000007 18.082196000000003 0
vertex 0.27391100000000007 18.082196000000003 7.9999920000000015
vertex 0 18.100104000000005 7.9999920000000015
endloop
endfacet
facet normal -0.06523961898920934 -0.9978696268121117 0
outer loop
vertex 0.27391100000000007 18.082196000000003 0
vertex 0 18.100104000000005 7.9999920000000015
vertex 0 18.100104000000005 0
endloop
endfacet
facet normal 0.1955463283470597 -0.9806944648920906 0
outer loop
vertex -0.27391100000000007 18.082196000000003 0
vertex -0.27391100000000007 18.082196000000003 7.9999920000000015
vertex -0.5433450000000001 18.028472000000004 7.9999920000000015
endloop
endfacet
facet normal 0.1955463283470597 -0.9806944648920906 0
outer loop
vertex -0.27391100000000007 18.082196000000003 0
vertex -0.5433450000000001 18.028472000000004 7.9999920000000015
vertex -0.5433450000000001 18.028472000000004 0
endloop
endfacet
facet normal 0.3211067672224097 -0.947043000102938 0
outer loop
vertex -0.5433450000000001 18.028472000000004 0
vertex -0.5433450000000001 18.028472000000004 7.9999920000000015
vertex -0.8038250000000001 17.940153000000002 7.9999920000000015
endloop
endfacet
facet normal 0.3211067672224097 -0.947043000102938 0
outer loop
vertex -0.5433450000000001 18.028472000000004 0
vertex -0.8038250000000001 17.940153000000002 7.9999920000000015
vertex -0.8038250000000001 17.940153000000002 0
endloop
endfacet
facet normal 0.4430597295094507 -0.8964920948268379 0
outer loop
vertex -0.8038250000000001 17.940153000000002 0
vertex -0.8038250000000001 17.940153000000002 7.9999920000000015
vertex -1.0500600000000002 17.818460000000005 7.9999920000000015
endloop
endfacet
facet normal 0.4430597295094507 -0.8964920948268379 0
outer loop
vertex -0.8038250000000001 17.940153000000002 0
vertex -1.0500600000000002 17.818460000000005 7.9999920000000015
vertex -1.0500600000000002 17.818460000000005 0
endloop
endfacet
facet normal 0.5547001962252325 -0.8320502943378415 0
outer loop
vertex -1.0500600000000002 17.818460000000005 0
vertex -1.0500600000000002 17.818460000000005 7.9999920000000015
vertex -1.2783870000000002 17.666242000000004 7.9999920000000015
endloop
endfacet
facet normal 0.5547001962252325 -0.8320502943378415 0
outer loop
vertex -1.0500600000000002 17.818460000000005 0
vertex -1.2783870000000002 17.666242000000004 7.9999920000000015
vertex -1.2783870000000002 17.666242000000004 0
endloop
endfacet
facet normal 0.6596582514701461 -0.7515656932480017 0
outer loop
vertex -1.2783870000000002 17.666242000000004 0
vertex -1.2783870000000002 17.666242000000004 7.9999920000000015
vertex -1.4847360000000003 17.485127000000002 7.9999920000000015
endloop
endfacet
facet normal 0.6596582514701461 -0.7515656932480017 0
outer loop
vertex -1.2783870000000002 17.666242000000004 0
vertex -1.4847360000000003 17.485127000000002 7.9999920000000015
vertex -1.4847360000000003 17.485127000000002 0
endloop
endfacet
facet normal 0.7522096719091625 -0.6589238267708264 0
outer loop
vertex -1.4847360000000003 17.485127000000002 0
vertex -1.4847360000000003 17.485127000000002 7.9999920000000015
vertex -1.6658510000000004 17.278371000000003 7.9999920000000015
endloop
endfacet
facet normal 0.7522096719091625 -0.6589238267708264 0
outer loop
vertex -1.4847360000000003 17.485127000000002 0
vertex -1.6658510000000004 17.278371000000003 7.9999920000000015
vertex -1.6658510000000004 17.278371000000003 0
endloop
endfacet
facet normal 0.8313656916843988 -0.5557257297355602 0
outer loop
vertex -1.6658510000000004 17.278371000000003 0
vertex -1.6658510000000004 17.278371000000003 7.9999920000000015
vertex -1.8184760000000004 17.050044000000003 7.9999920000000015
endloop
endfacet
facet normal 0.8313656916843988 -0.5557257297355602 0
outer loop
vertex -1.6658510000000004 17.278371000000003 0
vertex -1.8184760000000004 17.050044000000003 7.9999920000000015
vertex -1.8184760000000004 17.050044000000003 0
endloop
endfacet
facet normal 0.8964920948268325 -0.44305972950946193 0
outer loop
vertex -1.8184760000000004 17.050044000000003 0
vertex -1.8184760000000004 17.050044000000003 7.9999920000000015
vertex -1.9401690000000005 16.803809000000005 7.9999920000000015
endloop
endfacet
facet normal 0.8964920948268325 -0.44305972950946193 0
outer loop
vertex -1.8184760000000004 17.050044000000003 0
vertex -1.9401690000000005 16.803809000000005 7.9999920000000015
vertex -1.9401690000000005 16.803809000000005 0
endloop
endfacet
facet normal 0.9470430001029406 -0.3211067672224012 0
outer loop
vertex -1.9401690000000005 16.803809000000005 0
vertex -1.9401690000000005 16.803809000000005 7.9999920000000015
vertex -2.0284880000000003 16.543329000000004 7.9999920000000015
endloop
endfacet
facet normal 0.9470430001029406 -0.3211067672224012 0
outer loop
vertex -1.9401690000000005 16.803809000000005 0
vertex -2.0284880000000003 16.543329000000004 7.9999920000000015
vertex -2.0284880000000003 16.543329000000004 0
endloop
endfacet
facet normal 0.9806376944503559 -0.19583082551807438 0
outer loop
vertex -2.0284880000000003 16.543329000000004 0
vertex -2.0284880000000003 16.543329000000004 7.9999920000000015
vertex -2.0822120000000006 16.274302000000002 7.9999920000000015
endloop
endfacet
facet normal 0.9806376944503559 -0.19583082551807438 0
outer loop
vertex -2.0284880000000003 16.543329000000004 0
vertex -2.0822120000000006 16.274302000000002 7.9999920000000015
vertex -2.0822120000000006 16.274302000000002 0
endloop
endfacet
facet normal 0.9978759235925985 -0.06514323536806232 0
outer loop
vertex -2.0822120000000006 16.274302000000002 0
vertex -2.0822120000000006 16.274302000000002 7.9999920000000015
vertex -2.1001200000000004 15.999984000000003 7.9999920000000015
endloop
endfacet
facet normal 0.9978759235925985 -0.06514323536806232 0
outer loop
vertex -2.0822120000000006 16.274302000000002 0
vertex -2.1001200000000004 15.999984000000003 7.9999920000000015
vertex -2.1001200000000004 15.999984000000003 0
endloop
endfacet
facet normal 0.9978696268121121 0.06523961898920129 0
outer loop
vertex -2.1001200000000004 15.999984000000003 0
vertex -2.1001200000000004 15.999984000000003 7.9999920000000015
vertex -2.0822120000000006 15.726073000000003 7.9999920000000015
endloop
endfacet
facet normal 0.9978696268121121 0.06523961898920129 0
outer loop
vertex -2.1001200000000004 15.999984000000003 0
vertex -2.0822120000000006 15.726073000000003 7.9999920000000015
vertex -2.0822120000000006 15.726073000000003 0
endloop
endfacet
facet normal 0.9806944648920898 0.1955463283470641 0
outer loop
vertex -2.0822120000000006 15.726073000000003 0
vertex -2.0822120000000006 15.726073000000003 7.9999920000000015
vertex -2.0284880000000003 15.456639000000003 7.9999920000000015
endloop
endfacet
facet normal 0.9806944648920898 0.1955463283470641 0
outer loop
vertex -2.0822120000000006 15.726073000000003 0
vertex -2.0284880000000003 15.456639000000003 7.9999920000000015
vertex -2.0284880000000003 15.456639000000003 0
endloop
endfacet
facet normal 0.9468901019413376 0.3215573585622373 0
outer loop
vertex -2.0284880000000003 15.456639000000003 0
vertex -2.0284880000000003 15.456639000000003 7.9999920000000015
vertex -1.9401690000000005 15.196566000000002 7.9999920000000015
endloop
endfacet
facet normal 0.9468901019413376 0.3215573585622373 0
outer loop
vertex -2.0284880000000003 15.456639000000003 0
vertex -1.9401690000000005 15.196566000000002 7.9999920000000015
vertex -1.9401690000000005 15.196566000000002 0
endloop
endfacet
facet normal 0.8967823973629565 0.4424718429233078 0
outer loop
vertex -1.9401690000000005 15.196566000000002 0
vertex -1.9401690000000005 15.196566000000002 7.9999920000000015
vertex -1.8184760000000004 14.949924000000003 7.9999920000000015
endloop
endfacet
facet normal 0.8967823973629565 0.4424718429233078 0
outer loop
vertex -1.9401690000000005 15.196566000000002 0
vertex -1.8184760000000004 14.949924000000003 7.9999920000000015
vertex -1.8184760000000004 14.949924000000003 0
endloop
endfacet
facet normal 0.8313656916843988 0.5557257297355602 0
outer loop
vertex -1.8184760000000004 14.949924000000003 0
vertex -1.8184760000000004 14.949924000000003 7.9999920000000015
vertex -1.6658510000000004 14.721597000000003 7.9999920000000015
endloop
endfacet
facet normal 0.8313656916843988 0.5557257297355602 0
outer loop
vertex -1.8184760000000004 14.949924000000003 0
vertex -1.6658510000000004 14.721597000000003 7.9999920000000015
vertex -1.6658510000000004 14.721597000000003 0
endloop
endfacet
facet normal 0.7515656932480038 0.6596582514701437 0
outer loop
vertex -1.6658510000000004 14.721597000000003 0
vertex -1.6658510000000004 14.721597000000003 7.9999920000000015
vertex -1.4847360000000003 14.515248000000003 7.9999920000000015
endloop
endfacet
facet normal 0.7515656932480038 0.6596582514701437 0
outer loop
vertex -1.6658510000000004 14.721597000000003 0
vertex -1.4847360000000003 14.515248000000003 7.9999920000000015
vertex -1.4847360000000003 14.515248000000003 0
endloop
endfacet
facet normal 0.6596582514701425 0.7515656932480049 0
outer loop
vertex -1.4847360000000003 14.515248000000003 0
vertex -1.4847360000000003 14.515248000000003 7.9999920000000015
vertex -1.2783870000000002 14.334133000000003 7.9999920000000015
endloop
endfacet
facet normal 0.6596582514701425 0.7515656932480049 0
outer loop
vertex -1.4847360000000003 14.515248000000003 0
vertex -1.2783870000000002 14.334133000000003 7.9999920000000015
vertex -1.2783870000000002 14.334133000000003 0
endloop
endfacet
facet normal 0.5557257297355618 0.8313656916843978 0
outer loop
vertex -1.2783870000000002 14.334133000000003 0
vertex -1.2783870000000002 14.334133000000003 7.9999920000000015
vertex -1.0500600000000002 14.181508000000003 7.9999920000000015
endloop
endfacet
facet normal 0.5557257297355618 0.8313656916843978 0
outer loop
vertex -1.2783870000000002 14.334133000000003 0
vertex -1.0500600000000002 14.181508000000003 7.9999920000000015
vertex -1.0500600000000002 14.181508000000003 0
endloop
endfacet
facet normal 0.44305972950946115 0.8964920948268329 0
outer loop
vertex -1.0500600000000002 14.181508000000003 0
vertex -1.0500600000000002 14.181508000000003 7.9999920000000015
vertex -0.8038250000000001 14.059815000000002 7.9999920000000015
endloop
endfacet
facet normal 0.44305972950946115 0.8964920948268329 0
outer loop
vertex -1.0500600000000002 14.181508000000003 0
vertex -0.8038250000000001 14.059815000000002 7.9999920000000015
vertex -0.8038250000000001 14.059815000000002 0
endloop
endfacet
facet normal 0.3211067672224039 0.9470430001029398 0
outer loop
vertex -0.8038250000000001 14.059815000000002 0
vertex -0.8038250000000001 14.059815000000002 7.9999920000000015
vertex -0.5433450000000001 13.971496000000002 7.9999920000000015
endloop
endfacet
facet normal 0.3211067672224039 0.9470430001029398 0
outer loop
vertex -0.8038250000000001 14.059815000000002 0
vertex -0.5433450000000001 13.971496000000002 7.9999920000000015
vertex -0.5433450000000001 13.971496000000002 0
endloop
endfacet
facet normal 0.1955463283470597 0.9806944648920906 0
outer loop
vertex -0.5433450000000001 13.971496000000002 0
vertex -0.5433450000000001 13.971496000000002 7.9999920000000015
vertex -0.27391100000000007 13.917772000000003 7.9999920000000015
endloop
endfacet
facet normal 0.1955463283470597 0.9806944648920906 0
outer loop
vertex -0.5433450000000001 13.971496000000002 0
vertex -0.27391100000000007 13.917772000000003 7.9999920000000015
vertex -0.27391100000000007 13.917772000000003 0
endloop
endfacet
facet normal 0.0652396189892029 0.9978696268121121 0
outer loop
vertex -0.27391100000000007 13.917772000000003 0
vertex -0.27391100000000007 13.917772000000003 7.9999920000000015
vertex 0 13.899864000000003 7.9999920000000015
endloop
endfacet
facet normal 0.0652396189892029 0.9978696268121121 0
outer loop
vertex -0.27391100000000007 13.917772000000003 0
vertex 0 13.899864000000003 7.9999920000000015
vertex 0 13.899864000000003 0
endloop
endfacet
facet normal -0.1955463283470597 0.9806944648920906 0
outer loop
vertex 0.27391100000000007 13.917772000000003 0
vertex 0.27391100000000007 13.917772000000003 7.9999920000000015
vertex 0.5433450000000001 13.971496000000002 7.9999920000000015
endloop
endfacet
facet normal -0.1955463283470597 0.9806944648920906 0
outer loop
vertex 0.27391100000000007 13.917772000000003 0
vertex 0.5433450000000001 13.971496000000002 7.9999920000000015
vertex 0.5433450000000001 13.971496000000002 0
endloop
endfacet
facet normal -0.3211067672224039 0.9470430001029398 0
outer loop
vertex 0.5433450000000001 13.971496000000002 0
vertex 0.5433450000000001 13.971496000000002 7.9999920000000015
vertex 0.8038250000000001 14.059815000000002 7.9999920000000015
endloop
endfacet
facet normal -0.3211067672224039 0.9470430001029398 0
outer loop
vertex 0.5433450000000001 13.971496000000002 0
vertex 0.8038250000000001 14.059815000000002 7.9999920000000015
vertex 0.8038250000000001 14.059815000000002 0
endloop
endfacet
facet normal -0.44305972950946115 0.8964920948268329 0
outer loop
vertex 0.8038250000000001 14.059815000000002 0
vertex 0.8038250000000001 14.059815000000002 7.9999920000000015
vertex 1.0500600000000002 14.181508000000003 7.9999920000000015
endloop
endfacet
facet normal -0.44305972950946115 0.8964920948268329 0
outer loop
vertex 0.8038250000000001 14.059815000000002 0
vertex 1.0500600000000002 14.181508000000003 7.9999920000000015
vertex 1.0500600000000002 14.181508000000003 0
endloop
endfacet
facet normal -0.5557257297355618 0.8313656916843978 0
outer loop
vertex 1.0500600000000002 14.181508000000003 0
vertex 1.0500600000000002 14.181508000000003 7.9999920000000015
vertex 1.2783870000000002 14.334133000000003 7.9999920000000015
endloop
endfacet
facet normal -0.5557257297355618 0.8313656916843978 0
outer loop
vertex 1.0500600000000002 14.181508000000003 0
vertex 1.2783870000000002 14.334133000000003 7.9999920000000015
vertex 1.2783870000000002 14.334133000000003 0
endloop
endfacet
facet normal -0.6596582514701425 0.7515656932480049 0
outer loop
vertex 1.2783870000000002 14.334133000000003 0
vertex 1.2783870000000002 14.334133000000003 7.9999920000000015
vertex 1.4847360000000003 14.515248000000003 7.9999920000000015
endloop
endfacet
facet normal -0.6596582514701425 0.7515656932480049 0
outer loop
vertex 1.2783870000000002 14.334133000000003 0
vertex 1.4847360000000003 14.515248000000003 7.9999920000000015
vertex 1.4847360000000003 14.515248000000003 0
endloop
endfacet
facet normal -0.7515656932480038 0.6596582514701437 0
outer loop
vertex 1.4847360000000003 14.515248000000003 0
vertex 1.4847360000000003 14.515248000000003 7.9999920000000015
vertex 1.6658510000000004 14.721597000000003 7.9999920000000015
endloop
endfacet
facet normal -0.7515656932480038 0.6596582514701437 0
outer loop
vertex 1.4847360000000003 14.515248000000003 0
vertex 1.6658510000000004 14.721597000000003 7.9999920000000015
vertex 1.6658510000000004 14.721597000000003 0
endloop
endfacet
facet normal -0.8313656916843988 0.5557257297355602 0
outer loop
vertex 1.6658510000000004 14.721597000000003 0
vertex 1.6658510000000004 14.721597000000003 7.9999920000000015
vertex 1.8184760000000004 14.949924000000003 7.9999920000000015
endloop
endfacet
facet normal -0.8313656916843988 0.5557257297355602 0
outer loop
vertex 1.6658510000000004 14.721597000000003 0
vertex 1.8184760000000004 14.949924000000003 7.9999920000000015
vertex 1.8184760000000004 14.949924000000003 0
endloop
endfacet
facet normal -0.8967823973629565 0.4424718429233078 0
outer loop
vertex 1.8184760000000004 14.949924000000003 0
vertex 1.8184760000000004 14.949924000000003 7.9999920000000015
vertex 1.9401690000000005 15.196566000000002 7.9999920000000015
endloop
endfacet
facet normal -0.8967823973629565 0.4424718429233078 0
outer loop
vertex 1.8184760000000004 14.949924000000003 0
vertex 1.9401690000000005 15.196566000000002 7.9999920000000015
vertex 1.9401690000000005 15.196566000000002 0
endloop
endfacet
facet normal -0.9468901019413376 0.3215573585622373 0
outer loop
vertex 1.9401690000000005 15.196566000000002 0
vertex 1.9401690000000005 15.196566000000002 7.9999920000000015
vertex 2.0284880000000003 15.456639000000003 7.9999920000000015
endloop
endfacet
facet normal -0.9468901019413376 0.3215573585622373 0
outer loop
vertex 1.9401690000000005 15.196566000000002 0
vertex 2.0284880000000003 15.456639000000003 7.9999920000000015
vertex 2.0284880000000003 15.456639000000003 0
endloop
endfacet
facet normal -0.9806944648920898 0.1955463283470641 0
outer loop
vertex 2.0284880000000003 15.456639000000003 0
vertex 2.0284880000000003 15.456639000000003 7.9999920000000015
vertex 2.0822120000000006 15.726073000000003 7.9999920000000015
endloop
endfacet
facet normal -0.9806944648920898 0.1955463283470641 0
outer loop
vertex 2.0284880000000003 15.456639000000003 0
vertex 2.0822120000000006 15.726073000000003 7.9999920000000015
vertex 2.0822120000000006 15.726073000000003 0
endloop
endfacet
facet normal -0.9978696268121121 0.06523961898920129 0
outer loop
vertex 2.0822120000000006 15.726073000000003 0
vertex 2.0822120000000006 15.726073000000003 7.9999920000000015
vertex 2.1001200000000004 15.999984000000003 7.9999920000000015
endloop
endfacet
facet normal -0.9978696268121121 0.06523961898920129 0
outer loop
vertex 2.0822120000000006 15.726073000000003 0
vertex 2.1001200000000004 15.999984000000003 7.9999920000000015
vertex 2.1001200000000004 15.999984000000003 0
endloop
endfacet
facet normal 0.06523961898920934 -0.9978696268121117 0
outer loop
vertex -0.27391100000000007 18.082196000000003 7.9999920000000015
vertex -0.27391100000000007 18.082196000000003 0
vertex 0 18.100104000000005 0
endloop
endfacet
facet normal 0.06523961898920934 -0.9978696268121117 0
outer loop
vertex -0.27391100000000007 18.082196000000003 7.9999920000000015
vertex 0 18.100104000000005 0
vertex 0 18.100104000000005 7.9999920000000015
endloop
endfacet
facet normal -0.0652396189892029 0.9978696268121121 0
outer loop
vertex 0.27391100000000007 13.917772000000003 7.9999920000000015
vertex 0.27391100000000007 13.917772000000003 0
vertex 0 13.899864000000003 0
endloop
endfacet
facet normal -0.0652396189892029 0.9978696268121121 0
outer loop
vertex 0.27391100000000007 13.917772000000003 7.9999920000000015
vertex 0 13.899864000000003 0
vertex 0 13.899864000000003 7.9999920000000015
endloop
endfacet
facet normal 0 0 1
outer loop
vertex 15.999984000000003 0 0.8001620000000002
vertex 15.245406000000003 7.6629960000000015 0.8001620000000002
vertex 14.497747000000002 7.551885000000001 0.8001620000000002
endloop
endfacet
facet normal 0 0 0.9999999999999999
outer loop
vertex 15.999984000000003 0 0.8001620000000002
vertex 14.497747000000002 7.551885000000001 0.8001620000000002
vertex 13.764740000000003 7.368328000000002 0.8001620000000002
endloop
endfacet
facet normal 0 0 1
outer loop
vertex 15.999984000000003 0 0.8001620000000002
vertex 13.764740000000003 7.368328000000002 0.8001620000000002
vertex 13.053304000000002 7.113953000000001 0.8001620000000002
endloop
endfacet
facet normal 0 0 1
outer loop
vertex 15.999984000000003 0 0.8001620000000002
vertex 13.053304000000002 7.113953000000001 0.8001620000000002
vertex 12.370358000000003 6.790795000000001 0.8001620000000002
endloop
endfacet
facet normal 0 0 1
outer loop
vertex 15.999984000000003 0 0.8001620000000002
vertex 12.370358000000003 6.790795000000001 0.8001620000000002
vertex 11.722007000000003 6.402517000000001 0.8001620000000002
endloop
endfacet
facet normal 0 0 1
outer loop
vertex 15.999984000000003 0 0.8001620000000002
vertex 11.722007000000003 6.402517000000001 0.8001620000000002
vertex 11.115170000000003 5.952375000000001 0.8001620000000002
endloop
endfacet
facet normal 0 0 1
outer loop
vertex 15.999984000000003 0 0.8001620000000002
vertex 11.115170000000003 5.952375000000001 0.8001620000000002
vertex 10.555138000000001 5.444846000000001 0.8001620000000002
endloop
endfacet
facet normal 0 0 1
outer loop
vertex 15.999984000000003 0 0.8001620000000002
vertex 10.555138000000001 5.444846000000001 0.8001620000000002
vertex 10.048016000000002 4.884814000000001 0.8001620000000002
endloop
endfacet
facet normal 0 0 1
outer loop
vertex 15.999984000000003 0 0.8001620000000002
vertex 10.048016000000002 4.884814000000001 0.8001620000000002
vertex 9.597874000000003 4.277977000000001 0.8001620000000002
endloop
endfacet
facet normal 0 0 1
outer loop
vertex 15.999984000000003 0 0.8001620000000002
vertex 9.597874000000003 4.277977000000001 0.8001620000000002
vertex 9.209189000000002 3.629626000000001 0.8001620000000002
endloop
endfacet
facet normal 0 0 1
outer loop
vertex 15.999984000000003 0 0.8001620000000002
vertex 9.209189000000002 3.629626000000001 0.8001620000000002
vertex 8.886031000000001 2.9466800000000006 0.8001620000000002
endloop
endfacet
facet normal 0 0 0.9999999999999999
outer loop
vertex 15.999984000000003 0 0.8001620000000002
vertex 8.886031000000001 2.9466800000000006 0.8001620000000002
vertex 8.631656000000001 2.2352440000000002 0.8001620000000002
endloop
endfacet
facet normal 0 0 1
outer loop
vertex 15.999984000000003 0 0.8001620000000002
vertex 8.631656000000001 2.2352440000000002 0.8001620000000002
vertex 8.448099000000001 1.5022370000000003 0.8001620000000002
endloop
endfacet
facet normal 0 0 1
outer loop
vertex 15.999984000000003 0 0.8001620000000002
vertex 8.448099000000001 1.5022370000000003 0.8001620000000002
vertex 8.336988000000002 0.7545780000000002 0.8001620000000002
endloop
endfacet
facet normal 0 0 1
outer loop
vertex 15.999984000000003 0 0.8001620000000002
vertex 8.336988000000002 0.7545780000000002 0.8001620000000002
vertex 8.299951000000002 0 0.8001620000000002
endloop
endfacet
facet normal 0 0 1
outer loop
vertex 15.999984000000003 0 0.8001620000000002
vertex 8.299951000000002 0 0.8001620000000002
vertex 8.336988000000002 -0.7545780000000002 0.8001620000000002
endloop
endfacet
facet normal 0 0 1
outer loop
vertex 15.999984000000003 0 0.8001620000000002
vertex 8.336988000000002 -0.7545780000000002 0.8001620000000002
vertex 8.448099000000001 -1.5022370000000003 0.8001620000000002
endloop
endfacet
facet normal 0 0 1
outer loop
vertex 15.999984000000003 0 0.8001620000000002
vertex 8.448099000000001 -1.5022370000000003 0.8001620000000002
vertex 8.631656000000001 -2.2352440000000002 0.8001620000000002
endloop
endfacet
facet normal 0 0 0.9999999999999999
outer loop
vertex 15.999984000000003 0 0.8001620000000002
vertex 8.631656000000001 -2.2352440000000002 0.8001620000000002
vertex 8.886031000000001 -2.9466800000000006 0.8001620000000002
endloop
endfacet
facet normal 0 0 1
outer loop
vertex 15.999984000000003 0 0.8001620000000002
vertex 8.886031000000001 -2.9466800000000006 0.8001620000000002
vertex 9.209189000000002 -3.629626000000001 0.8001620000000002
endloop
endfacet
facet normal 0 0 1
outer loop
vertex 15.999984000000003 0 0.8001620000000002
vertex 9.209189000000002 -3.629626000000001 0.8001620000000002
vertex 9.597874000000003 -4.277977000000001 0.8001620000000002
endloop
endfacet
facet normal 0 0 1
outer loop
vertex 15.999984000000003 0 0.8001620000000002
vertex 9.597874000000003 -4.277977000000001 0.8001620000000002
vertex 10.048016000000002 -4.884814000000001 0.8001620000000002
endloop
endfacet
facet normal 0 0 1
outer loop
vertex 15.999984000000003 0 0.8001620000000002
vertex 10.048016000000002 -4.884814000000001 0.8001620000000002
vertex 10.555138000000001 -5.444846000000001 0.8001620000000002
endloop
endfacet
facet normal 0 0 1
outer loop
vertex 15.999984000000003 0 0.8001620000000002
vertex 10.555138000000001 -5.444846000000001 0.8001620000000002
vertex 11.115170000000003 -5.952375000000001 0.8001620000000002
endloop
endfacet
facet normal 0 0 1
outer loop
vertex 15.999984000000003 0 0.8001620000000002
vertex 11.115170000000003 -5.952375000000001 0.8001620000000002
vertex 11.722007000000003 -6.402517000000001 0.8001620000000002
endloop
endfacet
facet normal 0 0 1
outer loop
vertex 15.999984000000003 0 0.8001620000000002
vertex 11.722007000000003 -6.402517000000001 0.8001620000000002
vertex 12.370358000000003 -6.790795000000001 0.8001620000000002
endloop
endfacet
facet normal 0 0 1
outer loop
vertex 15.999984000000003 0 0.8001620000000002
vertex 12.370358000000003 -6.790795000000001 0.8001620000000002
vertex 13.053304000000002 -7.113953000000001 0.8001620000000002
endloop
endfacet
facet normal 0 0 1
outer loop
vertex 15.999984000000003 0 0.8001620000000002
vertex 13.053304000000002 -7.113953000000001 0.8001620000000002
vertex 13.764740000000003 -7.368328000000002 0.8001620000000002
endloop
endfacet
facet normal 0 0 0.9999999999999999
outer loop
vertex 15.999984000000003 0 0.8001620000000002
vertex 13.764740000000003 -7.368328000000002 0.8001620000000002
vertex 14.497747000000002 -7.551885000000001 0.8001620000000002
endloop
endfacet
facet normal 0 0 1
outer loop
vertex 15.999984000000003 0 0.8001620000000002
vertex 14.497747000000002 -7.551885000000001 0.8001620000000002
vertex 15.245406000000003 -7.6629960000000015 0.8001620000000002
endloop
endfacet
facet normal 0 0 1
outer loop
vertex 15.999984000000003 0 0.8001620000000002
vertex 15.245406000000003 -7.6629960000000015 0.8001620000000002
vertex 15.999984000000003 -7.700033000000001 0.8001620000000002
endloop
endfacet
facet normal 0 0 1
outer loop
vertex 15.999984000000003 0 0.8001620000000002
vertex 15.999984000000003 -7.700033000000001 0.8001620000000002
vertex 16.754562000000004 -7.6629960000000015 0.8001620000000002
endloop
endfacet
facet normal 0 0 1
outer loop
vertex 15.999984000000003 0 0.8001620000000002
vertex 16.754562000000004 -7.6629960000000015 0.8001620000000002
vertex 17.502221000000002 -7.551885000000001 0.8001620000000002
endloop
endfacet
facet normal 0 0 1
outer loop
vertex 15.999984000000003 0 0.8001620000000002
vertex 17.502221000000002 -7.551885000000001 0.8001620000000002
vertex 18.235228000000003 -7.368328000000002 0.8001620000000002
endloop
endfacet
facet normal 0 0 1
outer loop
vertex 15.999984000000003 0 0.8001620000000002
vertex 18.235228000000003 -7.368328000000002 0.8001620000000002
vertex 18.946664000000006 -7.113953000000001 0.8001620000000002
endloop
endfacet
facet normal 0 0 1
outer loop
vertex 15.999984000000003 0 0.8001620000000002
vertex 18.946664000000006 -7.113953000000001 0.8001620000000002
vertex 19.629610000000003 -6.790795000000001 0.8001620000000002
endloop
endfacet
facet normal 0 0 1
outer loop
vertex 15.999984000000003 0 0.8001620000000002
vertex 19.629610000000003 -6.790795000000001 0.8001620000000002
vertex 20.277961000000005 -6.402517000000001 0.8001620000000002
endloop
endfacet
facet normal 0 0 1
outer loop
vertex 15.999984000000003 0 0.8001620000000002
vertex 20.277961000000005 -6.402517000000001 0.8001620000000002
vertex 20.884798000000004 -5.952375000000001 0.8001620000000002
endloop
endfacet
facet normal 0 0 0.9999999999999999
outer loop
vertex 15.999984000000003 0 0.8001620000000002
vertex 20.884798000000004 -5.952375000000001 0.8001620000000002
vertex 21.444830000000003 -5.444846000000001 0.8001620000000002
endloop
endfacet
facet normal 0 0 1
outer loop
vertex 15.999984000000003 0 0.8001620000000002
vertex 21.444830000000003 -5.444846000000001 0.8001620000000002
vertex 21.952359000000005 -4.884814000000001 0.8001620000000002
endloop
endfacet
facet normal 0 0 1
outer loop
vertex 15.999984000000003 0 0.8001620000000002
vertex 21.952359000000005 -4.884814000000001 0.8001620000000002
vertex 22.402501000000004 -4.277977000000001 0.8001620000000002
endloop
endfacet
facet normal 0 0 1
outer loop
vertex 15.999984000000003 0 0.8001620000000002
vertex 22.402501000000004 -4.277977000000001 0.8001620000000002
vertex 22.790779000000004 -3.629626000000001 0.8001620000000002
endloop
endfacet
facet normal 0 0 1
outer loop
vertex 15.999984000000003 0 0.8001620000000002
vertex 22.790779000000004 -3.629626000000001 0.8001620000000002
vertex 23.113937000000004 -2.9466800000000006 0.8001620000000002
endloop
endfacet
facet normal 0 0 0.9999999999999999
outer loop
vertex 15.999984000000003 0 0.8001620000000002
vertex 23.113937000000004 -2.9466800000000006 0.8001620000000002
vertex 23.368312000000003 -2.2352440000000002 0.8001620000000002
endloop
endfacet
facet normal 0 0 1
outer loop
vertex 15.999984000000003 0 0.8001620000000002
vertex 23.368312000000003 -2.2352440000000002 0.8001620000000002
vertex 23.551869000000003 -1.5022370000000003 0.8001620000000002
endloop
endfacet
facet normal 0 0 1
outer loop
vertex 15.999984000000003 0 0.8001620000000002
vertex 23.551869000000003 -1.5022370000000003 0.8001620000000002
vertex 23.662980000000005 -0.7545780000000002 0.8001620000000002
endloop
endfacet
facet normal 0 0 1
outer loop
vertex 15.999984000000003 0 0.8001620000000002
vertex 23.662980000000005 -0.7545780000000002 0.8001620000000002
vertex 23.700017000000006 0 0.8001620000000002
endloop
endfacet
facet normal 0 0 1
outer loop
vertex 15.999984000000003 0 0.8001620000000002
vertex 23.700017000000006 0 0.8001620000000002
vertex 23.662980000000005 0.7545780000000002 0.8001620000000002
endloop
endfacet
facet normal 0 0 1
outer loop
vertex 15.999984000000003 0 0.8001620000000002
vertex 23.662980000000005 0.7545780000000002 0.8001620000000002
vertex 23.551869000000003 1.5022370000000003 0.8001620000000002
endloop
endfacet
facet normal 0 0 1
outer loop
vertex 15.999984000000003 0 0.8001620000000002
vertex 23.551869000000003 1.5022370000000003 0.8001620000000002
vertex 23.368312000000003 2.2352440000000002 0.8001620000000002
endloop
endfacet
facet normal 0 0 0.9999999999999999
outer loop
vertex 15.999984000000003 0 0.8001620000000002
vertex 23.368312000000003 2.2352440000000002 0.8001620000000002
vertex 23.113937000000004 2.9466800000000006 0.8001620000000002
endloop
endfacet
facet normal 0 0 1
outer loop
vertex 15.999984000000003 0 0.8001620000000002
vertex 23.113937000000004 2.9466800000000006 0.8001620000000002
vertex 22.790779000000004 3.629626000000001 0.8001620000000002
endloop
endfacet
facet normal 0 0 1
outer loop
vertex 15.999984000000003 0 0.8001620000000002
vertex 22.790779000000004 3.629626000000001 0.8001620000000002
vertex 22.402501000000004 4.277977000000001 0.8001620000000002
endloop
endfacet
facet normal 0 0 1
outer loop
vertex 15.999984000000003 0 0.8001620000000002
vertex 22.402501000000004 4.277977000000001 0.8001620000000002
vertex 21.952359000000005 4.884814000000001 0.8001620000000002
endloop
endfacet
facet normal 0 0 1
outer loop
vertex 15.999984000000003 0 0.8001620000000002
vertex 21.952359000000005 4.884814000000001 0.8001620000000002
vertex 21.444830000000003 5.444846000000001 0.8001620000000002
endloop
endfacet
facet normal 0 0 0.9999999999999999
outer loop
vertex 15.999984000000003 0 0.8001620000000002
vertex 21.444830000000003 5.444846000000001 0.8001620000000002
vertex 20.884798000000004 5.952375000000001 0.8001620000000002
endloop
endfacet
facet normal 0 0 1
outer loop
vertex 15.999984000000003 0 0.8001620000000002
vertex 20.884798000000004 5.952375000000001 0.8001620000000002
vertex 20.277961000000005 6.402517000000001 0.8001620000000002
endloop
endfacet
facet normal 0 0 1
outer loop
vertex 15.999984000000003 0 0.8001620000000002
vertex 20.277961000000005 6.402517000000001 0.8001620000000002
vertex 19.629610000000003 6.790795000000001 0.8001620000000002
endloop
endfacet
facet normal 0 0 1
outer loop
vertex 15.999984000000003 0 0.8001620000000002
vertex 19.629610000000003 6.790795000000001 0.8001620000000002
vertex 18.946664000000006 7.113953000000001 0.8001620000000002
endloop
endfacet
facet normal 0 0 1
outer loop
vertex 15.999984000000003 0 0.8001620000000002
vertex 18.946664000000006 7.113953000000001 0.8001620000000002
vertex 18.235228000000003 7.368328000000002 0.8001620000000002
endloop
endfacet
facet normal 0 0 1
outer loop
vertex 15.999984000000003 0 0.8001620000000002
vertex 18.235228000000003 7.368328000000002 0.8001620000000002
vertex 17.502221000000002 7.551885000000001 0.8001620000000002
endloop
endfacet
facet normal 0 0 1
outer loop
vertex 15.999984000000003 0 0.8001620000000002
vertex 17.502221000000002 7.551885000000001 0.8001620000000002
vertex 16.754562000000004 7.6629960000000015 0.8001620000000002
endloop
endfacet
facet normal 0 0 1
outer loop
vertex 15.999984000000003 0 0.8001620000000002
vertex 16.754562000000004 7.6629960000000015 0.8001620000000002
vertex 15.999984000000003 7.700033000000001 0.8001620000000002
endloop
endfacet
facet normal 0 0 1
outer loop
vertex 15.999984000000003 0 0.8001620000000002
vertex 15.999984000000003 7.700033000000001 0.8001620000000002
vertex 15.245406000000003 7.6629960000000015 0.8001620000000002
endloop
endfacet
facet normal 0 0 1
outer loop
vertex -15.999984000000003 0 0.8001620000000002
vertex -16.754562000000004 7.6629960000000015 0.8001620000000002
vertex -17.502221000000002 7.551885000000001 0.8001620000000002
endloop
endfacet
facet normal 0 0 1
outer loop
vertex -15.999984000000003 0 0.8001620000000002
vertex -17.502221000000002 7.551885000000001 0.8001620000000002
vertex -18.235228000000003 7.368328000000002 0.8001620000000002
endloop
endfacet
facet normal 0 0 1
outer loop
vertex -15.999984000000003 0 0.8001620000000002
vertex -18.235228000000003 7.368328000000002 0.8001620000000002
vertex -18.946664000000006 7.113953000000001 0.8001620000000002
endloop
endfacet
facet normal 0 0 1
outer loop
vertex -15.999984000000003 0 0.8001620000000002
vertex -18.946664000000006 7.113953000000001 0.8001620000000002
vertex -19.629610000000003 6.790795000000001 0.8001620000000002
endloop
endfacet
facet normal 0 0 1
outer loop
vertex -15.999984000000003 0 0.8001620000000002
vertex -19.629610000000003 6.790795000000001 0.8001620000000002
vertex -20.277961000000005 6.402517000000001 0.8001620000000002
endloop
endfacet
facet normal 0 0 1
outer loop
vertex -15.999984000000003 0 0.8001620000000002
vertex -20.277961000000005 6.402517000000001 0.8001620000000002
vertex -20.884798000000004 5.952375000000001 0.8001620000000002
endloop
endfacet
facet normal 0 0 0.9999999999999999
outer loop
vertex -15.999984000000003 0 0.8001620000000002
vertex -20.884798000000004 5.952375000000001 0.8001620000000002
vertex -21.444830000000003 5.444846000000001 0.8001620000000002
endloop
endfacet
facet normal 0 0 1
outer loop
vertex -15.999984000000003 0 0.8001620000000002
vertex -21.444830000000003 5.444846000000001 0.8001620000000002
vertex -21.952359000000005 4.884814000000001 0.8001620000000002
endloop
endfacet
facet normal 0 0 1
outer loop
vertex -15.999984000000003 0 0.8001620000000002
vertex -21.952359000000005 4.884814000000001 0.8001620000000002
vertex -22.402501000000004 4.277977000000001 0.8001620000000002
endloop
endfacet
facet normal 0 0 1
outer loop
vertex -15.999984000000003 0 0.8001620000000002
vertex -22.402501000000004 4.277977000000001 0.8001620000000002
vertex -22.790779000000004 3.629626000000001 0.8001620000000002
endloop
endfacet
facet normal 0 0 1
outer loop
vertex -15.999984000000003 0 0.8001620000000002
vertex -22.790779000000004 3.629626000000001 0.8001620000000002
vertex -23.113937000000004 2.9466800000000006 0.8001620000000002
endloop
endfacet
facet normal 0 0 0.9999999999999999
outer loop
vertex -15.999984000000003 0 0.8001620000000002
vertex -23.113937000000004 2.9466800000000006 0.8001620000000002
vertex -23.368312000000003 2.2352440000000002 0.8001620000000002
endloop
endfacet
facet normal 0 0 1
outer loop
vertex -15.999984000000003 0 0.8001620000000002
vertex -23.368312000000003 2.2352440000000002 0.8001620000000002
vertex -23.551869000000003 1.5022370000000003 0.8001620000000002
endloop
endfacet
facet normal 0 0 1
outer loop
vertex -15.999984000000003 0 0.8001620000000002
vertex -23.551869000000003 1.5022370000000003 0.8001620000000002
vertex -23.662980000000005 0.7545780000000002 0.8001620000000002
endloop
endfacet
facet normal 0 0 1
outer loop
vertex -15.999984000000003 0 0.8001620000000002
vertex -23.662980000000005 0.7545780000000002 0.8001620000000002
vertex -23.700017000000006 0 0.8001620000000002
endloop
endfacet
facet normal 0 0 1
outer loop
vertex -15.999984000000003 0 0.8001620000000002
vertex -23.700017000000006 0 0.8001620000000002
vertex -23.662980000000005 -0.7545780000000002 0.8001620000000002
endloop
endfacet
facet normal 0 0 1
outer loop
vertex -15.999984000000003 0 0.8001620000000002
vertex -23.662980000000005 -0.7545780000000002 0.8001620000000002
vertex -23.551869000000003 -1.5022370000000003 0.8001620000000002
endloop
endfacet
facet normal 0 0 1
outer loop
vertex -15.999984000000003 0 0.8001620000000002
vertex -23.551869000000003 -1.5022370000000003 0.8001620000000002
vertex -23.368312000000003 -2.2352440000000002 0.8001620000000002
endloop
endfacet
facet normal 0 0 0.9999999999999999
outer loop
vertex -15.999984000000003 0 0.8001620000000002
vertex -23.368312000000003 -2.2352440000000002 0.8001620000000002
vertex -23.113937000000004 -2.9466800000000006 0.8001620000000002
endloop
endfacet
facet normal 0 0 1
outer loop
vertex -15.999984000000003 0 0.8001620000000002
vertex -23.113937000000004 -2.9466800000000006 0.8001620000000002
vertex -22.790779000000004 -3.629626000000001 0.8001620000000002
endloop
endfacet
facet normal 0 0 1
outer loop
vertex -15.999984000000003 0 0.8001620000000002
vertex -22.790779000000004 -3.629626000000001 0.8001620000000002
vertex -22.402501000000004 -4.277977000000001 0.8001620000000002
endloop
endfacet
facet normal 0 0 1
outer loop
vertex -15.999984000000003 0 0.8001620000000002
vertex -22.402501000000004 -4.277977000000001 0.8001620000000002
vertex -21.952359000000005 -4.884814000000001 0.8001620000000002
endloop
endfacet
facet normal 0 0 1
outer loop
vertex -15.999984000000003 0 0.8001620000000002
vertex -21.952359000000005 -4.884814000000001 0.8001620000000002
vertex -21.444830000000003 -5.444846000000001 0.8001620000000002
endloop
endfacet
facet normal 0 0 0.9999999999999999
outer loop
vertex -15.999984000000003 0 0.8001620000000002
vertex -21.444830000000003 -5.444846000000001 0.8001620000000002
vertex -20.884798000000004 -5.952375000000001 0.8001620000000002
endloop
endfacet
facet normal 0 0 1
outer loop
vertex -15.999984000000003 0 0.8001620000000002
vertex -20.884798000000004 -5.952375000000001 0.8001620000000002
vertex -20.277961000000005 -6.402517000000001 0.8001620000000002
endloop
endfacet
facet normal 0 0 1
outer loop
vertex -15.999984000000003 0 0.8001620000000002
vertex -20.277961000000005 -6.402517000000001 0.8001620000000002
vertex -19.629610000000003 -6.790795000000001 0.8001620000000002
endloop
endfacet
facet normal 0 0 1
outer loop
vertex -15.999984000000003 0 0.8001620000000002
vertex -19.629610000000003 -6.790795000000001 0.8001620000000002
vertex -18.946664000000006 -7.113953000000001 0.8001620000000002
endloop
endfacet
facet normal 0 0 1
outer loop
vertex -15.999984000000003 0 0.8001620000000002
vertex -18.946664000000006 -7.113953000000001 0.8001620000000002
vertex -18.235228000000003 -7.368328000000002 0.8001620000000002
endloop
endfacet
facet normal 0 0 1
outer loop
vertex -15.999984000000003 0 0.8001620000000002
vertex -18.235228000000003 -7.368328000000002 0.8001620000000002
vertex -17.502221000000002 -7.551885000000001 0.8001620000000002
endloop
endfacet
facet normal 0 0 1
outer loop
vertex -15.999984000000003 0 0.8001620000000002
vertex -17.502221000000002 -7.551885000000001 0.8001620000000002
vertex -16.754562000000004 -7.6629960000000015 0.8001620000000002
endloop
endfacet
facet normal 0 0 1
outer loop
vertex -15.999984000000003 0 0.8001620000000002
vertex -16.754562000000004 -7.6629960000000015 0.8001620000000002
vertex -15.999984000000003 -7.700033000000001 0.8001620000000002
endloop
endfacet
facet normal 0 0 1
outer loop
vertex -15.999984000000003 0 0.8001620000000002
vertex -15.999984000000003 -7.700033000000001 0.8001620000000002
vertex -15.245406000000003 -7.6629960000000015 0.8001620000000002
endloop
endfacet
facet normal 0 0 1
outer loop
vertex -15.999984000000003 0 0.8001620000000002
vertex -15.245406000000003 -7.6629960000000015 0.8001620000000002
vertex -14.497747000000002 -7.551885000000001 0.8001620000000002
endloop
endfacet
facet normal 0 0 0.9999999999999999
outer loop
vertex -15.999984000000003 0 0.8001620000000002
vertex -14.497747000000002 -7.551885000000001 0.8001620000000002
vertex -13.764740000000003 -7.368328000000002 0.8001620000000002
endloop
endfacet
facet normal 0 0 1
outer loop
vertex -15.999984000000003 0 0.8001620000000002
vertex -13.764740000000003 -7.368328000000002 0.8001620000000002
vertex -13.053304000000002 -7.113953000000001 0.8001620000000002
endloop
endfacet
facet normal 0 0 1
outer loop
vertex -15.999984000000003 0 0.8001620000000002
vertex -13.053304000000002 -7.113953000000001 0.8001620000000002
vertex -12.370358000000003 -6.790795000000001 0.8001620000000002
endloop
endfacet
facet normal 0 0 1
outer loop
vertex -15.999984000000003 0 0.8001620000000002
vertex -12.370358000000003 -6.790795000000001 0.8001620000000002
vertex -11.722007000000003 -6.402517000000001 0.8001620000000002
endloop
endfacet
facet normal 0 0 1
outer loop
vertex -15.999984000000003 0 0.8001620000000002
vertex -11.722007000000003 -6.402517000000001 0.8001620000000002
vertex -11.115170000000003 -5.952375000000001 0.8001620000000002
endloop
endfacet
facet normal 0 0 1
outer loop
vertex -15.999984000000003 0 0.8001620000000002
vertex -11.115170000000003 -5.952375000000001 0.8001620000000002
vertex -10.555138000000001 -5.444846000000001 0.8001620000000002
endloop
endfacet
facet normal 0 0 1
outer loop
vertex -15.999984000000003 0 0.8001620000000002
vertex -10.555138000000001 -5.444846000000001 0.8001620000000002
vertex -10.048016000000002 -4.884814000000001 0.8001620000000002
endloop
endfacet
facet normal 0 0 1
outer loop
vertex -15.999984000000003 0 0.8001620000000002
vertex -10.048016000000002 -4.884814000000001 0.8001620000000002
vertex -9.597874000000003 -4.277977000000001 0.8001620000000002
endloop
endfacet
facet normal 0 0 1
outer loop
vertex -15.999984000000003 0 0.8001620000000002
vertex -9.597874000000003 -4.277977000000001 0.8001620000000002
vertex -9.209189000000002 -3.629626000000001 0.8001620000000002
endloop
endfacet
facet normal 0 0 1
outer loop
vertex -15.999984000000003 0 0.8001620000000002
vertex -9.209189000000002 -3.629626000000001 0.8001620000000002
vertex -8.886031000000001 -2.9466800000000006 0.8001620000000002
endloop
endfacet
facet normal 0 0 0.9999999999999999
outer loop
vertex -15.999984000000003 0 0.8001620000000002
vertex -8.886031000000001 -2.9466800000000006 0.8001620000000002
vertex -8.631656000000001 -2.2352440000000002 0.8001620000000002
endloop
endfacet
facet normal 0 0 1
outer loop
vertex -15.999984000000003 0 0.8001620000000002
vertex -8.631656000000001 -2.2352440000000002 0.8001620000000002
vertex -8.448099000000001 -1.5022370000000003 0.8001620000000002
endloop
endfacet
facet normal 0 0 1
outer loop
vertex -15.999984000000003 0 0.8001620000000002
vertex -8.448099000000001 -1.5022370000000003 0.8001620000000002
vertex -8.336988000000002 -0.7545780000000002 0.8001620000000002
endloop
endfacet
facet normal 0 0 1
outer loop
vertex -15.999984000000003 0 0.8001620000000002
vertex -8.336988000000002 -0.7545780000000002 0.8001620000000002
vertex -8.299951000000002 0 0.8001620000000002
endloop
endfacet
facet normal 0 0 1
outer loop
vertex -15.999984000000003 0 0.8001620000000002
vertex -8.299951000000002 0 0.8001620000000002
vertex -8.336988000000002 0.7545780000000002 0.8001620000000002
endloop
endfacet
facet normal 0 0 1
outer loop
vertex -15.999984000000003 0 0.8001620000000002
vertex -8.336988000000002 0.7545780000000002 0.8001620000000002
vertex -8.448099000000001 1.5022370000000003 0.8001620000000002
endloop
endfacet
facet normal 0 0 1
outer loop
vertex -15.999984000000003 0 0.8001620000000002
vertex -8.448099000000001 1.5022370000000003 0.8001620000000002
vertex -8.631656000000001 2.2352440000000002 0.8001620000000002
endloop
endfacet
facet normal 0 0 0.9999999999999999
outer loop
vertex -15.999984000000003 0 0.8001620000000002
vertex -8.631656000000001 2.2352440000000002 0.8001620000000002
vertex -8.886031000000001 2.9466800000000006 0.8001620000000002
endloop
endfacet
facet normal 0 0 1
outer loop
vertex -15.999984000000003 0 0.8001620000000002
vertex -8.886031000000001 2.9466800000000006 0.8001620000000002
vertex -9.209189000000002 3.629626000000001 0.8001620000000002
endloop
endfacet
facet normal 0 0 1
outer loop
vertex -15.999984000000003 0 0.8001620000000002
vertex -9.209189000000002 3.629626000000001 0.8001620000000002
vertex -9.597874000000003 4.277977000000001 0.8001620000000002
endloop
endfacet
facet normal 0 0 1
outer loop
vertex -15.999984000000003 0 0.8001620000000002
vertex -9.597874000000003 4.277977000000001 0.8001620000000002
vertex -10.048016000000002 4.884814000000001 0.8001620000000002
endloop
endfacet
facet normal 0 0 1
outer loop
vertex -15.999984000000003 0 0.8001620000000002
vertex -10.048016000000002 4.884814000000001 0.8001620000000002
vertex -10.555138000000001 5.444846000000001 0.8001620000000002
endloop
endfacet
facet normal 0 0 1
outer loop
vertex -15.999984000000003 0 0.8001620000000002
vertex -10.555138000000001 5.444846000000001 0.8001620000000002
vertex -11.115170000000003 5.952375000000001 0.8001620000000002
endloop
endfacet
facet normal 0 0 1
outer loop
vertex -15.999984000000003 0 0.8001620000000002
vertex -11.115170000000003 5.952375000000001 0.8001620000000002
vertex -11.722007000000003 6.402517000000001 0.8001620000000002
endloop
endfacet
facet normal 0 0 1
outer loop
vertex -15.999984000000003 0 0.8001620000000002
vertex -11.722007000000003 6.402517000000001 0.8001620000000002
vertex -12.370358000000003 6.790795000000001 0.8001620000000002
endloop
endfacet
facet normal 0 0 1
outer loop
vertex -15.999984000000003 0 0.8001620000000002
vertex -12.370358000000003 6.790795000000001 0.8001620000000002
vertex -13.053304000000002 7.113953000000001 0.8001620000000002
endloop
endfacet
facet normal 0 0 1
outer loop
vertex -15.999984000000003 0 0.8001620000000002
vertex -13.053304000000002 7.113953000000001 0.8001620000000002
vertex -13.764740000000003 7.368328000000002 0.8001620000000002
endloop
endfacet
facet normal 0 0 0.9999999999999999
outer loop
vertex -15.999984000000003 0 0.8001620000000002
vertex -13.764740000000003 7.368328000000002 0.8001620000000002
vertex -14.497747000000002 7.551885000000001 0.8001620000000002
endloop
endfacet
facet normal 0 0 1
outer loop
vertex -15.999984000000003 0 0.8001620000000002
vertex -14.497747000000002 7.551885000000001 0.8001620000000002
vertex -15.245406000000003 7.6629960000000015 0.8001620000000002
endloop
endfacet
facet normal 0 0 1
outer loop
vertex -15.999984000000003 0 0.8001620000000002
vertex -15.245406000000003 7.6629960000000015 0.8001620000000002
vertex -15.999984000000003 7.700033000000001 0.8001620000000002
endloop
endfacet
facet normal 0 0 1
outer loop
vertex -15.999984000000003 0 0.8001620000000002
vertex -15.999984000000003 7.700033000000001 0.8001620000000002
vertex -16.754562000000004 7.6629960000000015 0.8001620000000002
endloop
endfacet
facet normal -0.9987975985673838 -0.04902404610012478 0
outer loop
vertex -8.299951000000002 0 0.8001620000000002
vertex -8.299951000000002 0 3.9999960000000008
vertex -8.336988000000002 0.7545780000000002 3.9999960000000008
endloop
endfacet
facet normal -0.9987975985673838 -0.04902404610012478 0
outer loop
vertex -8.299951000000002 0 0.8001620000000002
vertex -8.336988000000002 0.7545780000000002 3.9999960000000008
vertex -8.336988000000002 0.7545780000000002 0.8001620000000002
endloop
endfacet
facet normal 0 0 -1
outer loop
vertex -15.999984000000003 0 3.9999960000000008
vertex -15.245406000000003 7.6629960000000015 3.9999960000000008
vertex -14.497747000000002 7.551885000000001 3.9999960000000008
endloop
endfacet
facet normal 0 0 -0.9999999999999999
outer loop
vertex -15.999984000000003 0 3.9999960000000008
vertex -14.497747000000002 7.551885000000001 3.9999960000000008
vertex -13.764740000000003 7.368328000000002 3.9999960000000008
endloop
endfacet
facet normal 0 0 -1
outer loop
vertex -15.999984000000003 0 3.9999960000000008
vertex -13.764740000000003 7.368328000000002 3.9999960000000008
vertex -13.053304000000002 7.113953000000001 3.9999960000000008
endloop
endfacet
facet normal 0 0 -1
outer loop
vertex -15.999984000000003 0 3.9999960000000008
vertex -13.053304000000002 7.113953000000001 3.9999960000000008
vertex -12.370358000000003 6.790795000000001 3.9999960000000008
endloop
endfacet
facet normal 0 0 -1
outer loop
vertex -15.999984000000003 0 3.9999960000000008
vertex -12.370358000000003 6.790795000000001 3.9999960000000008
vertex -11.722007000000003 6.402517000000001 3.9999960000000008
endloop
endfacet
facet normal 0 0 -1
outer loop
vertex -15.999984000000003 0 3.9999960000000008
vertex -11.722007000000003 6.402517000000001 3.9999960000000008
vertex -11.115170000000003 5.952375000000001 3.9999960000000008
endloop
endfacet
facet normal 0 0 -1
outer loop
vertex -15.999984000000003 0 3.9999960000000008
vertex -11.115170000000003 5.952375000000001 3.9999960000000008
vertex -10.555138000000001 5.444846000000001 3.9999960000000008
endloop
endfacet
facet normal 0 0 -1
outer loop
vertex -15.999984000000003 0 3.9999960000000008
vertex -10.555138000000001 5.444846000000001 3.9999960000000008
vertex -10.048016000000002 4.884814000000001 3.9999960000000008
endloop
endfacet
facet normal 0 0 -1
outer loop
vertex -15.999984000000003 0 3.9999960000000008
vertex -10.048016000000002 4.884814000000001 3.9999960000000008
vertex -9.597874000000003 4.277977000000001 3.9999960000000008
endloop
endfacet
facet normal 0 0 -1
outer loop
vertex -15.999984000000003 0 3.9999960000000008
vertex -9.597874000000003 4.277977000000001 3.9999960000000008
vertex -9.209189000000002 3.629626000000001 3.9999960000000008
endloop
endfacet
facet normal 0 0 -1
outer loop
vertex -15.999984000000003 0 3.9999960000000008
vertex -9.209189000000002 3.629626000000001 3.9999960000000008
vertex -8.886031000000001 2.9466800000000006 3.9999960000000008
endloop
endfacet
facet normal 0 0 -0.9999999999999999
outer loop
vertex -15.999984000000003 0 3.9999960000000008
vertex -8.886031000000001 2.9466800000000006 3.9999960000000008
vertex -8.631656000000001 2.2352440000000002 3.9999960000000008
endloop
endfacet
facet normal 0 0 -1
outer loop
vertex -15.999984000000003 0 3.9999960000000008
vertex -8.631656000000001 2.2352440000000002 3.9999960000000008
vertex -8.448099000000001 1.5022370000000003 3.9999960000000008
endloop
endfacet
facet normal 0 0 -1
outer loop
vertex -15.999984000000003 0 3.9999960000000008
vertex -8.448099000000001 1.5022370000000003 3.9999960000000008
vertex -8.336988000000002 0.7545780000000002 3.9999960000000008
endloop
endfacet
facet normal 0 0 -1
outer loop
vertex -15.999984000000003 0 3.9999960000000008
vertex -8.336988000000002 0.7545780000000002 3.9999960000000008
vertex -8.299951000000002 0 3.9999960000000008
endloop
endfacet
facet normal 0 0 -1
outer loop
vertex -15.999984000000003 0 3.9999960000000008
vertex -8.299951000000002 0 3.9999960000000008
vertex -8.336988000000002 -0.7545780000000002 3.9999960000000008
endloop
endfacet
facet normal 0 0 -1
outer loop
vertex -15.999984000000003 0 3.9999960000000008
vertex -8.336988000000002 -0.7545780000000002 3.9999960000000008
vertex -8.448099000000001 -1.5022370000000003 3.9999960000000008
endloop
endfacet
facet normal 0 0 -1
outer loop
vertex -15.999984000000003 0 3.9999960000000008
vertex -8.448099000000001 -1.5022370000000003 3.9999960000000008
vertex -8.631656000000001 -2.2352440000000002 3.9999960000000008
endloop
endfacet
facet normal 0 0 -0.9999999999999999
outer loop
vertex -15.999984000000003 0 3.9999960000000008
vertex -8.631656000000001 -2.2352440000000002 3.9999960000000008
vertex -8.886031000000001 -2.9466800000000006 3.9999960000000008
endloop
endfacet
facet normal 0 0 -1
outer loop
vertex -15.999984000000003 0 3.9999960000000008
vertex -8.886031000000001 -2.9466800000000006 3.9999960000000008
vertex -9.209189000000002 -3.629626000000001 3.9999960000000008
endloop
endfacet
facet normal 0 0 -1
outer loop
vertex -15.999984000000003 0 3.9999960000000008
vertex -9.209189000000002 -3.629626000000001 3.9999960000000008
vertex -9.597874000000003 -4.277977000000001 3.9999960000000008
endloop
endfacet
facet normal 0 0 -1
outer loop
vertex -15.999984000000003 0 3.9999960000000008
vertex -9.597874000000003 -4.277977000000001 3.9999960000000008
vertex -10.048016000000002 -4.884814000000001 3.9999960000000008
endloop
endfacet
facet normal 0 0 -1
outer loop
vertex -15.999984000000003 0 3.9999960000000008
vertex -10.048016000000002 -4.884814000000001 3.9999960000000008
vertex -10.555138000000001 -5.444846000000001 3.9999960000000008
endloop
endfacet
facet normal 0 0 -1
outer loop
vertex -15.999984000000003 0 3.9999960000000008
vertex -10.555138000000001 -5.444846000000001 3.9999960000000008
vertex -11.115170000000003 -5.952375000000001 3.9999960000000008
endloop
endfacet
facet normal 0 0 -1
outer loop
vertex -15.999984000000003 0 3.9999960000000008
vertex -11.115170000000003 -5.952375000000001 3.9999960000000008
vertex -11.722007000000003 -6.402517000000001 3.9999960000000008
endloop
endfacet
facet normal 0 0 -1
outer loop
vertex -15.999984000000003 0 3.9999960000000008
vertex -11.722007000000003 -6.402517000000001 3.9999960000000008
vertex -12.370358000000003 -6.790795000000001 3.9999960000000008
endloop
endfacet
facet normal 0 0 -1
outer loop
vertex -15.999984000000003 0 3.9999960000000008
vertex -12.370358000000003 -6.790795000000001 3.9999960000000008
vertex -13.053304000000002 -7.113953000000001 3.9999960000000008
endloop
endfacet
facet normal 0 0 -1
outer loop
vertex -15.999984000000003 0 3.9999960000000008
vertex -13.053304000000002 -7.113953000000001 3.9999960000000008
vertex -13.764740000000003 -7.368328000000002 3.9999960000000008
endloop
endfacet
facet normal 0 0 -0.9999999999999999
outer loop
vertex -15.999984000000003 0 3.9999960000000008
vertex -13.764740000000003 -7.368328000000002 3.9999960000000008
vertex -14.497747000000002 -7.551885000000001 3.9999960000000008
endloop
endfacet
facet normal 0 0 -1
outer loop
vertex -15.999984000000003 0 3.9999960000000008
vertex -14.497747000000002 -7.551885000000001 3.9999960000000008
vertex -15.245406000000003 -7.6629960000000015 3.9999960000000008
endloop
endfacet
facet normal 0 0 -1
outer loop
vertex -15.999984000000003 0 3.9999960000000008
vertex -15.245406000000003 -7.6629960000000015 3.9999960000000008
vertex -15.999984000000003 -7.700033000000001 3.9999960000000008
endloop
endfacet
facet normal 0 0 -1
outer loop
vertex -15.999984000000003 0 3.9999960000000008
vertex -15.999984000000003 -7.700033000000001 3.9999960000000008
vertex -16.754562000000004 -7.6629960000000015 3.9999960000000008
endloop
endfacet
facet normal 0 0 -1
outer loop
vertex -15.999984000000003 0 3.9999960000000008
vertex -16.754562000000004 -7.6629960000000015 3.9999960000000008
vertex -17.502221000000002 -7.551885000000001 3.9999960000000008
endloop
endfacet
facet normal 0 0 -1
outer loop
vertex -15.999984000000003 0 3.9999960000000008
vertex -17.502221000000002 -7.551885000000001 3.9999960000000008
vertex -18.235228000000003 -7.368328000000002 3.9999960000000008
endloop
endfacet
facet normal 0 0 -1
outer loop
vertex -15.999984000000003 0 3.9999960000000008
vertex -18.235228000000003 -7.368328000000002 3.9999960000000008
vertex -18.946664000000006 -7.113953000000001 3.9999960000000008
endloop
endfacet
facet normal 0 0 -1
outer loop
vertex -15.999984000000003 0 3.9999960000000008
vertex -18.946664000000006 -7.113953000000001 3.9999960000000008
vertex -19.629610000000003 -6.790795000000001 3.9999960000000008
endloop
endfacet
facet normal 0 0 -1
outer loop
vertex -15.999984000000003 0 3.9999960000000008
vertex -19.629610000000003 -6.790795000000001 3.9999960000000008
vertex -20.277961000000005 -6.402517000000001 3.9999960000000008
endloop
endfacet
facet normal 0 0 -1
outer loop
vertex -15.999984000000003 0 3.9999960000000008
vertex -20.277961000000005 -6.402517000000001 3.9999960000000008
vertex -20.884798000000004 -5.952375000000001 3.9999960000000008
endloop
endfacet
facet normal 0 0 -0.9999999999999999
outer loop
vertex -15.999984000000003 0 3.9999960000000008
vertex -20.884798000000004 -5.952375000000001 3.9999960000000008
vertex -21.444830000000003 -5.444846000000001 3.9999960000000008
endloop
endfacet
facet normal 0 0 -1
outer loop
vertex -15.999984000000003 0 3.9999960000000008
vertex -21.444830000000003 -5.444846000000001 3.9999960000000008
vertex -21.952359000000005 -4.884814000000001 3.9999960000000008
endloop
endfacet
facet normal 0 0 -1
outer loop
vertex -15.999984000000003 0 3.9999960000000008
vertex -21.952359000000005 -4.884814000000001 3.9999960000000008
vertex -22.402501000000004 -4.277977000000001 3.9999960000000008
endloop
endfacet
facet normal 0 0 -1
outer loop
vertex -15.999984000000003 0 3.9999960000000008
vertex -22.402501000000004 -4.277977000000001 3.9999960000000008
vertex -22.790779000000004 -3.629626000000001 3.9999960000000008
endloop
endfacet
facet normal 0 0 -1
outer loop
vertex -15.999984000000003 0 3.9999960000000008
vertex -22.790779000000004 -3.629626000000001 3.9999960000000008
vertex -23.113937000000004 -2.9466800000000006 3.9999960000000008
endloop
endfacet
facet normal 0 0 -0.9999999999999999
outer loop
vertex -15.999984000000003 0 3.9999960000000008
vertex -23.113937000000004 -2.9466800000000006 3.9999960000000008
vertex -23.368312000000003 -2.2352440000000002 3.9999960000000008
endloop
endfacet
facet normal 0 0 -1
outer loop
vertex -15.999984000000003 0 3.9999960000000008
vertex -23.368312000000003 -2.2352440000000002 3.9999960000000008
vertex -23.551869000000003 -1.5022370000000003 3.9999960000000008
endloop
endfacet
facet normal 0 0 -1
outer loop
vertex -15.999984000000003 0 3.9999960000000008
vertex -23.551869000000003 -1.5022370000000003 3.9999960000000008
vertex -23.662980000000005 -0.7545780000000002 3.9999960000000008
endloop
endfacet
facet normal 0 0 -1
outer loop
vertex -15.999984000000003 0 3.9999960000000008
vertex -23.662980000000005 -0.7545780000000002 3.9999960000000008
vertex -23.700017000000006 0 3.9999960000000008
endloop
endfacet
facet normal 0 0 -1
outer loop
vertex -15.999984000000003 0 3.9999960000000008
vertex -23.700017000000006 0 3.9999960000000008
vertex -23.662980000000005 0.7545780000000002 3.9999960000000008
endloop
endfacet
facet normal 0 0 -1
outer loop
vertex -15.999984000000003 0 3.9999960000000008
vertex -23.662980000000005 0.7545780000000002 3.9999960000000008
vertex -23.551869000000003 1.5022370000000003 3.9999960000000008
endloop
endfacet
facet normal 0 0 -1
outer loop
vertex -15.999984000000003 0 3.9999960000000008
vertex -23.551869000000003 1.5022370000000003 3.9999960000000008
vertex -23.368312000000003 2.2352440000000002 3.9999960000000008
endloop
endfacet
facet normal 0 0 -0.9999999999999999
outer loop
vertex -15.999984000000003 0 3.9999960000000008
vertex -23.368312000000003 2.2352440000000002 3.9999960000000008
vertex -23.113937000000004 2.9466800000000006 3.9999960000000008
endloop
endfacet
facet normal 0 0 -1
outer loop
vertex -15.999984000000003 0 3.9999960000000008
vertex -23.113937000000004 2.9466800000000006 3.9999960000000008
vertex -22.790779000000004 3.629626000000001 3.9999960000000008
endloop
endfacet
facet normal 0 0 -1
outer loop
vertex -15.999984000000003 0 3.9999960000000008
vertex -22.790779000000004 3.629626000000001 3.9999960000000008
vertex -22.402501000000004 4.277977000000001 3.9999960000000008
endloop
endfacet
facet normal 0 0 -1
outer loop
vertex -15.999984000000003 0 3.9999960000000008
vertex -22.402501000000004 4.277977000000001 3.9999960000000008
vertex -21.952359000000005 4.884814000000001 3.9999960000000008
endloop
endfacet
facet normal 0 0 -1
outer loop
vertex -15.999984000000003 0 3.9999960000000008
vertex -21.952359000000005 4.884814000000001 3.9999960000000008
vertex -21.444830000000003 5.444846000000001 3.9999960000000008
endloop
endfacet
facet normal 0 0 -0.9999999999999999
outer loop
vertex -15.999984000000003 0 3.9999960000000008
vertex -21.444830000000003 5.444846000000001 3.9999960000000008
vertex -20.884798000000004 5.952375000000001 3.9999960000000008
endloop
endfacet
facet normal 0 0 -1
outer loop
vertex -15.999984000000003 0 3.9999960000000008
vertex -20.884798000000004 5.952375000000001 3.9999960000000008
vertex -20.277961000000005 6.402517000000001 3.9999960000000008
endloop
endfacet
facet normal 0 0 -1
outer loop
vertex -15.999984000000003 0 3.9999960000000008
vertex -20.277961000000005 6.402517000000001 3.9999960000000008
vertex -19.629610000000003 6.790795000000001 3.9999960000000008
endloop
endfacet
facet normal 0 0 -1
outer loop
vertex -15.999984000000003 0 3.9999960000000008
vertex -19.629610000000003 6.790795000000001 3.9999960000000008
vertex -18.946664000000006 7.113953000000001 3.9999960000000008
endloop
endfacet
facet normal 0 0 -1
outer loop
vertex -15.999984000000003 0 3.9999960000000008
vertex -18.946664000000006 7.113953000000001 3.9999960000000008
vertex -18.235228000000003 7.368328000000002 3.9999960000000008
endloop
endfacet
facet normal 0 0 -1
outer loop
vertex -15.999984000000003 0 3.9999960000000008
vertex -18.235228000000003 7.368328000000002 3.9999960000000008
vertex -17.502221000000002 7.551885000000001 3.9999960000000008
endloop
endfacet
facet normal 0 0 -1
outer loop
vertex -15.999984000000003 0 3.9999960000000008
vertex -17.502221000000002 7.551885000000001 3.9999960000000008
vertex -16.754562000000004 7.6629960000000015 3.9999960000000008
endloop
endfacet
facet normal 0 0 -1
outer loop
vertex -15.999984000000003 0 3.9999960000000008
vertex -16.754562000000004 7.6629960000000015 3.9999960000000008
vertex -15.999984000000003 7.700033000000001 3.9999960000000008
endloop
endfacet
facet normal 0 0 -1
outer loop
vertex -15.999984000000003 0 3.9999960000000008
vertex -15.999984000000003 7.700033000000001 3.9999960000000008
vertex -15.245406000000003 7.6629960000000015 3.9999960000000008
endloop
endfacet
facet normal 0 0 -1
outer loop
vertex 15.999984000000003 0 3.9999960000000008
vertex 16.754562000000004 7.6629960000000015 3.9999960000000008
vertex 17.502221000000002 7.551885000000001 3.9999960000000008
endloop
endfacet
facet normal 0 0 -1
outer loop
vertex 15.999984000000003 0 3.9999960000000008
vertex 17.502221000000002 7.551885000000001 3.9999960000000008
vertex 18.235228000000003 7.368328000000002 3.9999960000000008
endloop
endfacet
facet normal 0 0 -1
outer loop
vertex 15.999984000000003 0 3.9999960000000008
vertex 18.235228000000003 7.368328000000002 3.9999960000000008
vertex 18.946664000000006 7.113953000000001 3.9999960000000008
endloop
endfacet
facet normal 0 0 -1
outer loop
vertex 15.999984000000003 0 3.9999960000000008
vertex 18.946664000000006 7.113953000000001 3.9999960000000008
vertex 19.629610000000003 6.790795000000001 3.9999960000000008
endloop
endfacet
facet normal 0 0 -1
outer loop
vertex 15.999984000000003 0 3.9999960000000008
vertex 19.629610000000003 6.790795000000001 3.9999960000000008
vertex 20.277961000000005 6.402517000000001 3.9999960000000008
endloop
endfacet
facet normal 0 0 -1
outer loop
vertex 15.999984000000003 0 3.9999960000000008
vertex 20.277961000000005 6.402517000000001 3.9999960000000008
vertex 20.884798000000004 5.952375000000001 3.9999960000000008
endloop
endfacet
facet normal 0 0 -0.9999999999999999
outer loop
vertex 15.999984000000003 0 3.9999960000000008
vertex 20.884798000000004 5.952375000000001 3.9999960000000008
vertex 21.444830000000003 5.444846000000001 3.9999960000000008
endloop
endfacet
facet normal 0 0 -1
outer loop
vertex 15.999984000000003 0 3.9999960000000008
vertex 21.444830000000003 5.444846000000001 3.9999960000000008
vertex 21.952359000000005 4.884814000000001 3.9999960000000008
endloop
endfacet
facet normal 0 0 -1
outer loop
vertex 15.999984000000003 0 3.9999960000000008
vertex 21.952359000000005 4.884814000000001 3.9999960000000008
vertex 22.402501000000004 4.277977000000001 3.9999960000000008
endloop
endfacet
facet normal 0 0 -1
outer loop
vertex 15.999984000000003 0 3.9999960000000008
vertex 22.402501000000004 4.277977000000001 3.9999960000000008
vertex 22.790779000000004 3.629626000000001 3.9999960000000008
endloop
endfacet
facet normal 0 0 -1
outer loop
vertex 15.999984000000003 0 3.9999960000000008
vertex 22.790779000000004 3.629626000000001 3.9999960000000008
vertex 23.113937000000004 2.9466800000000006 3.9999960000000008
endloop
endfacet
facet normal 0 0 -0.9999999999999999
outer loop
vertex 15.999984000000003 0 3.9999960000000008
vertex 23.113937000000004 2.9466800000000006 3.9999960000000008
vertex 23.368312000000003 2.2352440000000002 3.9999960000000008
endloop
endfacet
facet normal 0 0 -1
outer loop
vertex 15.999984000000003 0 3.9999960000000008
vertex 23.368312000000003 2.2352440000000002 3.9999960000000008
vertex 23.551869000000003 1.5022370000000003 3.9999960000000008
endloop
endfacet
facet normal 0 0 -1
outer loop
vertex 15.999984000000003 0 3.9999960000000008
vertex 23.551869000000003 1.5022370000000003 3.9999960000000008
vertex 23.662980000000005 0.7545780000000002 3.9999960000000008
endloop
endfacet
facet normal 0 0 -1
outer loop
vertex 15.999984000000003 0 3.9999960000000008
vertex 23.662980000000005 0.7545780000000002 3.9999960000000008
vertex 23.700017000000006 0 3.9999960000000008
endloop
endfacet
facet normal 0 0 -1
outer loop
vertex 15.999984000000003 0 3.9999960000000008
vertex 23.700017000000006 0 3.9999960000000008
vertex 23.662980000000005 -0.7545780000000002 3.9999960000000008
endloop
endfacet
facet normal 0 0 -1
outer loop
vertex 15.999984000000003 0 3.9999960000000008
vertex 23.662980000000005 -0.7545780000000002 3.9999960000000008
vertex 23.551869000000003 -1.5022370000000003 3.9999960000000008
endloop
endfacet
facet normal 0 0 -1
outer loop
vertex 15.999984000000003 0 3.9999960000000008
vertex 23.551869000000003 -1.5022370000000003 3.9999960000000008
vertex 23.368312000000003 -2.2352440000000002 3.9999960000000008
endloop
endfacet
facet normal 0 0 -0.9999999999999999
outer loop
vertex 15.999984000000003 0 3.9999960000000008
vertex 23.368312000000003 -2.2352440000000002 3.9999960000000008
vertex 23.113937000000004 -2.9466800000000006 3.9999960000000008
endloop
endfacet
facet normal 0 0 -1
outer loop
vertex 15.999984000000003 0 3.9999960000000008
vertex 23.113937000000004 -2.9466800000000006 3.9999960000000008
vertex 22.790779000000004 -3.629626000000001 3.9999960000000008
endloop
endfacet
facet normal 0 0 -1
outer loop
vertex 15.999984000000003 0 3.9999960000000008
vertex 22.790779000000004 -3.629626000000001 3.9999960000000008
vertex 22.402501000000004 -4.277977000000001 3.9999960000000008
endloop
endfacet
facet normal 0 0 -1
outer loop
vertex 15.999984000000003 0 3.9999960000000008
vertex 22.402501000000004 -4.277977000000001 3.9999960000000008
vertex 21.952359000000005 -4.884814000000001 3.9999960000000008
endloop
endfacet
facet normal 0 0 -1
outer loop
vertex 15.999984000000003 0 3.9999960000000008
vertex 21.952359000000005 -4.884814000000001 3.9999960000000008
vertex 21.444830000000003 -5.444846000000001 3.9999960000000008
endloop
endfacet
facet normal 0 0 -0.9999999999999999
outer loop
vertex 15.999984000000003 0 3.9999960000000008
vertex 21.444830000000003 -5.444846000000001 3.9999960000000008
vertex 20.884798000000004 -5.952375000000001 3.9999960000000008
endloop
endfacet
facet normal 0 0 -1
outer loop
vertex 15.999984000000003 0 3.9999960000000008
vertex 20.884798000000004 -5.952375000000001 3.9999960000000008
vertex 20.277961000000005 -6.402517000000001 3.9999960000000008
endloop
endfacet
facet normal 0 0 -1
outer loop
vertex 15.999984000000003 0 3.9999960000000008
vertex 20.277961000000005 -6.402517000000001 3.9999960000000008
vertex 19.629610000000003 -6.790795000000001 3.9999960000000008
endloop
endfacet
facet normal 0 0 -1
outer loop
vertex 15.999984000000003 0 3.9999960000000008
vertex 19.629610000000003 -6.790795000000001 3.9999960000000008
vertex 18.946664000000006 -7.113953000000001 3.9999960000000008
endloop
endfacet
facet normal 0 0 -1
outer loop
vertex 15.999984000000003 0 3.9999960000000008
vertex 18.946664000000006 -7.113953000000001 3.9999960000000008
vertex 18.235228000000003 -7.368328000000002 3.9999960000000008
endloop
endfacet
facet normal 0 0 -1
outer loop
vertex 15.999984000000003 0 3.9999960000000008
vertex 18.235228000000003 -7.368328000000002 3.9999960000000008
vertex 17.502221000000002 -7.551885000000001 3.9999960000000008
endloop
endfacet
facet normal 0 0 -1
outer loop
vertex 15.999984000000003 0 3.9999960000000008
vertex 17.502221000000002 -7.551885000000001 3.9999960000000008
vertex 16.754562000000004 -7.6629960000000015 3.9999960000000008
endloop
endfacet
facet normal 0 0 -1
outer loop
vertex 15.999984000000003 0 3.9999960000000008
vertex 16.754562000000004 -7.6629960000000015 3.9999960000000008
vertex 15.999984000000003 -7.700033000000001 3.9999960000000008
endloop
endfacet
facet normal 0 0 -1
outer loop
vertex 15.999984000000003 0 3.9999960000000008
vertex 15.999984000000003 -7.700033000000001 3.9999960000000008
vertex 15.245406000000003 -7.6629960000000015 3.9999960000000008
endloop
endfacet
facet normal 0 0 -1
outer loop
vertex 15.999984000000003 0 3.9999960000000008
vertex 15.245406000000003 -7.6629960000000015 3.9999960000000008
vertex 14.497747000000002 -7.551885000000001 3.9999960000000008
endloop
endfacet
facet normal 0 0 -0.9999999999999999
outer loop
vertex 15.999984000000003 0 3.9999960000000008
vertex 14.497747000000002 -7.551885000000001 3.9999960000000008
vertex 13.764740000000003 -7.368328000000002 3.9999960000000008
endloop
endfacet
facet normal 0 0 -1
outer loop
vertex 15.999984000000003 0 3.9999960000000008
vertex 13.764740000000003 -7.368328000000002 3.9999960000000008
vertex 13.053304000000002 -7.113953000000001 3.9999960000000008
endloop
endfacet
facet normal 0 0 -1
outer loop
vertex 15.999984000000003 0 3.9999960000000008
vertex 13.053304000000002 -7.113953000000001 3.9999960000000008
vertex 12.370358000000003 -6.790795000000001 3.9999960000000008
endloop
endfacet
facet normal 0 0 -1
outer loop
vertex 15.999984000000003 0 3.9999960000000008
vertex 12.370358000000003 -6.790795000000001 3.9999960000000008
vertex 11.722007000000003 -6.402517000000001 3.9999960000000008
endloop
endfacet
facet normal 0 0 -1
outer loop
vertex 15.999984000000003 0 3.9999960000000008
vertex 11.722007000000003 -6.402517000000001 3.9999960000000008
vertex 11.115170000000003 -5.952375000000001 3.9999960000000008
endloop
endfacet
facet normal 0 0 -1
outer loop
vertex 15.999984000000003 0 3.9999960000000008
vertex 11.115170000000003 -5.952375000000001 3.9999960000000008
vertex 10.555138000000001 -5.444846000000001 3.9999960000000008
endloop
endfacet
facet normal 0 0 -1
outer loop
vertex 15.999984000000003 0 3.9999960000000008
vertex 10.555138000000001 -5.444846000000001 3.9999960000000008
vertex 10.048016000000002 -4.884814000000001 3.9999960000000008
endloop
endfacet
facet normal 0 0 -1
outer loop
vertex 15.999984000000003 0 3.9999960000000008
vertex 10.048016000000002 -4.884814000000001 3.9999960000000008
vertex 9.597874000000003 -4.277977000000001 3.9999960000000008
endloop
endfacet
facet normal 0 0 -1
outer loop
vertex 15.999984000000003 0 3.9999960000000008
vertex 9.597874000000003 -4.277977000000001 3.9999960000000008
vertex 9.209189000000002 -3.629626000000001 3.9999960000000008
endloop
endfacet
facet normal 0 0 -1
outer loop
vertex 15.999984000000003 0 3.9999960000000008
vertex 9.209189000000002 -3.629626000000001 3.9999960000000008
vertex 8.886031000000001 -2.9466800000000006 3.9999960000000008
endloop
endfacet
facet normal 0 0 -0.9999999999999999
outer loop
vertex 15.999984000000003 0 3.9999960000000008
vertex 8.886031000000001 -2.9466800000000006 3.9999960000000008
vertex 8.631656000000001 -2.2352440000000002 3.9999960000000008
endloop
endfacet
facet normal 0 0 -1
outer loop
vertex 15.999984000000003 0 3.9999960000000008
vertex 8.631656000000001 -2.2352440000000002 3.9999960000000008
vertex 8.448099000000001 -1.5022370000000003 3.9999960000000008
endloop
endfacet
facet normal 0 0 -1
outer loop
vertex 15.999984000000003 0 3.9999960000000008
vertex 8.448099000000001 -1.5022370000000003 3.9999960000000008
vertex 8.336988000000002 -0.7545780000000002 3.9999960000000008
endloop
endfacet
facet normal 0 0 -1
outer loop
vertex 15.999984000000003 0 3.9999960000000008
vertex 8.336988000000002 -0.7545780000000002 3.9999960000000008
vertex 8.299951000000002 0 3.9999960000000008
endloop
endfacet
facet normal 0 0 -1
outer loop
vertex 15.999984000000003 0 3.9999960000000008
vertex 8.299951000000002 0 3.9999960000000008
vertex 8.336988000000002 0.7545780000000002 3.9999960000000008
endloop
endfacet
facet normal 0 0 -1
outer loop
vertex 15.999984000000003 0 3.9999960000000008
vertex 8.336988000000002 0.7545780000000002 3.9999960000000008
vertex 8.448099000000001 1.5022370000000003 3.9999960000000008
endloop
endfacet
facet normal 0 0 -1
outer loop
vertex 15.999984000000003 0 3.9999960000000008
vertex 8.448099000000001 1.5022370000000003 3.9999960000000008
vertex 8.631656000000001 2.2352440000000002 3.9999960000000008
endloop
endfacet
facet normal 0 0 -0.9999999999999999
outer loop
vertex 15.999984000000003 0 3.9999960000000008
vertex 8.631656000000001 2.2352440000000002 3.9999960000000008
vertex 8.886031000000001 2.9466800000000006 3.9999960000000008
endloop
endfacet
facet normal 0 0 -1
outer loop
vertex 15.999984000000003 0 3.9999960000000008
vertex 8.886031000000001 2.9466800000000006 3.9999960000000008
vertex 9.209189000000002 3.629626000000001 3.9999960000000008
endloop
endfacet
facet normal 0 0 -1
outer loop
vertex 15.999984000000003 0 3.9999960000000008
vertex 9.209189000000002 3.629626000000001 3.9999960000000008
vertex 9.597874000000003 4.277977000000001 3.9999960000000008
endloop
endfacet
facet normal 0 0 -1
outer loop
vertex 15.999984000000003 0 3.9999960000000008
vertex 9.597874000000003 4.277977000000001 3.9999960000000008
vertex 10.048016000000002 4.884814000000001 3.9999960000000008
endloop
endfacet
facet normal 0 0 -1
outer loop
vertex 15.999984000000003 0 3.9999960000000008
vertex 10.048016000000002 4.884814000000001 3.9999960000000008
vertex 10.555138000000001 5.444846000000001 3.9999960000000008
endloop
endfacet
facet normal 0 0 -1
outer loop
vertex 15.999984000000003 0 3.9999960000000008
vertex 10.555138000000001 5.444846000000001 3.9999960000000008
vertex 11.115170000000003 5.952375000000001 3.9999960000000008
endloop
endfacet
facet normal 0 0 -1
outer loop
vertex 15.999984000000003 0 3.9999960000000008
vertex 11.115170000000003 5.952375000000001 3.9999960000000008
vertex 11.722007000000003 6.402517000000001 3.9999960000000008
endloop
endfacet
facet normal 0 0 -1
outer loop
vertex 15.999984000000003 0 3.9999960000000008
vertex 11.722007000000003 6.402517000000001 3.9999960000000008
vertex 12.370358000000003 6.790795000000001 3.9999960000000008
endloop
endfacet
facet normal 0 0 -1
outer loop
vertex 15.999984000000003 0 3.9999960000000008
vertex 12.370358000000003 6.790795000000001 3.9999960000000008
vertex 13.053304000000002 7.113953000000001 3.9999960000000008
endloop
endfacet
facet normal 0 0 -1
outer loop
vertex 15.999984000000003 0 3.9999960000000008
vertex 13.053304000000002 7.113953000000001 3.9999960000000008
vertex 13.764740000000003 7.368328000000002 3.9999960000000008
endloop
endfacet
facet normal 0 0 -0.9999999999999999
outer loop
vertex 15.999984000000003 0 3.9999960000000008
vertex 13.764740000000003 7.368328000000002 3.9999960000000008
vertex 14.497747000000002 7.551885000000001 3.9999960000000008
endloop
endfacet
facet normal 0 0 -1
outer loop
vertex 15.999984000000003 0 3.9999960000000008
vertex 14.497747000000002 7.551885000000001 3.9999960000000008
vertex 15.245406000000003 7.6629960000000015 3.9999960000000008
endloop
endfacet
facet normal 0 0 -1
outer loop
vertex 15.999984000000003 0 3.9999960000000008
vertex 15.245406000000003 7.6629960000000015 3.9999960000000008
vertex 15.999984000000003 7.700033000000001 3.9999960000000008
endloop
endfacet
facet normal 0 0 -1
outer loop
vertex 15.999984000000003 0 3.9999960000000008
vertex 15.999984000000003 7.700033000000001 3.9999960000000008
vertex 16.754562000000004 7.6629960000000015 3.9999960000000008
endloop
endfacet
facet normal -0.9891368670921686 -0.1469974767099403 0
outer loop
vertex -8.336988000000002 0.7545780000000002 0.8001620000000002
vertex -8.336988000000002 0.7545780000000002 3.9999960000000008
vertex -8.448099000000001 1.5022370000000003 3.9999960000000008
endloop
endfacet
facet normal -0.9891368670921686 -0.1469974767099403 0
outer loop
vertex -8.336988000000002 0.7545780000000002 0.8001620000000002
vertex -8.448099000000001 1.5022370000000003 3.9999960000000008
vertex -8.448099000000001 1.5022370000000003 0.8001620000000002
endloop
endfacet
facet normal -0.9700473757666925 -0.2429158059249191 0
outer loop
vertex -8.448099000000001 1.5022370000000003 0.8001620000000002
vertex -8.448099000000001 1.5022370000000003 3.9999960000000008
vertex -8.631656000000001 2.2352440000000002 3.9999960000000008
endloop
endfacet
facet normal -0.9700473757666925 -0.2429158059249191 0
outer loop
vertex -8.448099000000001 1.5022370000000003 0.8001620000000002
vertex -8.631656000000001 2.2352440000000002 3.9999960000000008
vertex -8.631656000000001 2.2352440000000002 0.8001620000000002
endloop
endfacet
facet normal -0.9416199755152402 -0.33667762282438435 0
outer loop
vertex -8.631656000000001 2.2352440000000002 0.8001620000000002
vertex -8.631656000000001 2.2352440000000002 3.9999960000000008
vertex -8.886031000000001 2.9466800000000006 3.9999960000000008
endloop
endfacet
facet normal -0.9416199755152402 -0.33667762282438435 0
outer loop
vertex -8.631656000000001 2.2352440000000002 0.8001620000000002
vertex -8.886031000000001 2.9466800000000006 3.9999960000000008
vertex -8.886031000000001 2.9466800000000006 0.8001620000000002
endloop
endfacet
facet normal -0.903913262101355 -0.4277158105533242 0
outer loop
vertex -8.886031000000001 2.9466800000000006 0.8001620000000002
vertex -8.886031000000001 2.9466800000000006 3.9999960000000008
vertex -9.209189000000002 3.629626000000001 3.9999960000000008
endloop
endfacet
facet normal -0.903913262101355 -0.4277158105533242 0
outer loop
vertex -8.886031000000001 2.9466800000000006 0.8001620000000002
vertex -9.209189000000002 3.629626000000001 3.9999960000000008
vertex -9.209189000000002 3.629626000000001 0.8001620000000002
endloop
endfacet
facet normal -0.8576828933451349 -0.5141790101347177 0
outer loop
vertex -9.209189000000002 3.629626000000001 0.8001620000000002
vertex -9.209189000000002 3.629626000000001 3.9999960000000008
vertex -9.597874000000003 4.277977000000001 3.9999960000000008
endloop
endfacet
facet normal -0.8576828933451349 -0.5141790101347177 0
outer loop
vertex -9.209189000000002 3.629626000000001 0.8001620000000002
vertex -9.597874000000003 4.277977000000001 3.9999960000000008
vertex -9.597874000000003 4.277977000000001 0.8001620000000002
endloop
endfacet
facet normal -0.8031562296303116 -0.5957684708055823 0
outer loop
vertex -9.597874000000003 4.277977000000001 0.8001620000000002
vertex -9.597874000000003 4.277977000000001 3.9999960000000008
vertex -10.048016000000002 4.884814000000001 3.9999960000000008
endloop
endfacet
facet normal -0.8031562296303116 -0.5957684708055823 0
outer loop
vertex -9.597874000000003 4.277977000000001 0.8001620000000002
vertex -10.048016000000002 4.884814000000001 3.9999960000000008
vertex -10.048016000000002 4.884814000000001 0.8001620000000002
endloop
endfacet
facet normal -0.7412549439438253 -0.6712235902282013 0
outer loop
vertex -10.048016000000002 4.884814000000001 0.8001620000000002
vertex -10.048016000000002 4.884814000000001 3.9999960000000008
vertex -10.555138000000001 5.444846000000001 3.9999960000000008
endloop
endfacet
facet normal -0.7412549439438253 -0.6712235902282013 0
outer loop
vertex -10.048016000000002 4.884814000000001 0.8001620000000002
vertex -10.555138000000001 5.444846000000001 3.9999960000000008
vertex -10.555138000000001 5.444846000000001 0.8001620000000002
endloop
endfacet
facet normal -0.6715194247388583 -0.7409869514359836 0
outer loop
vertex -10.555138000000001 5.444846000000001 0.8001620000000002
vertex -10.555138000000001 5.444846000000001 3.9999960000000008
vertex -11.115170000000003 5.952375000000001 3.9999960000000008
endloop
endfacet
facet normal -0.6715194247388583 -0.7409869514359836 0
outer loop
vertex -10.555138000000001 5.444846000000001 0.8001620000000002
vertex -11.115170000000003 5.952375000000001 3.9999960000000008
vertex -11.115170000000003 5.952375000000001 0.8001620000000002
endloop
endfacet
facet normal -0.595768470805583 -0.8031562296303112 0
outer loop
vertex -11.115170000000003 5.952375000000001 0.8001620000000002
vertex -11.115170000000003 5.952375000000001 3.9999960000000008
vertex -11.722007000000003 6.402517000000001 3.9999960000000008
endloop
endfacet
facet normal -0.595768470805583 -0.8031562296303112 0
outer loop
vertex -11.115170000000003 5.952375000000001 0.8001620000000002
vertex -11.722007000000003 6.402517000000001 3.9999960000000008
vertex -11.722007000000003 6.402517000000001 0.8001620000000002
endloop
endfacet
facet normal -0.5137827824699376 -0.8579203065771605 0
outer loop
vertex -11.722007000000003 6.402517000000001 0.8001620000000002
vertex -11.722007000000003 6.402517000000001 3.9999960000000008
vertex -12.370358000000003 6.790795000000001 3.9999960000000008
endloop
endfacet
facet normal -0.5137827824699376 -0.8579203065771605 0
outer loop
vertex -11.722007000000003 6.402517000000001 0.8001620000000002
vertex -12.370358000000003 6.790795000000001 3.9999960000000008
vertex -12.370358000000003 6.790795000000001 0.8001620000000002
endloop
endfacet
facet normal -0.4277158105533238 -0.9039132621013551 0
outer loop
vertex -12.370358000000003 6.790795000000001 0.8001620000000002
vertex -12.370358000000003 6.790795000000001 3.9999960000000008
vertex -13.053304000000002 7.113953000000001 3.9999960000000008
endloop
endfacet
facet normal -0.4277158105533238 -0.9039132621013551 0
outer loop
vertex -12.370358000000003 6.790795000000001 0.8001620000000002
vertex -13.053304000000002 7.113953000000001 3.9999960000000008
vertex -13.053304000000002 7.113953000000001 0.8001620000000002
endloop
endfacet
facet normal -0.3366776228243852 -0.9416199755152399 0
outer loop
vertex -13.053304000000002 7.113953000000001 0.8001620000000002
vertex -13.053304000000002 7.113953000000001 3.9999960000000008
vertex -13.764740000000003 7.368328000000002 3.9999960000000008
endloop
endfacet
facet normal -0.3366776228243852 -0.9416199755152399 0
outer loop
vertex -13.053304000000002 7.113953000000001 0.8001620000000002
vertex -13.764740000000003 7.368328000000002 3.9999960000000008
vertex -13.764740000000003 7.368328000000002 0.8001620000000002
endloop
endfacet
facet normal -0.24291580592491838 -0.9700473757666929 0
outer loop
vertex -13.764740000000003 7.368328000000002 0.8001620000000002
vertex -13.764740000000003 7.368328000000002 3.9999960000000008
vertex -14.497747000000002 7.551885000000001 3.9999960000000008
endloop
endfacet
facet normal -0.24291580592491838 -0.9700473757666929 0
outer loop
vertex -13.764740000000003 7.368328000000002 0.8001620000000002
vertex -14.497747000000002 7.551885000000001 3.9999960000000008
vertex -14.497747000000002 7.551885000000001 0.8001620000000002
endloop
endfacet
facet normal -0.14699747670994137 -0.9891368670921685 0
outer loop
vertex -14.497747000000002 7.551885000000001 0.8001620000000002
vertex -14.497747000000002 7.551885000000001 3.9999960000000008
vertex -15.245406000000003 7.6629960000000015 3.9999960000000008
endloop
endfacet
facet normal -0.14699747670994137 -0.9891368670921685 0
outer loop
vertex -14.497747000000002 7.551885000000001 0.8001620000000002
vertex -15.245406000000003 7.6629960000000015 3.9999960000000008
vertex -15.245406000000003 7.6629960000000015 0.8001620000000002
endloop
endfacet
facet normal -0.04902404610012476 -0.9987975985673838 0
outer loop
vertex -15.245406000000003 7.6629960000000015 0.8001620000000002
vertex -15.245406000000003 7.6629960000000015 3.9999960000000008
vertex -15.999984000000003 7.700033000000001 3.9999960000000008
endloop
endfacet
facet normal -0.04902404610012476 -0.9987975985673838 0
outer loop
vertex -15.245406000000003 7.6629960000000015 0.8001620000000002
vertex -15.999984000000003 7.700033000000001 3.9999960000000008
vertex -15.999984000000003 7.700033000000001 0.8001620000000002
endloop
endfacet
facet normal 0.04902404610012476 -0.9987975985673838 0
outer loop
vertex -15.999984000000003 7.700033000000001 0.8001620000000002
vertex -15.999984000000003 7.700033000000001 3.9999960000000008
vertex -16.754562000000004 7.6629960000000015 3.9999960000000008
endloop
endfacet
facet normal 0.04902404610012476 -0.9987975985673838 0
outer loop
vertex -15.999984000000003 7.700033000000001 0.8001620000000002
vertex -16.754562000000004 7.6629960000000015 3.9999960000000008
vertex -16.754562000000004 7.6629960000000015 0.8001620000000002
endloop
endfacet
facet normal 0.14699747670994168 -0.9891368670921684 0
outer loop
vertex -16.754562000000004 7.6629960000000015 0.8001620000000002
vertex -16.754562000000004 7.6629960000000015 3.9999960000000008
vertex -17.502221000000002 7.551885000000001 3.9999960000000008
endloop
endfacet
facet normal 0.14699747670994168 -0.9891368670921684 0
outer loop
vertex -16.754562000000004 7.6629960000000015 0.8001620000000002
vertex -17.502221000000002 7.551885000000001 3.9999960000000008
vertex -17.502221000000002 7.551885000000001 0.8001620000000002
endloop
endfacet
facet normal 0.2429158059249178 -0.9700473757666929 0
outer loop
vertex -17.502221000000002 7.551885000000001 0.8001620000000002
vertex -17.502221000000002 7.551885000000001 3.9999960000000008
vertex -18.235228000000003 7.368328000000002 3.9999960000000008
endloop
endfacet
facet normal 0.2429158059249178 -0.9700473757666929 0
outer loop
vertex -17.502221000000002 7.551885000000001 0.8001620000000002
vertex -18.235228000000003 7.368328000000002 3.9999960000000008
vertex -18.235228000000003 7.368328000000002 0.8001620000000002
endloop
endfacet
facet normal 0.3366776228243844 -0.94161997551524 0
outer loop
vertex -18.235228000000003 7.368328000000002 0.8001620000000002
vertex -18.235228000000003 7.368328000000002 3.9999960000000008
vertex -18.946664000000006 7.113953000000001 3.9999960000000008
endloop
endfacet
facet normal 0.3366776228243844 -0.94161997551524 0
outer loop
vertex -18.235228000000003 7.368328000000002 0.8001620000000002
vertex -18.946664000000006 7.113953000000001 3.9999960000000008
vertex -18.946664000000006 7.113953000000001 0.8001620000000002
endloop
endfacet
facet normal 0.42771581055332475 -0.9039132621013547 0
outer loop
vertex -18.946664000000006 7.113953000000001 0.8001620000000002
vertex -18.946664000000006 7.113953000000001 3.9999960000000008
vertex -19.629610000000003 6.790795000000001 3.9999960000000008
endloop
endfacet
facet normal 0.42771581055332475 -0.9039132621013547 0
outer loop
vertex -18.946664000000006 7.113953000000001 0.8001620000000002
vertex -19.629610000000003 6.790795000000001 3.9999960000000008
vertex -19.629610000000003 6.790795000000001 0.8001620000000002
endloop
endfacet
facet normal 0.5137827824699366 -0.8579203065771611 0
outer loop
vertex -19.629610000000003 6.790795000000001 0.8001620000000002
vertex -19.629610000000003 6.790795000000001 3.9999960000000008
vertex -20.277961000000005 6.402517000000001 3.9999960000000008
endloop
endfacet
facet normal 0.5137827824699366 -0.8579203065771611 0
outer loop
vertex -19.629610000000003 6.790795000000001 0.8001620000000002
vertex -20.277961000000005 6.402517000000001 3.9999960000000008
vertex -20.277961000000005 6.402517000000001 0.8001620000000002
endloop
endfacet
facet normal 0.5957684708055841 -0.8031562296303104 0
outer loop
vertex -20.277961000000005 6.402517000000001 0.8001620000000002
vertex -20.277961000000005 6.402517000000001 3.9999960000000008
vertex -20.884798000000004 5.952375000000001 3.9999960000000008
endloop
endfacet
facet normal 0.5957684708055841 -0.8031562296303104 0
outer loop
vertex -20.277961000000005 6.402517000000001 0.8001620000000002
vertex -20.884798000000004 5.952375000000001 3.9999960000000008
vertex -20.884798000000004 5.952375000000001 0.8001620000000002
endloop
endfacet
facet normal 0.6715194247388596 -0.7409869514359826 0
outer loop
vertex -20.884798000000004 5.952375000000001 0.8001620000000002
vertex -20.884798000000004 5.952375000000001 3.9999960000000008
vertex -21.444830000000003 5.444846000000001 3.9999960000000008
endloop
endfacet
facet normal 0.6715194247388596 -0.7409869514359826 0
outer loop
vertex -20.884798000000004 5.952375000000001 0.8001620000000002
vertex -21.444830000000003 5.444846000000001 3.9999960000000008
vertex -21.444830000000003 5.444846000000001 0.8001620000000002
endloop
endfacet
facet normal 0.7409869514359815 -0.6715194247388608 0
outer loop
vertex -21.444830000000003 5.444846000000001 0.8001620000000002
vertex -21.444830000000003 5.444846000000001 3.9999960000000008
vertex -21.952359000000005 4.884814000000001 3.9999960000000008
endloop
endfacet
facet normal 0.7409869514359815 -0.6715194247388608 0
outer loop
vertex -21.444830000000003 5.444846000000001 0.8001620000000002
vertex -21.952359000000005 4.884814000000001 3.9999960000000008
vertex -21.952359000000005 4.884814000000001 0.8001620000000002
endloop
endfacet
facet normal 0.8031562296303116 -0.5957684708055823 0
outer loop
vertex -21.952359000000005 4.884814000000001 0.8001620000000002
vertex -21.952359000000005 4.884814000000001 3.9999960000000008
vertex -22.402501000000004 4.277977000000001 3.9999960000000008
endloop
endfacet
facet normal 0.8031562296303116 -0.5957684708055823 0
outer loop
vertex -21.952359000000005 4.884814000000001 0.8001620000000002
vertex -22.402501000000004 4.277977000000001 3.9999960000000008
vertex -22.402501000000004 4.277977000000001 0.8001620000000002
endloop
endfacet
facet normal 0.8579203065771605 -0.5137827824699376 0
outer loop
vertex -22.402501000000004 4.277977000000001 0.8001620000000002
vertex -22.402501000000004 4.277977000000001 3.9999960000000008
vertex -22.790779000000004 3.629626000000001 3.9999960000000008
endloop
endfacet
facet normal 0.8579203065771605 -0.5137827824699376 0
outer loop
vertex -22.402501000000004 4.277977000000001 0.8001620000000002
vertex -22.790779000000004 3.629626000000001 3.9999960000000008
vertex -22.790779000000004 3.629626000000001 0.8001620000000002
endloop
endfacet
facet normal 0.9039132621013558 -0.4277158105533223 0
outer loop
vertex -22.790779000000004 3.629626000000001 0.8001620000000002
vertex -22.790779000000004 3.629626000000001 3.9999960000000008
vertex -23.113937000000004 2.9466800000000006 3.9999960000000008
endloop
endfacet
facet normal 0.9039132621013558 -0.4277158105533223 0
outer loop
vertex -22.790779000000004 3.629626000000001 0.8001620000000002
vertex -23.113937000000004 2.9466800000000006 3.9999960000000008
vertex -23.113937000000004 2.9466800000000006 0.8001620000000002
endloop
endfacet
facet normal 0.9416199755152402 -0.33667762282438435 0
outer loop
vertex -23.113937000000004 2.9466800000000006 0.8001620000000002
vertex -23.113937000000004 2.9466800000000006 3.9999960000000008
vertex -23.368312000000003 2.2352440000000002 3.9999960000000008
endloop
endfacet
facet normal 0.9416199755152402 -0.33667762282438435 0
outer loop
vertex -23.113937000000004 2.9466800000000006 0.8001620000000002
vertex -23.368312000000003 2.2352440000000002 3.9999960000000008
vertex -23.368312000000003 2.2352440000000002 0.8001620000000002
endloop
endfacet
facet normal 0.9700473757666925 -0.2429158059249191 0
outer loop
vertex -23.368312000000003 2.2352440000000002 0.8001620000000002
vertex -23.368312000000003 2.2352440000000002 3.9999960000000008
vertex -23.551869000000003 1.5022370000000003 3.9999960000000008
endloop
endfacet
facet normal 0.9700473757666925 -0.2429158059249191 0
outer loop
vertex -23.368312000000003 2.2352440000000002 0.8001620000000002
vertex -23.551869000000003 1.5022370000000003 3.9999960000000008
vertex -23.551869000000003 1.5022370000000003 0.8001620000000002
endloop
endfacet
facet normal 0.9891368670921682 -0.1469974767099426 0
outer loop
vertex -23.551869000000003 1.5022370000000003 0.8001620000000002
vertex -23.551869000000003 1.5022370000000003 3.9999960000000008
vertex -23.662980000000005 0.7545780000000002 3.9999960000000008
endloop
endfacet
facet normal 0.9891368670921682 -0.1469974767099426 0
outer loop
vertex -23.551869000000003 1.5022370000000003 0.8001620000000002
vertex -23.662980000000005 0.7545780000000002 3.9999960000000008
vertex -23.662980000000005 0.7545780000000002 0.8001620000000002
endloop
endfacet
facet normal 0.9987975985673838 -0.049024046100127124 0
outer loop
vertex -23.662980000000005 0.7545780000000002 0.8001620000000002
vertex -23.662980000000005 0.7545780000000002 3.9999960000000008
vertex -23.700017000000006 0 3.9999960000000008
endloop
endfacet
facet normal 0.9987975985673838 -0.049024046100127124 0
outer loop
vertex -23.662980000000005 0.7545780000000002 0.8001620000000002
vertex -23.700017000000006 0 3.9999960000000008
vertex -23.700017000000006 0 0.8001620000000002
endloop
endfacet
facet normal 0.9987975985673838 0.049024046100127124 0
outer loop
vertex -23.700017000000006 0 0.8001620000000002
vertex -23.700017000000006 0 3.9999960000000008
vertex -23.662980000000005 -0.7545780000000002 3.9999960000000008
endloop
endfacet
facet normal 0.9987975985673838 0.049024046100127124 0
outer loop
vertex -23.700017000000006 0 0.8001620000000002
vertex -23.662980000000005 -0.7545780000000002 3.9999960000000008
vertex -23.662980000000005 -0.7545780000000002 0.8001620000000002
endloop
endfacet
facet normal 0.9891368670921682 0.1469974767099426 0
outer loop
vertex -23.662980000000005 -0.7545780000000002 0.8001620000000002
vertex -23.662980000000005 -0.7545780000000002 3.9999960000000008
vertex -23.551869000000003 -1.5022370000000003 3.9999960000000008
endloop
endfacet
facet normal 0.9891368670921682 0.1469974767099426 0
outer loop
vertex -23.662980000000005 -0.7545780000000002 0.8001620000000002
vertex -23.551869000000003 -1.5022370000000003 3.9999960000000008
vertex -23.551869000000003 -1.5022370000000003 0.8001620000000002
endloop
endfacet
facet normal 0.9700473757666925 0.2429158059249191 0
outer loop
vertex -23.551869000000003 -1.5022370000000003 0.8001620000000002
vertex -23.551869000000003 -1.5022370000000003 3.9999960000000008
vertex -23.368312000000003 -2.2352440000000002 3.9999960000000008
endloop
endfacet
facet normal 0.9700473757666925 0.2429158059249191 0
outer loop
vertex -23.551869000000003 -1.5022370000000003 0.8001620000000002
vertex -23.368312000000003 -2.2352440000000002 3.9999960000000008
vertex -23.368312000000003 -2.2352440000000002 0.8001620000000002
endloop
endfacet
facet normal 0.9416199755152402 0.33667762282438435 0
outer loop
vertex -23.368312000000003 -2.2352440000000002 0.8001620000000002
vertex -23.368312000000003 -2.2352440000000002 3.9999960000000008
vertex -23.113937000000004 -2.9466800000000006 3.9999960000000008
endloop
endfacet
facet normal 0.9416199755152402 0.33667762282438435 0
outer loop
vertex -23.368312000000003 -2.2352440000000002 0.8001620000000002
vertex -23.113937000000004 -2.9466800000000006 3.9999960000000008
vertex -23.113937000000004 -2.9466800000000006 0.8001620000000002
endloop
endfacet
facet normal 0.9039132621013558 0.4277158105533223 0
outer loop
vertex -23.113937000000004 -2.9466800000000006 0.8001620000000002
vertex -23.113937000000004 -2.9466800000000006 3.9999960000000008
vertex -22.790779000000004 -3.629626000000001 3.9999960000000008
endloop
endfacet
facet normal 0.9039132621013558 0.4277158105533223 0
outer loop
vertex -23.113937000000004 -2.9466800000000006 0.8001620000000002
vertex -22.790779000000004 -3.629626000000001 3.9999960000000008
vertex -22.790779000000004 -3.629626000000001 0.8001620000000002
endloop
endfacet
facet normal 0.8579203065771605 0.5137827824699376 0
outer loop
vertex -22.790779000000004 -3.629626000000001 0.8001620000000002
vertex -22.790779000000004 -3.629626000000001 3.9999960000000008
vertex -22.402501000000004 -4.277977000000001 3.9999960000000008
endloop
endfacet
facet normal 0.8579203065771605 0.5137827824699376 0
outer loop
vertex -22.790779000000004 -3.629626000000001 0.8001620000000002
vertex -22.402501000000004 -4.277977000000001 3.9999960000000008
vertex -22.402501000000004 -4.277977000000001 0.8001620000000002
endloop
endfacet
facet normal 0.8031562296303116 0.5957684708055823 0
outer loop
vertex -22.402501000000004 -4.277977000000001 0.8001620000000002
vertex -22.402501000000004 -4.277977000000001 3.9999960000000008
vertex -21.952359000000005 -4.884814000000001 3.9999960000000008
endloop
endfacet
facet normal 0.8031562296303116 0.5957684708055823 0
outer loop
vertex -22.402501000000004 -4.277977000000001 0.8001620000000002
vertex -21.952359000000005 -4.884814000000001 3.9999960000000008
vertex -21.952359000000005 -4.884814000000001 0.8001620000000002
endloop
endfacet
facet normal 0.7409869514359815 0.6715194247388608 0
outer loop
vertex -21.952359000000005 -4.884814000000001 0.8001620000000002
vertex -21.952359000000005 -4.884814000000001 3.9999960000000008
vertex -21.444830000000003 -5.444846000000001 3.9999960000000008
endloop
endfacet
facet normal 0.7409869514359815 0.6715194247388608 0
outer loop
vertex -21.952359000000005 -4.884814000000001 0.8001620000000002
vertex -21.444830000000003 -5.444846000000001 3.9999960000000008
vertex -21.444830000000003 -5.444846000000001 0.8001620000000002
endloop
endfacet
facet normal 0.6715194247388596 0.7409869514359826 0
outer loop
vertex -21.444830000000003 -5.444846000000001 0.8001620000000002
vertex -21.444830000000003 -5.444846000000001 3.9999960000000008
vertex -20.884798000000004 -5.952375000000001 3.9999960000000008
endloop
endfacet
facet normal 0.6715194247388596 0.7409869514359826 0
outer loop
vertex -21.444830000000003 -5.444846000000001 0.8001620000000002
vertex -20.884798000000004 -5.952375000000001 3.9999960000000008
vertex -20.884798000000004 -5.952375000000001 0.8001620000000002
endloop
endfacet
facet normal 0.5957684708055841 0.8031562296303104 0
outer loop
vertex -20.884798000000004 -5.952375000000001 0.8001620000000002
vertex -20.884798000000004 -5.952375000000001 3.9999960000000008
vertex -20.277961000000005 -6.402517000000001 3.9999960000000008
endloop
endfacet
facet normal 0.5957684708055841 0.8031562296303104 0
outer loop
vertex -20.884798000000004 -5.952375000000001 0.8001620000000002
vertex -20.277961000000005 -6.402517000000001 3.9999960000000008
vertex -20.277961000000005 -6.402517000000001 0.8001620000000002
endloop
endfacet
facet normal 0.5137827824699366 0.8579203065771611 0
outer loop
vertex -20.277961000000005 -6.402517000000001 0.8001620000000002
vertex -20.277961000000005 -6.402517000000001 3.9999960000000008
vertex -19.629610000000003 -6.790795000000001 3.9999960000000008
endloop
endfacet
facet normal 0.5137827824699366 0.8579203065771611 0
outer loop
vertex -20.277961000000005 -6.402517000000001 0.8001620000000002
vertex -19.629610000000003 -6.790795000000001 3.9999960000000008
vertex -19.629610000000003 -6.790795000000001 0.8001620000000002
endloop
endfacet
facet normal 0.42771581055332475 0.9039132621013547 0
outer loop
vertex -19.629610000000003 -6.790795000000001 0.8001620000000002
vertex -19.629610000000003 -6.790795000000001 3.9999960000000008
vertex -18.946664000000006 -7.113953000000001 3.9999960000000008
endloop
endfacet
facet normal 0.42771581055332475 0.9039132621013547 0
outer loop
vertex -19.629610000000003 -6.790795000000001 0.8001620000000002
vertex -18.946664000000006 -7.113953000000001 3.9999960000000008
vertex -18.946664000000006 -7.113953000000001 0.8001620000000002
endloop
endfacet
facet normal 0.3366776228243844 0.94161997551524 0
outer loop
vertex -18.946664000000006 -7.113953000000001 0.8001620000000002
vertex -18.946664000000006 -7.113953000000001 3.9999960000000008
vertex -18.235228000000003 -7.368328000000002 3.9999960000000008
endloop
endfacet
facet normal 0.3366776228243844 0.94161997551524 0
outer loop
vertex -18.946664000000006 -7.113953000000001 0.8001620000000002
vertex -18.235228000000003 -7.368328000000002 3.9999960000000008
vertex -18.235228000000003 -7.368328000000002 0.8001620000000002
endloop
endfacet
facet normal 0.2429158059249178 0.9700473757666929 0
outer loop
vertex -18.235228000000003 -7.368328000000002 0.8001620000000002
vertex -18.235228000000003 -7.368328000000002 3.9999960000000008
vertex -17.502221000000002 -7.551885000000001 3.9999960000000008
endloop
endfacet
facet normal 0.2429158059249178 0.9700473757666929 0
outer loop
vertex -18.235228000000003 -7.368328000000002 0.8001620000000002
vertex -17.502221000000002 -7.551885000000001 3.9999960000000008
vertex -17.502221000000002 -7.551885000000001 0.8001620000000002
endloop
endfacet
facet normal 0.14699747670994168 0.9891368670921684 0
outer loop
vertex -17.502221000000002 -7.551885000000001 0.8001620000000002
vertex -17.502221000000002 -7.551885000000001 3.9999960000000008
vertex -16.754562000000004 -7.6629960000000015 3.9999960000000008
endloop
endfacet
facet normal 0.14699747670994168 0.9891368670921684 0
outer loop
vertex -17.502221000000002 -7.551885000000001 0.8001620000000002
vertex -16.754562000000004 -7.6629960000000015 3.9999960000000008
vertex -16.754562000000004 -7.6629960000000015 0.8001620000000002
endloop
endfacet
facet normal 0.04902404610012476 0.9987975985673838 0
outer loop
vertex -16.754562000000004 -7.6629960000000015 0.8001620000000002
vertex -16.754562000000004 -7.6629960000000015 3.9999960000000008
vertex -15.999984000000003 -7.700033000000001 3.9999960000000008
endloop
endfacet
facet normal 0.04902404610012476 0.9987975985673838 0
outer loop
vertex -16.754562000000004 -7.6629960000000015 0.8001620000000002
vertex -15.999984000000003 -7.700033000000001 3.9999960000000008
vertex -15.999984000000003 -7.700033000000001 0.8001620000000002
endloop
endfacet
facet normal -0.04902404610012476 0.9987975985673838 0
outer loop
vertex -15.999984000000003 -7.700033000000001 0.8001620000000002
vertex -15.999984000000003 -7.700033000000001 3.9999960000000008
vertex -15.245406000000003 -7.6629960000000015 3.9999960000000008
endloop
endfacet
facet normal -0.04902404610012476 0.9987975985673838 0
outer loop
vertex -15.999984000000003 -7.700033000000001 0.8001620000000002
vertex -15.245406000000003 -7.6629960000000015 3.9999960000000008
vertex -15.245406000000003 -7.6629960000000015 0.8001620000000002
endloop
endfacet
facet normal -0.14699747670994137 0.9891368670921685 0
outer loop
vertex -15.245406000000003 -7.6629960000000015 0.8001620000000002
vertex -15.245406000000003 -7.6629960000000015 3.9999960000000008
vertex -14.497747000000002 -7.551885000000001 3.9999960000000008
endloop
endfacet
facet normal -0.14699747670994137 0.9891368670921685 0
outer loop
vertex -15.245406000000003 -7.6629960000000015 0.8001620000000002
vertex -14.497747000000002 -7.551885000000001 3.9999960000000008
vertex -14.497747000000002 -7.551885000000001 0.8001620000000002
endloop
endfacet
facet normal -0.24291580592491838 0.9700473757666929 0
outer loop
vertex -14.497747000000002 -7.551885000000001 0.8001620000000002
vertex -14.497747000000002 -7.551885000000001 3.9999960000000008
vertex -13.764740000000003 -7.368328000000002 3.9999960000000008
endloop
endfacet
facet normal -0.24291580592491838 0.9700473757666929 0
outer loop
vertex -14.497747000000002 -7.551885000000001 0.8001620000000002
vertex -13.764740000000003 -7.368328000000002 3.9999960000000008
vertex -13.764740000000003 -7.368328000000002 0.8001620000000002
endloop
endfacet
facet normal -0.3366776228243852 0.9416199755152399 0
outer loop
vertex -13.764740000000003 -7.368328000000002 0.8001620000000002
vertex -13.764740000000003 -7.368328000000002 3.9999960000000008
vertex -13.053304000000002 -7.113953000000001 3.9999960000000008
endloop
endfacet
facet normal -0.3366776228243852 0.9416199755152399 0
outer loop
vertex -13.764740000000003 -7.368328000000002 0.8001620000000002
vertex -13.053304000000002 -7.113953000000001 3.9999960000000008
vertex -13.053304000000002 -7.113953000000001 0.8001620000000002
endloop
endfacet
facet normal -0.4277158105533238 0.9039132621013551 0
outer loop
vertex -13.053304000000002 -7.113953000000001 0.8001620000000002
vertex -13.053304000000002 -7.113953000000001 3.9999960000000008
vertex -12.370358000000003 -6.790795000000001 3.9999960000000008
endloop
endfacet
facet normal -0.4277158105533238 0.9039132621013551 0
outer loop
vertex -13.053304000000002 -7.113953000000001 0.8001620000000002
vertex -12.370358000000003 -6.790795000000001 3.9999960000000008
vertex -12.370358000000003 -6.790795000000001 0.8001620000000002
endloop
endfacet
facet normal -0.5137827824699376 0.8579203065771605 0
outer loop
vertex -12.370358000000003 -6.790795000000001 0.8001620000000002
vertex -12.370358000000003 -6.790795000000001 3.9999960000000008
vertex -11.722007000000003 -6.402517000000001 3.9999960000000008
endloop
endfacet
facet normal -0.5137827824699376 0.8579203065771605 0
outer loop
vertex -12.370358000000003 -6.790795000000001 0.8001620000000002
vertex -11.722007000000003 -6.402517000000001 3.9999960000000008
vertex -11.722007000000003 -6.402517000000001 0.8001620000000002
endloop
endfacet
facet normal -0.595768470805583 0.8031562296303112 0
outer loop
vertex -11.722007000000003 -6.402517000000001 0.8001620000000002
vertex -11.722007000000003 -6.402517000000001 3.9999960000000008
vertex -11.115170000000003 -5.952375000000001 3.9999960000000008
endloop
endfacet
facet normal -0.595768470805583 0.8031562296303112 0
outer loop
vertex -11.722007000000003 -6.402517000000001 0.8001620000000002
vertex -11.115170000000003 -5.952375000000001 3.9999960000000008
vertex -11.115170000000003 -5.952375000000001 0.8001620000000002
endloop
endfacet
facet normal -0.6715194247388583 0.7409869514359836 0
outer loop
vertex -11.115170000000003 -5.952375000000001 0.8001620000000002
vertex -11.115170000000003 -5.952375000000001 3.9999960000000008
vertex -10.555138000000001 -5.444846000000001 3.9999960000000008
endloop
endfacet
facet normal -0.6715194247388583 0.7409869514359836 0
outer loop
vertex -11.115170000000003 -5.952375000000001 0.8001620000000002
vertex -10.555138000000001 -5.444846000000001 3.9999960000000008
vertex -10.555138000000001 -5.444846000000001 0.8001620000000002
endloop
endfacet
facet normal -0.7412549439438253 0.6712235902282013 0
outer loop
vertex -10.555138000000001 -5.444846000000001 0.8001620000000002
vertex -10.555138000000001 -5.444846000000001 3.9999960000000008
vertex -10.048016000000002 -4.884814000000001 3.9999960000000008
endloop
endfacet
facet normal -0.7412549439438253 0.6712235902282013 0
outer loop
vertex -10.555138000000001 -5.444846000000001 0.8001620000000002
vertex -10.048016000000002 -4.884814000000001 3.9999960000000008
vertex -10.048016000000002 -4.884814000000001 0.8001620000000002
endloop
endfacet
facet normal -0.8031562296303116 0.5957684708055823 0
outer loop
vertex -10.048016000000002 -4.884814000000001 0.8001620000000002
vertex -10.048016000000002 -4.884814000000001 3.9999960000000008
vertex -9.597874000000003 -4.277977000000001 3.9999960000000008
endloop
endfacet
facet normal -0.8031562296303116 0.5957684708055823 0
outer loop
vertex -10.048016000000002 -4.884814000000001 0.8001620000000002
vertex -9.597874000000003 -4.277977000000001 3.9999960000000008
vertex -9.597874000000003 -4.277977000000001 0.8001620000000002
endloop
endfacet
facet normal -0.8576828933451349 0.5141790101347177 0
outer loop
vertex -9.597874000000003 -4.277977000000001 0.8001620000000002
vertex -9.597874000000003 -4.277977000000001 3.9999960000000008
vertex -9.209189000000002 -3.629626000000001 3.9999960000000008
endloop
endfacet
facet normal -0.8576828933451349 0.5141790101347177 0
outer loop
vertex -9.597874000000003 -4.277977000000001 0.8001620000000002
vertex -9.209189000000002 -3.629626000000001 3.9999960000000008
vertex -9.209189000000002 -3.629626000000001 0.8001620000000002
endloop
endfacet
facet normal -0.903913262101355 0.4277158105533242 0
outer loop
vertex -9.209189000000002 -3.629626000000001 0.8001620000000002
vertex -9.209189000000002 -3.629626000000001 3.9999960000000008
vertex -8.886031000000001 -2.9466800000000006 3.9999960000000008
endloop
endfacet
facet normal -0.903913262101355 0.4277158105533242 0
outer loop
vertex -9.209189000000002 -3.629626000000001 0.8001620000000002
vertex -8.886031000000001 -2.9466800000000006 3.9999960000000008
vertex -8.886031000000001 -2.9466800000000006 0.8001620000000002
endloop
endfacet
facet normal -0.9416199755152402 0.33667762282438435 0
outer loop
vertex -8.886031000000001 -2.9466800000000006 0.8001620000000002
vertex -8.886031000000001 -2.9466800000000006 3.9999960000000008
vertex -8.631656000000001 -2.2352440000000002 3.9999960000000008
endloop
endfacet
facet normal -0.9416199755152402 0.33667762282438435 0
outer loop
vertex -8.886031000000001 -2.9466800000000006 0.8001620000000002
vertex -8.631656000000001 -2.2352440000000002 3.9999960000000008
vertex -8.631656000000001 -2.2352440000000002 0.8001620000000002
endloop
endfacet
facet normal -0.9700473757666925 0.2429158059249191 0
outer loop
vertex -8.631656000000001 -2.2352440000000002 0.8001620000000002
vertex -8.631656000000001 -2.2352440000000002 3.9999960000000008
vertex -8.448099000000001 -1.5022370000000003 3.9999960000000008
endloop
endfacet
facet normal -0.9700473757666925 0.2429158059249191 0
outer loop
vertex -8.631656000000001 -2.2352440000000002 0.8001620000000002
vertex -8.448099000000001 -1.5022370000000003 3.9999960000000008
vertex -8.448099000000001 -1.5022370000000003 0.8001620000000002
endloop
endfacet
facet normal -0.9891368670921686 0.1469974767099403 0
outer loop
vertex -8.448099000000001 -1.5022370000000003 0.8001620000000002
vertex -8.448099000000001 -1.5022370000000003 3.9999960000000008
vertex -8.336988000000002 -0.7545780000000002 3.9999960000000008
endloop
endfacet
facet normal -0.9891368670921686 0.1469974767099403 0
outer loop
vertex -8.448099000000001 -1.5022370000000003 0.8001620000000002
vertex -8.336988000000002 -0.7545780000000002 3.9999960000000008
vertex -8.336988000000002 -0.7545780000000002 0.8001620000000002
endloop
endfacet
facet normal -0.9987975985673838 0.04902404610012478 0
outer loop
vertex -8.336988000000002 -0.7545780000000002 0.8001620000000002
vertex -8.336988000000002 -0.7545780000000002 3.9999960000000008
vertex -8.299951000000002 0 3.9999960000000008
endloop
endfacet
facet normal -0.9987975985673838 0.04902404610012478 0
outer loop
vertex -8.336988000000002 -0.7545780000000002 0.8001620000000002
vertex -8.299951000000002 0 3.9999960000000008
vertex -8.299951000000002 0 0.8001620000000002
endloop
endfacet
facet normal -0.9987975985673838 -0.049024046100127124 0
outer loop
vertex 23.700017000000006 0 0.8001620000000002
vertex 23.700017000000006 0 3.9999960000000008
vertex 23.662980000000005 0.7545780000000002 3.9999960000000008
endloop
endfacet
facet normal -0.9987975985673838 -0.049024046100127124 0
outer loop
vertex 23.700017000000006 0 0.8001620000000002
vertex 23.662980000000005 0.7545780000000002 3.9999960000000008
vertex 23.662980000000005 0.7545780000000002 0.8001620000000002
endloop
endfacet
facet normal -0.9891368670921682 -0.1469974767099426 0
outer loop
vertex 23.662980000000005 0.7545780000000002 0.8001620000000002
vertex 23.662980000000005 0.7545780000000002 3.9999960000000008
vertex 23.551869000000003 1.5022370000000003 3.9999960000000008
endloop
endfacet
facet normal -0.9891368670921682 -0.1469974767099426 0
outer loop
vertex 23.662980000000005 0.7545780000000002 0.8001620000000002
vertex 23.551869000000003 1.5022370000000003 3.9999960000000008
vertex 23.551869000000003 1.5022370000000003 0.8001620000000002
endloop
endfacet
facet normal -0.9700473757666925 -0.2429158059249191 0
outer loop
vertex 23.551869000000003 1.5022370000000003 0.8001620000000002
vertex 23.551869000000003 1.5022370000000003 3.9999960000000008
vertex 23.368312000000003 2.2352440000000002 3.9999960000000008
endloop
endfacet
facet normal -0.9700473757666925 -0.2429158059249191 0
outer loop
vertex 23.551869000000003 1.5022370000000003 0.8001620000000002
vertex 23.368312000000003 2.2352440000000002 3.9999960000000008
vertex 23.368312000000003 2.2352440000000002 0.8001620000000002
endloop
endfacet
facet normal -0.9416199755152402 -0.33667762282438435 0
outer loop
vertex 23.368312000000003 2.2352440000000002 0.8001620000000002
vertex 23.368312000000003 2.2352440000000002 3.9999960000000008
vertex 23.113937000000004 2.9466800000000006 3.9999960000000008
endloop
endfacet
facet normal -0.9416199755152402 -0.33667762282438435 0
outer loop
vertex 23.368312000000003 2.2352440000000002 0.8001620000000002
vertex 23.113937000000004 2.9466800000000006 3.9999960000000008
vertex 23.113937000000004 2.9466800000000006 0.8001620000000002
endloop
endfacet
facet normal -0.9039132621013558 -0.4277158105533223 0
outer loop
vertex 23.113937000000004 2.9466800000000006 0.8001620000000002
vertex 23.113937000000004 2.9466800000000006 3.9999960000000008
vertex 22.790779000000004 3.629626000000001 3.9999960000000008
endloop
endfacet
facet normal -0.9039132621013558 -0.4277158105533223 0
outer loop
vertex 23.113937000000004 2.9466800000000006 0.8001620000000002
vertex 22.790779000000004 3.629626000000001 3.9999960000000008
vertex 22.790779000000004 3.629626000000001 0.8001620000000002
endloop
endfacet
facet normal -0.8579203065771605 -0.5137827824699376 0
outer loop
vertex 22.790779000000004 3.629626000000001 0.8001620000000002
vertex 22.790779000000004 3.629626000000001 3.9999960000000008
vertex 22.402501000000004 4.277977000000001 3.9999960000000008
endloop
endfacet
facet normal -0.8579203065771605 -0.5137827824699376 0
outer loop
vertex 22.790779000000004 3.629626000000001 0.8001620000000002
vertex 22.402501000000004 4.277977000000001 3.9999960000000008
vertex 22.402501000000004 4.277977000000001 0.8001620000000002
endloop
endfacet
facet normal -0.8031562296303116 -0.5957684708055823 0
outer loop
vertex 22.402501000000004 4.277977000000001 0.8001620000000002
vertex 22.402501000000004 4.277977000000001 3.9999960000000008
vertex 21.952359000000005 4.884814000000001 3.9999960000000008
endloop
endfacet
facet normal -0.8031562296303116 -0.5957684708055823 0
outer loop
vertex 22.402501000000004 4.277977000000001 0.8001620000000002
vertex 21.952359000000005 4.884814000000001 3.9999960000000008
vertex 21.952359000000005 4.884814000000001 0.8001620000000002
endloop
endfacet
facet normal -0.7409869514359815 -0.6715194247388608 0
outer loop
vertex 21.952359000000005 4.884814000000001 0.8001620000000002
vertex 21.952359000000005 4.884814000000001 3.9999960000000008
vertex 21.444830000000003 5.444846000000001 3.9999960000000008
endloop
endfacet
facet normal -0.7409869514359815 -0.6715194247388608 0
outer loop
vertex 21.952359000000005 4.884814000000001 0.8001620000000002
vertex 21.444830000000003 5.444846000000001 3.9999960000000008
vertex 21.444830000000003 5.444846000000001 0.8001620000000002
endloop
endfacet
facet normal -0.6715194247388596 -0.7409869514359826 0
outer loop
vertex 21.444830000000003 5.444846000000001 0.8001620000000002
vertex 21.444830000000003 5.444846000000001 3.9999960000000008
vertex 20.884798000000004 5.952375000000001 3.9999960000000008
endloop
endfacet
facet normal -0.6715194247388596 -0.7409869514359826 0
outer loop
vertex 21.444830000000003 5.444846000000001 0.8001620000000002
vertex 20.884798000000004 5.952375000000001 3.9999960000000008
vertex 20.884798000000004 5.952375000000001 0.8001620000000002
endloop
endfacet
facet normal -0.5957684708055841 -0.8031562296303104 0
outer loop
vertex 20.884798000000004 5.952375000000001 0.8001620000000002
vertex 20.884798000000004 5.952375000000001 3.9999960000000008
vertex 20.277961000000005 6.402517000000001 3.9999960000000008
endloop
endfacet
facet normal -0.5957684708055841 -0.8031562296303104 0
outer loop
vertex 20.884798000000004 5.952375000000001 0.8001620000000002
vertex 20.277961000000005 6.402517000000001 3.9999960000000008
vertex 20.277961000000005 6.402517000000001 0.8001620000000002
endloop
endfacet
facet normal -0.5137827824699366 -0.8579203065771611 0
outer loop
vertex 20.277961000000005 6.402517000000001 0.8001620000000002
vertex 20.277961000000005 6.402517000000001 3.9999960000000008
vertex 19.629610000000003 6.790795000000001 3.9999960000000008
endloop
endfacet
facet normal -0.5137827824699366 -0.8579203065771611 0
outer loop
vertex 20.277961000000005 6.402517000000001 0.8001620000000002
vertex 19.629610000000003 6.790795000000001 3.9999960000000008
vertex 19.629610000000003 6.790795000000001 0.8001620000000002
endloop
endfacet
facet normal -0.42771581055332475 -0.9039132621013547 0
outer loop
vertex 19.629610000000003 6.790795000000001 0.8001620000000002
vertex 19.629610000000003 6.790795000000001 3.9999960000000008
vertex 18.946664000000006 7.113953000000001 3.9999960000000008
endloop
endfacet
facet normal -0.42771581055332475 -0.9039132621013547 0
outer loop
vertex 19.629610000000003 6.790795000000001 0.8001620000000002
vertex 18.946664000000006 7.113953000000001 3.9999960000000008
vertex 18.946664000000006 7.113953000000001 0.8001620000000002
endloop
endfacet
facet normal -0.3366776228243844 -0.94161997551524 0
outer loop
vertex 18.946664000000006 7.113953000000001 0.8001620000000002
vertex 18.946664000000006 7.113953000000001 3.9999960000000008
vertex 18.235228000000003 7.368328000000002 3.9999960000000008
endloop
endfacet
facet normal -0.3366776228243844 -0.94161997551524 0
outer loop
vertex 18.946664000000006 7.113953000000001 0.8001620000000002
vertex 18.235228000000003 7.368328000000002 3.9999960000000008
vertex 18.235228000000003 7.368328000000002 0.8001620000000002
endloop
endfacet
facet normal -0.2429158059249178 -0.9700473757666929 0
outer loop
vertex 18.235228000000003 7.368328000000002 0.8001620000000002
vertex 18.235228000000003 7.368328000000002 3.9999960000000008
vertex 17.502221000000002 7.551885000000001 3.9999960000000008
endloop
endfacet
facet normal -0.2429158059249178 -0.9700473757666929 0
outer loop
vertex 18.235228000000003 7.368328000000002 0.8001620000000002
vertex 17.502221000000002 7.551885000000001 3.9999960000000008
vertex 17.502221000000002 7.551885000000001 0.8001620000000002
endloop
endfacet
facet normal -0.14699747670994168 -0.9891368670921684 0
outer loop
vertex 17.502221000000002 7.551885000000001 0.8001620000000002
vertex 17.502221000000002 7.551885000000001 3.9999960000000008
vertex 16.754562000000004 7.6629960000000015 3.9999960000000008
endloop
endfacet
facet normal -0.14699747670994168 -0.9891368670921684 0
outer loop
vertex 17.502221000000002 7.551885000000001 0.8001620000000002
vertex 16.754562000000004 7.6629960000000015 3.9999960000000008
vertex 16.754562000000004 7.6629960000000015 0.8001620000000002
endloop
endfacet
facet normal -0.04902404610012476 -0.9987975985673838 0
outer loop
vertex 16.754562000000004 7.6629960000000015 0.8001620000000002
vertex 16.754562000000004 7.6629960000000015 3.9999960000000008
vertex 15.999984000000003 7.700033000000001 3.9999960000000008
endloop
endfacet
facet normal -0.04902404610012476 -0.9987975985673838 0
outer loop
vertex 16.754562000000004 7.6629960000000015 0.8001620000000002
vertex 15.999984000000003 7.700033000000001 3.9999960000000008
vertex 15.999984000000003 7.700033000000001 0.8001620000000002
endloop
endfacet
facet normal 0.04902404610012476 -0.9987975985673838 0
outer loop
vertex 15.999984000000003 7.700033000000001 0.8001620000000002
vertex 15.999984000000003 7.700033000000001 3.9999960000000008
vertex 15.245406000000003 7.6629960000000015 3.9999960000000008
endloop
endfacet
facet normal 0.04902404610012476 -0.9987975985673838 0
outer loop
vertex 15.999984000000003 7.700033000000001 0.8001620000000002
vertex 15.245406000000003 7.6629960000000015 3.9999960000000008
vertex 15.245406000000003 7.6629960000000015 0.8001620000000002
endloop
endfacet
facet normal 0.14699747670994137 -0.9891368670921685 0
outer loop
vertex 15.245406000000003 7.6629960000000015 0.8001620000000002
vertex 15.245406000000003 7.6629960000000015 3.9999960000000008
vertex 14.497747000000002 7.551885000000001 3.9999960000000008
endloop
endfacet
facet normal 0.14699747670994137 -0.9891368670921685 0
outer loop
vertex 15.245406000000003 7.6629960000000015 0.8001620000000002
vertex 14.497747000000002 7.551885000000001 3.9999960000000008
vertex 14.497747000000002 7.551885000000001 0.8001620000000002
endloop
endfacet
facet normal 0.24291580592491838 -0.9700473757666929 0
outer loop
vertex 14.497747000000002 7.551885000000001 0.8001620000000002
vertex 14.497747000000002 7.551885000000001 3.9999960000000008
vertex 13.764740000000003 7.368328000000002 3.9999960000000008
endloop
endfacet
facet normal 0.24291580592491838 -0.9700473757666929 0
outer loop
vertex 14.497747000000002 7.551885000000001 0.8001620000000002
vertex 13.764740000000003 7.368328000000002 3.9999960000000008
vertex 13.764740000000003 7.368328000000002 0.8001620000000002
endloop
endfacet
facet normal 0.3366776228243852 -0.9416199755152399 0
outer loop
vertex 13.764740000000003 7.368328000000002 0.8001620000000002
vertex 13.764740000000003 7.368328000000002 3.9999960000000008
vertex 13.053304000000002 7.113953000000001 3.9999960000000008
endloop
endfacet
facet normal 0.3366776228243852 -0.9416199755152399 0
outer loop
vertex 13.764740000000003 7.368328000000002 0.8001620000000002
vertex 13.053304000000002 7.113953000000001 3.9999960000000008
vertex 13.053304000000002 7.113953000000001 0.8001620000000002
endloop
endfacet
facet normal 0.4277158105533238 -0.9039132621013551 0
outer loop
vertex 13.053304000000002 7.113953000000001 0.8001620000000002
vertex 13.053304000000002 7.113953000000001 3.9999960000000008
vertex 12.370358000000003 6.790795000000001 3.9999960000000008
endloop
endfacet
facet normal 0.4277158105533238 -0.9039132621013551 0
outer loop
vertex 13.053304000000002 7.113953000000001 0.8001620000000002
vertex 12.370358000000003 6.790795000000001 3.9999960000000008
vertex 12.370358000000003 6.790795000000001 0.8001620000000002
endloop
endfacet
facet normal 0.5137827824699376 -0.8579203065771605 0
outer loop
vertex 12.370358000000003 6.790795000000001 0.8001620000000002
vertex 12.370358000000003 6.790795000000001 3.9999960000000008
vertex 11.722007000000003 6.402517000000001 3.9999960000000008
endloop
endfacet
facet normal 0.5137827824699376 -0.8579203065771605 0
outer loop
vertex 12.370358000000003 6.790795000000001 0.8001620000000002
vertex 11.722007000000003 6.402517000000001 3.9999960000000008
vertex 11.722007000000003 6.402517000000001 0.8001620000000002
endloop
endfacet
facet normal 0.595768470805583 -0.8031562296303112 0
outer loop
vertex 11.722007000000003 6.402517000000001 0.8001620000000002
vertex 11.722007000000003 6.402517000000001 3.9999960000000008
vertex 11.115170000000003 5.952375000000001 3.9999960000000008
endloop
endfacet
facet normal 0.595768470805583 -0.8031562296303112 0
outer loop
vertex 11.722007000000003 6.402517000000001 0.8001620000000002
vertex 11.115170000000003 5.952375000000001 3.9999960000000008
vertex 11.115170000000003 5.952375000000001 0.8001620000000002
endloop
endfacet
facet normal 0.6715194247388583 -0.7409869514359836 0
outer loop
vertex 11.115170000000003 5.952375000000001 0.8001620000000002
vertex 11.115170000000003 5.952375000000001 3.9999960000000008
vertex 10.555138000000001 5.444846000000001 3.9999960000000008
endloop
endfacet
facet normal 0.6715194247388583 -0.7409869514359836 0
outer loop
vertex 11.115170000000003 5.952375000000001 0.8001620000000002
vertex 10.555138000000001 5.444846000000001 3.9999960000000008
vertex 10.555138000000001 5.444846000000001 0.8001620000000002
endloop
endfacet
facet normal 0.7412549439438253 -0.6712235902282013 0
outer loop
vertex 10.555138000000001 5.444846000000001 0.8001620000000002
vertex 10.555138000000001 5.444846000000001 3.9999960000000008
vertex 10.048016000000002 4.884814000000001 3.9999960000000008
endloop
endfacet
facet normal 0.7412549439438253 -0.6712235902282013 0
outer loop
vertex 10.555138000000001 5.444846000000001 0.8001620000000002
vertex 10.048016000000002 4.884814000000001 3.9999960000000008
vertex 10.048016000000002 4.884814000000001 0.8001620000000002
endloop
endfacet
facet normal 0.8031562296303116 -0.5957684708055823 0
outer loop
vertex 10.048016000000002 4.884814000000001 0.8001620000000002
vertex 10.048016000000002 4.884814000000001 3.9999960000000008
vertex 9.597874000000003 4.277977000000001 3.9999960000000008
endloop
endfacet
facet normal 0.8031562296303116 -0.5957684708055823 0
outer loop
vertex 10.048016000000002 4.884814000000001 0.8001620000000002
vertex 9.597874000000003 4.277977000000001 3.9999960000000008
vertex 9.597874000000003 4.277977000000001 0.8001620000000002
endloop
endfacet
facet normal 0.8576828933451349 -0.5141790101347177 0
outer loop
vertex 9.597874000000003 4.277977000000001 0.8001620000000002
vertex 9.597874000000003 4.277977000000001 3.9999960000000008
vertex 9.209189000000002 3.629626000000001 3.9999960000000008
endloop
endfacet
facet normal 0.8576828933451349 -0.5141790101347177 0
outer loop
vertex 9.597874000000003 4.277977000000001 0.8001620000000002
vertex 9.209189000000002 3.629626000000001 3.9999960000000008
vertex 9.209189000000002 3.629626000000001 0.8001620000000002
endloop
endfacet
facet normal 0.903913262101355 -0.4277158105533242 0
outer loop
vertex 9.209189000000002 3.629626000000001 0.8001620000000002
vertex 9.209189000000002 3.629626000000001 3.9999960000000008
vertex 8.886031000000001 2.9466800000000006 3.9999960000000008
endloop
endfacet
facet normal 0.903913262101355 -0.4277158105533242 0
outer loop
vertex 9.209189000000002 3.629626000000001 0.8001620000000002
vertex 8.886031000000001 2.9466800000000006 3.9999960000000008
vertex 8.886031000000001 2.9466800000000006 0.8001620000000002
endloop
endfacet
facet normal 0.9416199755152402 -0.33667762282438435 0
outer loop
vertex 8.886031000000001 2.9466800000000006 0.8001620000000002
vertex 8.886031000000001 2.9466800000000006 3.9999960000000008
vertex 8.631656000000001 2.2352440000000002 3.9999960000000008
endloop
endfacet
facet normal 0.9416199755152402 -0.33667762282438435 0
outer loop
vertex 8.886031000000001 2.9466800000000006 0.8001620000000002
vertex 8.631656000000001 2.2352440000000002 3.9999960000000008
vertex 8.631656000000001 2.2352440000000002 0.8001620000000002
endloop
endfacet
facet normal 0.9700473757666925 -0.2429158059249191 0
outer loop
vertex 8.631656000000001 2.2352440000000002 0.8001620000000002
vertex 8.631656000000001 2.2352440000000002 3.9999960000000008
vertex 8.448099000000001 1.5022370000000003 3.9999960000000008
endloop
endfacet
facet normal 0.9700473757666925 -0.2429158059249191 0
outer loop
vertex 8.631656000000001 2.2352440000000002 0.8001620000000002
vertex 8.448099000000001 1.5022370000000003 3.9999960000000008
vertex 8.448099000000001 1.5022370000000003 0.8001620000000002
endloop
endfacet
facet normal 0.9891368670921686 -0.1469974767099403 0
outer loop
vertex 8.448099000000001 1.5022370000000003 0.8001620000000002
vertex 8.448099000000001 1.5022370000000003 3.9999960000000008
vertex 8.336988000000002 0.7545780000000002 3.9999960000000008
endloop
endfacet
facet normal 0.9891368670921686 -0.1469974767099403 0
outer loop
vertex 8.448099000000001 1.5022370000000003 0.8001620000000002
vertex 8.336988000000002 0.7545780000000002 3.9999960000000008
vertex 8.336988000000002 0.7545780000000002 0.8001620000000002
endloop
endfacet
facet normal 0.9987975985673838 -0.04902404610012478 0
outer loop
vertex 8.336988000000002 0.7545780000000002 0.8001620000000002
vertex 8.336988000000002 0.7545780000000002 3.9999960000000008
vertex 8.299951000000002 0 3.9999960000000008
endloop
endfacet
facet normal 0.9987975985673838 -0.04902404610012478 0
outer loop
vertex 8.336988000000002 0.7545780000000002 0.8001620000000002
vertex 8.299951000000002 0 3.9999960000000008
vertex 8.299951000000002 0 0.8001620000000002
endloop
endfacet
facet normal 0.9987975985673838 0.04902404610012478 0
outer loop
vertex 8.299951000000002 0 0.8001620000000002
vertex 8.299951000000002 0 3.9999960000000008
vertex 8.336988000000002 -0.7545780000000002 3.9999960000000008
endloop
endfacet
facet normal 0.9987975985673838 0.04902404610012478 0
outer loop
vertex 8.299951000000002 0 0.8001620000000002
vertex 8.336988000000002 -0.7545780000000002 3.9999960000000008
vertex 8.336988000000002 -0.7545780000000002 0.8001620000000002
endloop
endfacet
facet normal 0.9891368670921686 0.1469974767099403 0
outer loop
vertex 8.336988000000002 -0.7545780000000002 0.8001620000000002
vertex 8.336988000000002 -0.7545780000000002 3.9999960000000008
vertex 8.448099000000001 -1.5022370000000003 3.9999960000000008
endloop
endfacet
facet normal 0.9891368670921686 0.1469974767099403 0
outer loop
vertex 8.336988000000002 -0.7545780000000002 0.8001620000000002
vertex 8.448099000000001 -1.5022370000000003 3.9999960000000008
vertex 8.448099000000001 -1.5022370000000003 0.8001620000000002
endloop
endfacet
facet normal 0.9700473757666925 0.2429158059249191 0
outer loop
vertex 8.448099000000001 -1.5022370000000003 0.8001620000000002
vertex 8.448099000000001 -1.5022370000000003 3.9999960000000008
vertex 8.631656000000001 -2.2352440000000002 3.9999960000000008
endloop
endfacet
facet normal 0.9700473757666925 0.2429158059249191 0
outer loop
vertex 8.448099000000001 -1.5022370000000003 0.8001620000000002
vertex 8.631656000000001 -2.2352440000000002 3.9999960000000008
vertex 8.631656000000001 -2.2352440000000002 0.8001620000000002
endloop
endfacet
facet normal 0.9416199755152402 0.33667762282438435 0
outer loop
vertex 8.631656000000001 -2.2352440000000002 0.8001620000000002
vertex 8.631656000000001 -2.2352440000000002 3.9999960000000008
vertex 8.886031000000001 -2.9466800000000006 3.9999960000000008
endloop
endfacet
facet normal 0.9416199755152402 0.33667762282438435 0
outer loop
vertex 8.631656000000001 -2.2352440000000002 0.8001620000000002
vertex 8.886031000000001 -2.9466800000000006 3.9999960000000008
vertex 8.886031000000001 -2.9466800000000006 0.8001620000000002
endloop
endfacet
facet normal 0.903913262101355 0.4277158105533242 0
outer loop
vertex 8.886031000000001 -2.9466800000000006 0.8001620000000002
vertex 8.886031000000001 -2.9466800000000006 3.9999960000000008
vertex 9.209189000000002 -3.629626000000001 3.9999960000000008
endloop
endfacet
facet normal 0.903913262101355 0.4277158105533242 0
outer loop
vertex 8.886031000000001 -2.9466800000000006 0.8001620000000002
vertex 9.209189000000002 -3.629626000000001 3.9999960000000008
vertex 9.209189000000002 -3.629626000000001 0.8001620000000002
endloop
endfacet
facet normal 0.8576828933451349 0.5141790101347177 0
outer loop
vertex 9.209189000000002 -3.629626000000001 0.8001620000000002
vertex 9.209189000000002 -3.629626000000001 3.9999960000000008
vertex 9.597874000000003 -4.277977000000001 3.9999960000000008
endloop
endfacet
facet normal 0.8576828933451349 0.5141790101347177 0
outer loop
vertex 9.209189000000002 -3.629626000000001 0.8001620000000002
vertex 9.597874000000003 -4.277977000000001 3.9999960000000008
vertex 9.597874000000003 -4.277977000000001 0.8001620000000002
endloop
endfacet
facet normal 0.8031562296303116 0.5957684708055823 0
outer loop
vertex 9.597874000000003 -4.277977000000001 0.8001620000000002
vertex 9.597874000000003 -4.277977000000001 3.9999960000000008
vertex 10.048016000000002 -4.884814000000001 3.9999960000000008
endloop
endfacet
facet normal 0.8031562296303116 0.5957684708055823 0
outer loop
vertex 9.597874000000003 -4.277977000000001 0.8001620000000002
vertex 10.048016000000002 -4.884814000000001 3.9999960000000008
vertex 10.048016000000002 -4.884814000000001 0.8001620000000002
endloop
endfacet
facet normal 0.7412549439438253 0.6712235902282013 0
outer loop
vertex 10.048016000000002 -4.884814000000001 0.8001620000000002
vertex 10.048016000000002 -4.884814000000001 3.9999960000000008
vertex 10.555138000000001 -5.444846000000001 3.9999960000000008
endloop
endfacet
facet normal 0.7412549439438253 0.6712235902282013 0
outer loop
vertex 10.048016000000002 -4.884814000000001 0.8001620000000002
vertex 10.555138000000001 -5.444846000000001 3.9999960000000008
vertex 10.555138000000001 -5.444846000000001 0.8001620000000002
endloop
endfacet
facet normal 0.6715194247388583 0.7409869514359836 0
outer loop
vertex 10.555138000000001 -5.444846000000001 0.8001620000000002
vertex 10.555138000000001 -5.444846000000001 3.9999960000000008
vertex 11.115170000000003 -5.952375000000001 3.9999960000000008
endloop
endfacet
facet normal 0.6715194247388583 0.7409869514359836 0
outer loop
vertex 10.555138000000001 -5.444846000000001 0.8001620000000002
vertex 11.115170000000003 -5.952375000000001 3.9999960000000008
vertex 11.115170000000003 -5.952375000000001 0.8001620000000002
endloop
endfacet
facet normal 0.595768470805583 0.8031562296303112 0
outer loop
vertex 11.115170000000003 -5.952375000000001 0.8001620000000002
vertex 11.115170000000003 -5.952375000000001 3.9999960000000008
vertex 11.722007000000003 -6.402517000000001 3.9999960000000008
endloop
endfacet
facet normal 0.595768470805583 0.8031562296303112 0
outer loop
vertex 11.115170000000003 -5.952375000000001 0.8001620000000002
vertex 11.722007000000003 -6.402517000000001 3.9999960000000008
vertex 11.722007000000003 -6.402517000000001 0.8001620000000002
endloop
endfacet
facet normal 0.5137827824699376 0.8579203065771605 0
outer loop
vertex 11.722007000000003 -6.402517000000001 0.8001620000000002
vertex 11.722007000000003 -6.402517000000001 3.9999960000000008
vertex 12.370358000000003 -6.790795000000001 3.9999960000000008
endloop
endfacet
facet normal 0.5137827824699376 0.8579203065771605 0
outer loop
vertex 11.722007000000003 -6.402517000000001 0.8001620000000002
vertex 12.370358000000003 -6.790795000000001 3.9999960000000008
vertex 12.370358000000003 -6.790795000000001 0.8001620000000002
endloop
endfacet
facet normal 0.4277158105533238 0.9039132621013551 0
outer loop
vertex 12.370358000000003 -6.790795000000001 0.8001620000000002
vertex 12.370358000000003 -6.790795000000001 3.9999960000000008
vertex 13.053304000000002 -7.113953000000001 3.9999960000000008
endloop
endfacet
facet normal 0.4277158105533238 0.9039132621013551 0
outer loop
vertex 12.370358000000003 -6.790795000000001 0.8001620000000002
vertex 13.053304000000002 -7.113953000000001 3.9999960000000008
vertex 13.053304000000002 -7.113953000000001 0.8001620000000002
endloop
endfacet
facet normal 0.3366776228243852 0.9416199755152399 0
outer loop
vertex 13.053304000000002 -7.113953000000001 0.8001620000000002
vertex 13.053304000000002 -7.113953000000001 3.9999960000000008
vertex 13.764740000000003 -7.368328000000002 3.9999960000000008
endloop
endfacet
facet normal 0.3366776228243852 0.9416199755152399 0
outer loop
vertex 13.053304000000002 -7.113953000000001 0.8001620000000002
vertex 13.764740000000003 -7.368328000000002 3.9999960000000008
vertex 13.764740000000003 -7.368328000000002 0.8001620000000002
endloop
endfacet
facet normal 0.24291580592491838 0.9700473757666929 0
outer loop
vertex 13.764740000000003 -7.368328000000002 0.8001620000000002
vertex 13.764740000000003 -7.368328000000002 3.9999960000000008
vertex 14.497747000000002 -7.551885000000001 3.9999960000000008
endloop
endfacet
facet normal 0.24291580592491838 0.9700473757666929 0
outer loop
vertex 13.764740000000003 -7.368328000000002 0.8001620000000002
vertex 14.497747000000002 -7.551885000000001 3.9999960000000008
vertex 14.497747000000002 -7.551885000000001 0.8001620000000002
endloop
endfacet
facet normal 0.14699747670994137 0.9891368670921685 0
outer loop
vertex 14.497747000000002 -7.551885000000001 0.8001620000000002
vertex 14.497747000000002 -7.551885000000001 3.9999960000000008
vertex 15.245406000000003 -7.6629960000000015 3.9999960000000008
endloop
endfacet
facet normal 0.14699747670994137 0.9891368670921685 0
outer loop
vertex 14.497747000000002 -7.551885000000001 0.8001620000000002
vertex 15.245406000000003 -7.6629960000000015 3.9999960000000008
vertex 15.245406000000003 -7.6629960000000015 0.8001620000000002
endloop
endfacet
facet normal 0.04902404610012476 0.9987975985673838 0
outer loop
vertex 15.245406000000003 -7.6629960000000015 0.8001620000000002
vertex 15.245406000000003 -7.6629960000000015 3.9999960000000008
vertex 15.999984000000003 -7.700033000000001 3.9999960000000008
endloop
endfacet
facet normal 0.04902404610012476 0.9987975985673838 0
outer loop
vertex 15.245406000000003 -7.6629960000000015 0.8001620000000002
vertex 15.999984000000003 -7.700033000000001 3.9999960000000008
vertex 15.999984000000003 -7.700033000000001 0.8001620000000002
endloop
endfacet
facet normal -0.04902404610012476 0.9987975985673838 0
outer loop
vertex 15.999984000000003 -7.700033000000001 0.8001620000000002
vertex 15.999984000000003 -7.700033000000001 3.9999960000000008
vertex 16.754562000000004 -7.6629960000000015 3.9999960000000008
endloop
endfacet
facet normal -0.04902404610012476 0.9987975985673838 0
outer loop
vertex 15.999984000000003 -7.700033000000001 0.8001620000000002
vertex 16.754562000000004 -7.6629960000000015 3.9999960000000008
vertex 16.754562000000004 -7.6629960000000015 0.8001620000000002
endloop
endfacet
facet normal -0.14699747670994168 0.9891368670921684 0
outer loop
vertex 16.754562000000004 -7.6629960000000015 0.8001620000000002
vertex 16.754562000000004 -7.6629960000000015 3.9999960000000008
vertex 17.502221000000002 -7.551885000000001 3.9999960000000008
endloop
endfacet
facet normal -0.14699747670994168 0.9891368670921684 0
outer loop
vertex 16.754562000000004 -7.6629960000000015 0.8001620000000002
vertex 17.502221000000002 -7.551885000000001 3.9999960000000008
vertex 17.502221000000002 -7.551885000000001 0.8001620000000002
endloop
endfacet
facet normal -0.2429158059249178 0.9700473757666929 0
outer loop
vertex 17.502221000000002 -7.551885000000001 0.8001620000000002
vertex 17.502221000000002 -7.551885000000001 3.9999960000000008
vertex 18.235228000000003 -7.368328000000002 3.9999960000000008
endloop
endfacet
facet normal -0.2429158059249178 0.9700473757666929 0
outer loop
vertex 17.502221000000002 -7.551885000000001 0.8001620000000002
vertex 18.235228000000003 -7.368328000000002 3.9999960000000008
vertex 18.235228000000003 -7.368328000000002 0.8001620000000002
endloop
endfacet
facet normal -0.3366776228243844 0.94161997551524 0
outer loop
vertex 18.235228000000003 -7.368328000000002 0.8001620000000002
vertex 18.235228000000003 -7.368328000000002 3.9999960000000008
vertex 18.946664000000006 -7.113953000000001 3.9999960000000008
endloop
endfacet
facet normal -0.3366776228243844 0.94161997551524 0
outer loop
vertex 18.235228000000003 -7.368328000000002 0.8001620000000002
vertex 18.946664000000006 -7.113953000000001 3.9999960000000008
vertex 18.946664000000006 -7.113953000000001 0.8001620000000002
endloop
endfacet
facet normal -0.42771581055332475 0.9039132621013547 0
outer loop
vertex 18.946664000000006 -7.113953000000001 0.8001620000000002
vertex 18.946664000000006 -7.113953000000001 3.9999960000000008
vertex 19.629610000000003 -6.790795000000001 3.9999960000000008
endloop
endfacet
facet normal -0.42771581055332475 0.9039132621013547 0
outer loop
vertex 18.946664000000006 -7.113953000000001 0.8001620000000002
vertex 19.629610000000003 -6.790795000000001 3.9999960000000008
vertex 19.629610000000003 -6.790795000000001 0.8001620000000002
endloop
endfacet
facet normal -0.5137827824699366 0.8579203065771611 0
outer loop
vertex 19.629610000000003 -6.790795000000001 0.8001620000000002
vertex 19.629610000000003 -6.790795000000001 3.9999960000000008
vertex 20.277961000000005 -6.402517000000001 3.9999960000000008
endloop
endfacet
facet normal -0.5137827824699366 0.8579203065771611 0
outer loop
vertex 19.629610000000003 -6.790795000000001 0.8001620000000002
vertex 20.277961000000005 -6.402517000000001 3.9999960000000008
vertex 20.277961000000005 -6.402517000000001 0.8001620000000002
endloop
endfacet
facet normal -0.5957684708055841 0.8031562296303104 0
outer loop
vertex 20.277961000000005 -6.402517000000001 0.8001620000000002
vertex 20.277961000000005 -6.402517000000001 3.9999960000000008
vertex 20.884798000000004 -5.952375000000001 3.9999960000000008
endloop
endfacet
facet normal -0.5957684708055841 0.8031562296303104 0
outer loop
vertex 20.277961000000005 -6.402517000000001 0.8001620000000002
vertex 20.884798000000004 -5.952375000000001 3.9999960000000008
vertex 20.884798000000004 -5.952375000000001 0.8001620000000002
endloop
endfacet
facet normal -0.6715194247388596 0.7409869514359826 0
outer loop
vertex 20.884798000000004 -5.952375000000001 0.8001620000000002
vertex 20.884798000000004 -5.952375000000001 3.9999960000000008
vertex 21.444830000000003 -5.444846000000001 3.9999960000000008
endloop
endfacet
facet normal -0.6715194247388596 0.7409869514359826 0
outer loop
vertex 20.884798000000004 -5.952375000000001 0.8001620000000002
vertex 21.444830000000003 -5.444846000000001 3.9999960000000008
vertex 21.444830000000003 -5.444846000000001 0.8001620000000002
endloop
endfacet
facet normal -0.7409869514359815 0.6715194247388608 0
outer loop
vertex 21.444830000000003 -5.444846000000001 0.8001620000000002
vertex 21.444830000000003 -5.444846000000001 3.9999960000000008
vertex 21.952359000000005 -4.884814000000001 3.9999960000000008
endloop
endfacet
facet normal -0.7409869514359815 0.6715194247388608 0
outer loop
vertex 21.444830000000003 -5.444846000000001 0.8001620000000002
vertex 21.952359000000005 -4.884814000000001 3.9999960000000008
vertex 21.952359000000005 -4.884814000000001 0.8001620000000002
endloop
endfacet
facet normal -0.8031562296303116 0.5957684708055823 0
outer loop
vertex 21.952359000000005 -4.884814000000001 0.8001620000000002
vertex 21.952359000000005 -4.884814000000001 3.9999960000000008
vertex 22.402501000000004 -4.277977000000001 3.9999960000000008
endloop
endfacet
facet normal -0.8031562296303116 0.5957684708055823 0
outer loop
vertex 21.952359000000005 -4.884814000000001 0.8001620000000002
vertex 22.402501000000004 -4.277977000000001 3.9999960000000008
vertex 22.402501000000004 -4.277977000000001 0.8001620000000002
endloop
endfacet
facet normal -0.8579203065771605 0.5137827824699376 0
outer loop
vertex 22.402501000000004 -4.277977000000001 0.8001620000000002
vertex 22.402501000000004 -4.277977000000001 3.9999960000000008
vertex 22.790779000000004 -3.629626000000001 3.9999960000000008
endloop
endfacet
facet normal -0.8579203065771605 0.5137827824699376 0
outer loop
vertex 22.402501000000004 -4.277977000000001 0.8001620000000002
vertex 22.790779000000004 -3.629626000000001 3.9999960000000008
vertex 22.790779000000004 -3.629626000000001 0.8001620000000002
endloop
endfacet
facet normal -0.9039132621013558 0.4277158105533223 0
outer loop
vertex 22.790779000000004 -3.629626000000001 0.8001620000000002
vertex 22.790779000000004 -3.629626000000001 3.9999960000000008
vertex 23.113937000000004 -2.9466800000000006 3.9999960000000008
endloop
endfacet
facet normal -0.9039132621013558 0.4277158105533223 0
outer loop
vertex 22.790779000000004 -3.629626000000001 0.8001620000000002
vertex 23.113937000000004 -2.9466800000000006 3.9999960000000008
vertex 23.113937000000004 -2.9466800000000006 0.8001620000000002
endloop
endfacet
facet normal -0.9416199755152402 0.33667762282438435 0
outer loop
vertex 23.113937000000004 -2.9466800000000006 0.8001620000000002
vertex 23.113937000000004 -2.9466800000000006 3.9999960000000008
vertex 23.368312000000003 -2.2352440000000002 3.9999960000000008
endloop
endfacet
facet normal -0.9416199755152402 0.33667762282438435 0
outer loop
vertex 23.113937000000004 -2.9466800000000006 0.8001620000000002
vertex 23.368312000000003 -2.2352440000000002 3.9999960000000008
vertex 23.368312000000003 -2.2352440000000002 0.8001620000000002
endloop
endfacet
facet normal -0.9700473757666925 0.2429158059249191 0
outer loop
vertex 23.368312000000003 -2.2352440000000002 0.8001620000000002
vertex 23.368312000000003 -2.2352440000000002 3.9999960000000008
vertex 23.551869000000003 -1.5022370000000003 3.9999960000000008
endloop
endfacet
facet normal -0.9700473757666925 0.2429158059249191 0
outer loop
vertex 23.368312000000003 -2.2352440000000002 0.8001620000000002
vertex 23.551869000000003 -1.5022370000000003 3.9999960000000008
vertex 23.551869000000003 -1.5022370000000003 0.8001620000000002
endloop
endfacet
facet normal -0.9891368670921682 0.1469974767099426 0
outer loop
vertex 23.551869000000003 -1.5022370000000003 0.8001620000000002
vertex 23.551869000000003 -1.5022370000000003 3.9999960000000008
vertex 23.662980000000005 -0.7545780000000002 3.9999960000000008
endloop
endfacet
facet normal -0.9891368670921682 0.1469974767099426 0
outer loop
vertex 23.551869000000003 -1.5022370000000003 0.8001620000000002
vertex 23.662980000000005 -0.7545780000000002 3.9999960000000008
vertex 23.662980000000005 -0.7545780000000002 0.8001620000000002
endloop
endfacet
facet normal -0.9987975985673838 0.049024046100127124 0
outer loop
vertex 23.662980000000005 -0.7545780000000002 0.8001620000000002
vertex 23.662980000000005 -0.7545780000000002 3.9999960000000008
vertex 23.700017000000006 0 3.9999960000000008
endloop
endfacet
facet normal -0.9987975985673838 0.049024046100127124 0
outer loop
vertex 23.662980000000005 -0.7545780000000002 0.8001620000000002
vertex 23.700017000000006 0 3.9999960000000008
vertex 23.700017000000006 0 0.8001620000000002
endloop
endfacet
facet normal 0 -1 0
outer loop
vertex 0 -24.500179000000006 5.333328000000001
vertex 6.500197000000001 -24.500179000000006 2.9999970000000005
vertex 6.500197000000001 -24.500179000000006 5.999994000000001
endloop
endfacet
facet normal 0 -1 0
outer loop
vertex 0 -24.500179000000006 5.333328000000001
vertex 6.500197000000001 -24.500179000000006 5.999994000000001
vertex 6.500197000000001 -24.500179000000006 6.999993000000002
endloop
endfacet
facet normal 0 -1 0
outer loop
vertex 0 -24.500179000000006 5.333328000000001
vertex 6.500197000000001 -24.500179000000006 6.999993000000002
vertex -6.500197000000001 -24.500179000000006 6.999993000000002
endloop
endfacet
facet normal 0 -1 0
outer loop
vertex 0 -24.500179000000006 5.333328000000001
vertex -6.500197000000001 -24.500179000000006 6.999993000000002
vertex -6.500197000000001 -24.500179000000006 5.999994000000001
endloop
endfacet
facet normal 0 -1 0
outer loop
vertex 0 -24.500179000000006 5.333328000000001
vertex -6.500197000000001 -24.500179000000006 5.999994000000001
vertex -6.500197000000001 -24.500179000000006 2.9999970000000005
endloop
endfacet
facet normal 0 -0.9999999999999999 0
outer loop
vertex 0 -24.500179000000006 5.333328000000001
vertex -6.500197000000001 -24.500179000000006 2.9999970000000005
vertex 6.500197000000001 -24.500179000000006 2.9999970000000005
endloop
endfacet
facet normal 0 0 1
outer loop
vertex -6.500197000000001 -24.500179000000006 2.9999970000000005
vertex -6.500197000000001 -27.999972000000007 2.9999970000000005
vertex 6.500197000000001 -27.999972000000007 2.9999970000000005
endloop
endfacet
facet normal 0 0 1
outer loop
vertex -6.500197000000001 -24.500179000000006 2.9999970000000005
vertex 6.500197000000001 -27.999972000000007 2.9999970000000005
vertex 6.500197000000001 -24.500179000000006 2.9999970000000005
endloop
endfacet
facet normal 1 0 0
outer loop
vertex -6.500197000000001 -24.750077000000005 6.999993000000002
vertex -6.500197000000001 -24.750077000000005 5.999994000000001
vertex -6.500197000000001 -24.500179000000006 5.999994000000001
endloop
endfacet
facet normal 1 0 0
outer loop
vertex -6.500197000000001 -24.750077000000005 6.999993000000002
vertex -6.500197000000001 -24.500179000000006 5.999994000000001
vertex -6.500197000000001 -24.500179000000006 6.999993000000002
endloop
endfacet
facet normal 0.9999999999999999 0 0
outer loop
vertex -6.500197000000001 -25.949913000000006 4.800158000000001
vertex -6.500197000000001 -24.750077000000005 5.999994000000001
vertex -6.500197000000001 -27.999972000000007 5.999994000000001
endloop
endfacet
facet normal 1 0 0
outer loop
vertex -6.500197000000001 -25.949913000000006 4.800158000000001
vertex -6.500197000000001 -27.999972000000007 5.999994000000001
vertex -6.500197000000001 -27.999972000000007 2.9999970000000005
endloop
endfacet
facet normal 1 0 0
outer loop
vertex -6.500197000000001 -25.949913000000006 4.800158000000001
vertex -6.500197000000001 -27.999972000000007 2.9999970000000005
vertex -6.500197000000001 -24.500179000000006 2.9999970000000005
endloop
endfacet
facet normal 1 0 0
outer loop
vertex -6.500197000000001 -25.949913000000006 4.800158000000001
vertex -6.500197000000001 -24.500179000000006 2.9999970000000005
vertex -6.500197000000001 -24.500179000000006 5.999994000000001
endloop
endfacet
facet normal 1 0 0
outer loop
vertex -6.500197000000001 -25.949913000000006 4.800158000000001
vertex -6.500197000000001 -24.500179000000006 5.999994000000001
vertex -6.500197000000001 -24.750077000000005 5.999994000000001
endloop
endfacet
facet normal 0 0 -1
outer loop
vertex 6.500197000000001 -24.500179000000006 6.999993000000002
vertex 6.500197000000001 -24.750077000000005 6.999993000000002
vertex -6.500197000000001 -24.750077000000005 6.999993000000002
endloop
endfacet
facet normal 0 0 -1
outer loop
vertex 6.500197000000001 -24.500179000000006 6.999993000000002
vertex -6.500197000000001 -24.750077000000005 6.999993000000002
vertex -6.500197000000001 -24.500179000000006 6.999993000000002
endloop
endfacet
facet normal -1 0 0
outer loop
vertex 6.500197000000001 -24.500179000000006 6.999993000000002
vertex 6.500197000000001 -24.500179000000006 5.999994000000001
vertex 6.500197000000001 -24.750077000000005 5.999994000000001
endloop
endfacet
facet normal -1 0 0
outer loop
vertex 6.500197000000001 -24.500179000000006 6.999993000000002
vertex 6.500197000000001 -24.750077000000005 5.999994000000001
vertex 6.500197000000001 -24.750077000000005 6.999993000000002
endloop
endfacet
facet normal -1 0 0
outer loop
vertex 6.500197000000001 -25.949913000000006 4.800158000000001
vertex 6.500197000000001 -24.750077000000005 5.999994000000001
vertex 6.500197000000001 -24.500179000000006 5.999994000000001
endloop
endfacet
facet normal -1 0 0
outer loop
vertex 6.500197000000001 -25.949913000000006 4.800158000000001
vertex 6.500197000000001 -24.500179000000006 5.999994000000001
vertex 6.500197000000001 -24.500179000000006 2.9999970000000005
endloop
endfacet
facet normal -1 0 0
outer loop
vertex 6.500197000000001 -25.949913000000006 4.800158000000001
vertex 6.500197000000001 -24.500179000000006 2.9999970000000005
vertex 6.500197000000001 -27.999972000000007 2.9999970000000005
endloop
endfacet
facet normal -1 0 0
outer loop
vertex 6.500197000000001 -25.949913000000006 4.800158000000001
vertex 6.500197000000001 -27.999972000000007 2.9999970000000005
vertex 6.500197000000001 -27.999972000000007 5.999994000000001
endloop
endfacet
facet normal -0.9999999999999999 0 0
outer loop
vertex 6.500197000000001 -25.949913000000006 4.800158000000001
vertex 6.500197000000001 -27.999972000000007 5.999994000000001
vertex 6.500197000000001 -24.750077000000005 5.999994000000001
endloop
endfacet
facet normal 0 -1 0
outer loop
vertex 6.500197000000001 -27.999972000000007 5.999994000000001
vertex 6.500197000000001 -27.999972000000007 2.9999970000000005
vertex 18.999981000000005 -27.999972000000007 2.9999970000000005
endloop
endfacet
facet normal 0 -1 0
outer loop
vertex 6.500197000000001 -27.999972000000007 5.999994000000001
vertex 18.999981000000005 -27.999972000000007 2.9999970000000005
vertex 18.999981000000005 -27.999972000000007 5.999994000000001
endloop
endfacet
facet normal 0 -1 0
outer loop
vertex -18.999981000000005 -27.999972000000007 5.999994000000001
vertex -18.999981000000005 -27.999972000000007 2.9999970000000005
vertex -6.500197000000001 -27.999972000000007 2.9999970000000005
endloop
endfacet
facet normal 0 -1 0
outer loop
vertex -18.999981000000005 -27.999972000000007 5.999994000000001
vertex -6.500197000000001 -27.999972000000007 2.9999970000000005
vertex -6.500197000000001 -27.999972000000007 5.999994000000001
endloop
endfacet
facet normal 0 -1 0
outer loop
vertex 0 -27.999972000000007 1.9999980000000004
vertex 6.500197000000001 -27.999972000000007 2.9999970000000005
vertex -6.500197000000001 -27.999972000000007 2.9999970000000005
endloop
endfacet
facet normal 0 -1 0
outer loop
vertex 0 -27.999972000000007 1.9999980000000004
vertex -6.500197000000001 -27.999972000000007 2.9999970000000005
vertex -18.999981000000005 -27.999972000000007 2.9999970000000005
endloop
endfacet
facet normal 0 -1 0
outer loop
vertex 0 -27.999972000000007 1.9999980000000004
vertex -18.999981000000005 -27.999972000000007 2.9999970000000005
vertex -18.999981000000005 -27.999972000000007 0
endloop
endfacet
facet normal 0 -1 0
outer loop
vertex 0 -27.999972000000007 1.9999980000000004
vertex -18.999981000000005 -27.999972000000007 0
vertex 18.999981000000005 -27.999972000000007 0
endloop
endfacet
facet normal 0 -1 0
outer loop
vertex 0 -27.999972000000007 1.9999980000000004
vertex 18.999981000000005 -27.999972000000007 0
vertex 18.999981000000005 -27.999972000000007 2.9999970000000005
endloop
endfacet
facet normal 0 -1 0
outer loop
vertex 0 -27.999972000000007 1.9999980000000004
vertex 18.999981000000005 -27.999972000000007 2.9999970000000005
vertex 6.500197000000001 -27.999972000000007 2.9999970000000005
endloop
endfacet
facet normal 0 -1 0
outer loop
vertex 0 -24.750077000000005 7.333326000000001
vertex -18.999981000000005 -24.750077000000005 7.9999920000000015
vertex -18.999981000000005 -24.750077000000005 6.999993000000002
endloop
endfacet
facet normal 0 -1 0
outer loop
vertex 0 -24.750077000000005 7.333326000000001
vertex -18.999981000000005 -24.750077000000005 6.999993000000002
vertex -6.500197000000001 -24.750077000000005 6.999993000000002
endloop
endfacet
facet normal 0 -1 0
outer loop
vertex 0 -24.750077000000005 7.333326000000001
vertex -6.500197000000001 -24.750077000000005 6.999993000000002
vertex 6.500197000000001 -24.750077000000005 6.999993000000002
endloop
endfacet
facet normal 0 -1 0
outer loop
vertex 0 -24.750077000000005 7.333326000000001
vertex 6.500197000000001 -24.750077000000005 6.999993000000002
vertex 18.999981000000005 -24.750077000000005 6.999993000000002
endloop
endfacet
facet normal 0 -1 0
outer loop
vertex 0 -24.750077000000005 7.333326000000001
vertex 18.999981000000005 -24.750077000000005 6.999993000000002
vertex 18.999981000000005 -24.750077000000005 7.9999920000000015
endloop
endfacet
facet normal 0 -1 0
outer loop
vertex 0 -24.750077000000005 7.333326000000001
vertex 18.999981000000005 -24.750077000000005 7.9999920000000015
vertex -18.999981000000005 -24.750077000000005 7.9999920000000015
endloop
endfacet
facet normal 0 -1 0
outer loop
vertex 6.500197000000001 -24.750077000000005 6.999993000000002
vertex 6.500197000000001 -24.750077000000005 5.999994000000001
vertex 18.999981000000005 -24.750077000000005 5.999994000000001
endloop
endfacet
facet normal 0 -1 0
outer loop
vertex 6.500197000000001 -24.750077000000005 6.999993000000002
vertex 18.999981000000005 -24.750077000000005 5.999994000000001
vertex 18.999981000000005 -24.750077000000005 6.999993000000002
endloop
endfacet
facet normal 0 -1 0
outer loop
vertex -18.999981000000005 -24.750077000000005 6.999993000000002
vertex -18.999981000000005 -24.750077000000005 5.999994000000001
vertex -6.500197000000001 -24.750077000000005 5.999994000000001
endloop
endfacet
facet normal 0 -1 0
outer loop
vertex -18.999981000000005 -24.750077000000005 6.999993000000002
vertex -6.500197000000001 -24.750077000000005 5.999994000000001
vertex -6.500197000000001 -24.750077000000005 6.999993000000002
endloop
endfacet
endsolid JSCAD
